hub_id,package_id,arrival_at,departure_at,dwell_hours
HUB_BDG,PKG-00000,2026-09-13 10:00:00,2026-09-13 14:32:24,4.54
HUB_BDG,PKG-00001,2026-09-21 14:01:00,2026-09-21 17:16:36,3.26
HUB_BDG,PKG-00002,2026-09-25 04:02:00,2026-09-25 08:21:48,4.33
HUB_BDG,PKG-00003,2026-09-08 09:03:00,2026-09-08 12:36:36,3.56
HUB_BDG,PKG-00004,2026-09-13 18:04:00,2026-09-13 21:41:48,3.63
HUB_BDG,PKG-00005,2026-09-20 16:05:00,2026-09-20 19:33:48,3.48
HUB_BDG,PKG-00006,2026-09-08 12:06:00,2026-09-08 15:34:12,3.47
HUB_BDG,PKG-00007,2026-09-18 16:07:00,2026-09-18 20:48:24,4.69
HUB_BDG,PKG-00008,2026-09-16 02:08:00,2026-09-16 05:26:36,3.31
HUB_BDG,PKG-00009,2026-09-10 21:09:00,2026-09-11 01:43:12,4.57
HUB_BDG,PKG-00010,2026-09-05 08:10:00,2026-09-05 12:48:24,4.64
HUB_BDG,PKG-00011,2026-09-16 11:11:00,2026-09-16 14:50:36,3.66
HUB_BDG,PKG-00012,2026-09-02 22:12:00,2026-09-03 02:28:12,4.27
HUB_BDG,PKG-00013,2026-09-17 20:13:00,2026-09-18 00:29:12,4.27
HUB_BDG,PKG-00014,2026-09-12 05:14:00,2026-09-12 09:27:12,4.22
HUB_BDG,PKG-00015,2026-09-03 07:15:00,2026-09-03 11:21:36,4.11
HUB_BDG,PKG-00016,2026-09-18 16:16:00,2026-09-18 19:37:36,3.36
HUB_BDG,PKG-00017,2026-09-06 00:17:00,2026-09-06 05:04:24,4.79
HUB_BDG,PKG-00018,2026-09-25 00:18:00,2026-09-25 04:36:36,4.31
HUB_BDG,PKG-00019,2026-09-03 02:19:00,2026-09-03 07:09:24,4.84
HUB_BDG,PKG-00020,2026-09-14 00:20:00,2026-09-14 04:15:48,3.93
HUB_BDG,PKG-00021,2026-09-06 19:21:00,2026-09-07 00:00:00,4.65
HUB_BDG,PKG-00022,2026-09-09 15:22:00,2026-09-09 18:45:24,3.39
HUB_BDG,PKG-00023,2026-09-26 04:23:00,2026-09-26 07:44:36,3.36
HUB_BDG,PKG-00024,2026-09-24 18:24:00,2026-09-24 22:42:36,4.31
HUB_BDG,PKG-00025,2026-09-24 14:25:00,2026-09-24 17:35:12,3.17
HUB_BDG,PKG-00026,2026-09-24 09:26:00,2026-09-24 13:08:36,3.71
HUB_BDG,PKG-00027,2026-09-07 01:27:00,2026-09-07 05:06:36,3.66
HUB_BDG,PKG-00028,2026-09-03 19:28:00,2026-09-03 23:13:36,3.76
HUB_BDG,PKG-00029,2026-09-17 11:29:00,2026-09-17 16:15:12,4.77
HUB_BDG,PKG-00030,2026-09-19 20:30:00,2026-09-20 00:58:12,4.47
HUB_BDG,PKG-00031,2026-09-10 08:31:00,2026-09-10 12:49:00,4.3
HUB_BDG,PKG-00032,2026-09-21 10:32:00,2026-09-21 13:50:00,3.3
HUB_BDG,PKG-00033,2026-09-09 21:33:00,2026-09-10 02:04:48,4.53
HUB_BDG,PKG-00034,2026-09-03 07:34:00,2026-09-03 10:44:48,3.18
HUB_BDG,PKG-00035,2026-09-14 09:35:00,2026-09-14 13:00:12,3.42
HUB_BDG,PKG-00036,2026-09-22 16:36:00,2026-09-22 19:55:48,3.33
HUB_BDG,PKG-00037,2026-09-03 01:37:00,2026-09-03 05:58:36,4.36
HUB_BDG,PKG-00038,2026-09-02 09:38:00,2026-09-02 13:23:00,3.75
HUB_BDG,PKG-00039,2026-09-16 01:39:00,2026-09-16 05:54:36,4.26
HUB_BDG,PKG-00040,2026-09-09 22:40:00,2026-09-10 02:01:36,3.36
HUB_BDG,PKG-00041,2026-09-18 16:41:00,2026-09-18 20:17:00,3.6
HUB_BDG,PKG-00042,2026-09-04 05:42:00,2026-09-04 09:59:24,4.29
HUB_BDG,PKG-00043,2026-09-13 03:43:00,2026-09-13 07:52:00,4.15
HUB_BDG,PKG-00044,2026-09-07 13:44:00,2026-09-07 16:50:36,3.11
HUB_BDG,PKG-00045,2026-09-11 06:45:00,2026-09-11 10:08:24,3.39
HUB_BDG,PKG-00046,2026-09-07 17:46:00,2026-09-07 22:10:00,4.4
HUB_BDG,PKG-00047,2026-09-14 10:47:00,2026-09-14 15:40:24,4.89
HUB_BDG,PKG-00048,2026-09-03 07:48:00,2026-09-03 11:55:48,4.13
HUB_BDG,PKG-00049,2026-09-26 04:49:00,2026-09-26 09:00:24,4.19
HUB_BDG,PKG-00050,2026-09-13 23:50:00,2026-09-14 03:44:36,3.91
HUB_BDG,PKG-00051,2026-09-02 17:51:00,2026-09-02 22:16:12,4.42
HUB_BDG,PKG-00052,2026-09-19 14:52:00,2026-09-19 18:36:24,3.74
HUB_BDG,PKG-00053,2026-09-18 09:53:00,2026-09-18 13:08:36,3.26
HUB_BDG,PKG-00054,2026-09-03 00:54:00,2026-09-03 04:10:12,3.27
HUB_BDG,PKG-00055,2026-09-13 05:55:00,2026-09-13 09:23:12,3.47
HUB_BDG,PKG-00056,2026-09-05 12:56:00,2026-09-05 17:07:24,4.19
HUB_BDG,PKG-00057,2026-09-18 09:57:00,2026-09-18 13:24:36,3.46
HUB_BDG,PKG-00058,2026-09-10 07:58:00,2026-09-10 11:40:36,3.71
HUB_BDG,PKG-00059,2026-09-25 02:59:00,2026-09-25 07:30:48,4.53
HUB_BDG,PKG-00060,2026-09-11 18:00:00,2026-09-11 22:49:48,4.83
HUB_BDG,PKG-00061,2026-09-06 14:01:00,2026-09-06 18:12:24,4.19
HUB_BDG,PKG-00062,2026-09-09 15:02:00,2026-09-09 19:14:36,4.21
HUB_BDG,PKG-00063,2026-09-16 23:03:00,2026-09-17 03:19:12,4.27
HUB_BDG,PKG-00064,2026-09-22 09:04:00,2026-09-22 13:22:36,4.31
HUB_BDG,PKG-00065,2026-09-24 09:05:00,2026-09-24 12:05:36,3.01
HUB_BDG,PKG-00066,2026-09-07 14:06:00,2026-09-07 17:31:48,3.43
HUB_BDG,PKG-00067,2026-09-20 08:07:00,2026-09-20 11:10:00,3.05
HUB_BDG,PKG-00068,2026-09-03 06:08:00,2026-09-03 10:00:12,3.87
HUB_BDG,PKG-00069,2026-09-03 06:09:00,2026-09-03 10:55:12,4.77
HUB_BDG,PKG-00070,2026-09-02 00:10:00,2026-09-02 04:31:00,4.35
HUB_BDG,PKG-00071,2026-09-06 06:11:00,2026-09-06 10:20:36,4.16
HUB_BDG,PKG-00072,2026-09-24 06:12:00,2026-09-24 09:22:48,3.18
HUB_BDG,PKG-00073,2026-09-12 21:13:00,2026-09-13 00:23:48,3.18
HUB_BDG,PKG-00074,2026-09-07 00:14:00,2026-09-07 04:29:36,4.26
HUB_BDG,PKG-00075,2026-09-07 10:15:00,2026-09-07 13:16:48,3.03
HUB_BDG,PKG-00076,2026-09-19 20:16:00,2026-09-20 00:07:00,3.85
HUB_BDG,PKG-00077,2026-09-16 22:17:00,2026-09-17 02:44:00,4.45
HUB_BDG,PKG-00078,2026-09-10 13:18:00,2026-09-10 18:06:00,4.8
HUB_BDG,PKG-00079,2026-09-12 13:19:00,2026-09-12 17:31:00,4.2
HUB_BDG,PKG-00080,2026-09-15 02:20:00,2026-09-15 06:27:12,4.12
HUB_BDG,PKG-00081,2026-09-09 12:21:00,2026-09-09 15:26:24,3.09
HUB_BDG,PKG-00082,2026-09-11 23:22:00,2026-09-12 03:47:48,4.43
HUB_BDG,PKG-00083,2026-09-03 10:23:00,2026-09-03 14:48:48,4.43
HUB_BDG,PKG-00084,2026-09-21 00:24:00,2026-09-21 04:25:48,4.03
HUB_BDG,PKG-00085,2026-09-18 05:25:00,2026-09-18 09:24:24,3.99
HUB_BDG,PKG-00086,2026-09-02 00:26:00,2026-09-02 04:25:24,3.99
HUB_BDG,PKG-00087,2026-09-24 16:27:00,2026-09-24 19:40:12,3.22
HUB_BDG,PKG-00088,2026-09-17 03:28:00,2026-09-17 06:43:36,3.26
HUB_BDG,PKG-00089,2026-09-11 23:29:00,2026-09-12 02:58:24,3.49
HUB_BDG,PKG-00090,2026-09-21 03:30:00,2026-09-21 07:31:12,4.02
HUB_BDG,PKG-00091,2026-09-21 06:31:00,2026-09-21 10:48:24,4.29
HUB_BDG,PKG-00092,2026-09-25 19:32:00,2026-09-25 23:56:00,4.4
HUB_BDG,PKG-00093,2026-09-17 00:33:00,2026-09-17 03:39:36,3.11
HUB_BDG,PKG-00094,2026-09-12 11:34:00,2026-09-12 15:07:36,3.56
HUB_BDG,PKG-00095,2026-09-15 05:35:00,2026-09-15 10:11:36,4.61
HUB_BDG,PKG-00096,2026-09-21 05:36:00,2026-09-21 09:53:24,4.29
HUB_BDG,PKG-00097,2026-09-07 03:37:00,2026-09-07 06:56:48,3.33
HUB_BDG,PKG-00098,2026-09-26 06:38:00,2026-09-26 10:37:24,3.99
HUB_BDG,PKG-00099,2026-09-07 22:39:00,2026-09-08 02:11:24,3.54
HUB_BDG,PKG-00100,2026-09-13 15:40:00,2026-09-13 18:45:24,3.09
HUB_BDG,PKG-00101,2026-09-20 05:41:00,2026-09-20 09:42:48,4.03
HUB_BDG,PKG-00102,2026-09-10 11:42:00,2026-09-10 15:01:48,3.33
HUB_BDG,PKG-00103,2026-09-17 22:43:00,2026-09-18 03:40:36,4.96
HUB_BDG,PKG-00104,2026-09-11 20:44:00,2026-09-12 01:23:36,4.66
HUB_BDG,PKG-00105,2026-09-15 01:45:00,2026-09-15 05:18:00,3.55
HUB_BDG,PKG-00106,2026-09-24 15:46:00,2026-09-24 19:52:00,4.1
HUB_BDG,PKG-00107,2026-09-12 11:47:00,2026-09-12 15:50:00,4.05
HUB_BDG,PKG-00108,2026-09-23 23:48:00,2026-09-24 04:35:24,4.79
HUB_BDG,PKG-00109,2026-09-14 20:49:00,2026-09-15 01:42:24,4.89
HUB_BDG,PKG-00110,2026-09-17 11:50:00,2026-09-17 15:07:24,3.29
HUB_BDG,PKG-00111,2026-09-23 10:51:00,2026-09-23 15:26:24,4.59
HUB_BDG,PKG-00112,2026-09-03 02:52:00,2026-09-03 07:26:12,4.57
HUB_BDG,PKG-00113,2026-09-19 01:53:00,2026-09-19 05:59:00,4.1
HUB_BDG,PKG-00114,2026-09-15 10:54:00,2026-09-15 15:47:24,4.89
HUB_BDG,PKG-00115,2026-09-05 15:55:00,2026-09-05 20:31:36,4.61
HUB_BDG,PKG-00116,2026-09-18 11:56:00,2026-09-18 15:24:12,3.47
HUB_BDG,PKG-00117,2026-09-20 01:57:00,2026-09-20 06:33:00,4.6
HUB_BDG,PKG-00118,2026-09-18 00:58:00,2026-09-18 04:29:12,3.52
HUB_BDG,PKG-00119,2026-09-23 06:59:00,2026-09-23 11:07:24,4.14
HUB_BDG,PKG-00120,2026-09-09 09:00:00,2026-09-09 13:28:12,4.47
HUB_BDG,PKG-00121,2026-09-08 19:01:00,2026-09-08 23:55:36,4.91
HUB_BDG,PKG-00122,2026-09-04 05:02:00,2026-09-04 08:18:12,3.27
HUB_BDG,PKG-00123,2026-09-15 15:03:00,2026-09-15 19:53:24,4.84
HUB_BDG,PKG-00124,2026-09-04 11:04:00,2026-09-04 14:47:48,3.73
HUB_BDG,PKG-00125,2026-09-10 16:05:00,2026-09-10 20:45:48,4.68
HUB_BDG,PKG-00126,2026-09-08 15:06:00,2026-09-08 19:16:12,4.17
HUB_BDG,PKG-00127,2026-09-12 16:07:00,2026-09-12 20:06:24,3.99
HUB_BDG,PKG-00128,2026-09-05 20:08:00,2026-09-06 00:08:00,4.0
HUB_BDG,PKG-00129,2026-09-22 11:09:00,2026-09-22 15:13:12,4.07
HUB_BDG,PKG-00130,2026-09-19 04:10:00,2026-09-19 07:41:48,3.53
HUB_BDG,PKG-00131,2026-09-23 14:11:00,2026-09-23 18:59:36,4.81
HUB_BDG,PKG-00132,2026-09-21 12:12:00,2026-09-21 16:51:36,4.66
HUB_BDG,PKG-00133,2026-09-13 21:13:00,2026-09-14 01:49:00,4.6
HUB_BDG,PKG-00134,2026-09-11 09:14:00,2026-09-11 12:27:48,3.23
HUB_BDG,PKG-00135,2026-09-09 03:15:00,2026-09-09 07:24:00,4.15
HUB_BDG,PKG-00136,2026-09-07 02:16:00,2026-09-07 05:26:12,3.17
HUB_BDG,PKG-00137,2026-09-19 21:17:00,2026-09-20 01:31:24,4.24
HUB_BDG,PKG-00138,2026-09-01 18:18:00,2026-09-01 21:24:00,3.1
HUB_BDG,PKG-00139,2026-09-04 00:19:00,2026-09-04 04:00:24,3.69
HUB_BDG,PKG-00140,2026-09-06 16:20:00,2026-09-06 20:57:12,4.62
HUB_BDG,PKG-00141,2026-09-19 09:21:00,2026-09-19 14:03:00,4.7
HUB_BDG,PKG-00142,2026-09-12 09:22:00,2026-09-12 14:00:24,4.64
HUB_BDG,PKG-00143,2026-09-13 09:23:00,2026-09-13 13:58:24,4.59
HUB_BDG,PKG-00144,2026-09-22 22:24:00,2026-09-23 01:27:36,3.06
HUB_BDG,PKG-00145,2026-09-13 17:25:00,2026-09-13 21:10:00,3.75
HUB_BDG,PKG-00146,2026-09-11 20:26:00,2026-09-12 00:57:48,4.53
HUB_BDG,PKG-00147,2026-09-13 23:27:00,2026-09-14 02:44:24,3.29
HUB_BDG,PKG-00148,2026-09-23 01:28:00,2026-09-23 06:26:48,4.98
HUB_BDG,PKG-00149,2026-09-05 07:29:00,2026-09-05 11:58:24,4.49
HUB_BDG,PKG-00150,2026-09-09 02:30:00,2026-09-09 07:05:24,4.59
HUB_BDG,PKG-00151,2026-09-10 08:31:00,2026-09-10 11:41:12,3.17
HUB_BDG,PKG-00152,2026-09-23 02:32:00,2026-09-23 06:18:48,3.78
HUB_BDG,PKG-00153,2026-09-05 15:33:00,2026-09-05 20:29:24,4.94
HUB_BDG,PKG-00154,2026-09-04 14:34:00,2026-09-04 17:59:12,3.42
HUB_BDG,PKG-00155,2026-09-24 02:35:00,2026-09-24 05:38:36,3.06
HUB_BDG,PKG-00156,2026-09-01 22:36:00,2026-09-02 02:03:00,3.45
HUB_BDG,PKG-00157,2026-09-21 21:37:00,2026-09-22 02:19:00,4.7
HUB_BDG,PKG-00158,2026-09-16 16:38:00,2026-09-16 21:05:36,4.46
HUB_BDG,PKG-00159,2026-09-01 07:39:00,2026-09-01 12:03:36,4.41
HUB_BDG,PKG-00160,2026-09-25 12:40:00,2026-09-25 16:11:48,3.53
HUB_BDG,PKG-00161,2026-09-17 16:41:00,2026-09-17 19:56:36,3.26
HUB_BDG,PKG-00162,2026-09-05 23:42:00,2026-09-06 03:51:36,4.16
HUB_BDG,PKG-00163,2026-09-20 20:43:00,2026-09-21 01:37:00,4.9
HUB_BDG,PKG-00164,2026-09-02 20:44:00,2026-09-03 01:27:48,4.73
HUB_BDG,PKG-00165,2026-09-24 21:45:00,2026-09-25 01:43:12,3.97
HUB_BDG,PKG-00166,2026-09-17 01:46:00,2026-09-17 05:25:36,3.66
HUB_BDG,PKG-00167,2026-09-25 03:47:00,2026-09-25 07:48:12,4.02
HUB_BDG,PKG-00168,2026-09-25 22:48:00,2026-09-26 02:07:48,3.33
HUB_BDG,PKG-00169,2026-09-10 10:49:00,2026-09-10 15:31:00,4.7
HUB_BDG,PKG-00170,2026-09-15 21:50:00,2026-09-16 01:51:12,4.02
HUB_BDG,PKG-00171,2026-09-18 12:51:00,2026-09-18 17:02:24,4.19
HUB_BDG,PKG-00172,2026-09-07 00:52:00,2026-09-07 04:25:00,3.55
HUB_BDG,PKG-00173,2026-09-15 03:53:00,2026-09-15 08:14:00,4.35
HUB_BDG,PKG-00174,2026-09-08 14:54:00,2026-09-08 18:39:00,3.75
HUB_BDG,PKG-00175,2026-09-20 13:55:00,2026-09-20 17:37:36,3.71
HUB_BDG,PKG-00176,2026-09-08 13:56:00,2026-09-08 18:22:24,4.44
HUB_BDG,PKG-00177,2026-09-23 14:57:00,2026-09-23 19:12:36,4.26
HUB_BDG,PKG-00178,2026-09-15 02:58:00,2026-09-15 06:08:12,3.17
HUB_BDG,PKG-00179,2026-09-14 17:59:00,2026-09-14 21:42:48,3.73
HUB_BDG,PKG-00180,2026-09-02 12:00:00,2026-09-02 15:54:36,3.91
HUB_BDG,PKG-00181,2026-09-20 15:01:00,2026-09-20 19:28:00,4.45
HUB_BDG,PKG-00182,2026-09-19 11:02:00,2026-09-19 14:40:24,3.64
HUB_BDG,PKG-00183,2026-09-02 21:03:00,2026-09-03 00:19:48,3.28
HUB_BDG,PKG-00184,2026-09-17 18:04:00,2026-09-17 22:20:12,4.27
HUB_BDG,PKG-00185,2026-09-07 18:05:00,2026-09-07 22:37:24,4.54
HUB_BDG,PKG-00186,2026-09-08 12:06:00,2026-09-08 16:03:00,3.95
HUB_BDG,PKG-00187,2026-09-22 06:07:00,2026-09-22 09:10:00,3.05
HUB_BDG,PKG-00188,2026-09-15 12:08:00,2026-09-15 16:51:12,4.72
HUB_BDG,PKG-00189,2026-09-04 14:09:00,2026-09-04 18:20:24,4.19
HUB_BDG,PKG-00190,2026-09-05 07:10:00,2026-09-05 11:26:48,4.28
HUB_BDG,PKG-00191,2026-09-09 01:11:00,2026-09-09 04:26:36,3.26
HUB_BDG,PKG-00192,2026-09-20 13:12:00,2026-09-20 17:28:48,4.28
HUB_BDG,PKG-00193,2026-09-06 22:13:00,2026-09-07 01:25:36,3.21
HUB_BDG,PKG-00194,2026-09-22 11:14:00,2026-09-22 15:17:36,4.06
HUB_BDG,PKG-00195,2026-09-19 01:15:00,2026-09-19 05:28:12,4.22
HUB_BDG,PKG-00196,2026-09-10 12:16:00,2026-09-10 15:25:00,3.15
HUB_BDG,PKG-00197,2026-09-07 22:17:00,2026-09-08 01:37:24,3.34
HUB_BDG,PKG-00198,2026-09-05 00:18:00,2026-09-05 04:56:24,4.64
HUB_BDG,PKG-00199,2026-09-04 05:19:00,2026-09-04 09:02:12,3.72
HUB_BDG,PKG-00200,2026-09-24 20:20:00,2026-09-25 00:10:24,3.84
HUB_BDG,PKG-00201,2026-09-07 20:21:00,2026-09-07 23:42:36,3.36
HUB_BDG,PKG-00202,2026-09-20 23:22:00,2026-09-21 03:55:36,4.56
HUB_BDG,PKG-00203,2026-09-07 22:23:00,2026-09-08 01:32:00,3.15
HUB_BDG,PKG-00204,2026-09-15 01:24:00,2026-09-15 05:07:12,3.72
HUB_BDG,PKG-00205,2026-09-15 00:25:00,2026-09-15 03:59:48,3.58
HUB_BDG,PKG-00206,2026-09-21 09:26:00,2026-09-21 14:09:48,4.73
HUB_BDG,PKG-00207,2026-09-13 21:27:00,2026-09-14 00:46:12,3.32
HUB_BDG,PKG-00208,2026-09-20 08:28:00,2026-09-20 11:43:36,3.26
HUB_BDG,PKG-00209,2026-09-18 04:29:00,2026-09-18 09:08:36,4.66
HUB_BDG,PKG-00210,2026-09-26 05:30:00,2026-09-26 08:42:00,3.2
HUB_BDG,PKG-00211,2026-09-07 05:31:00,2026-09-07 09:03:24,3.54
HUB_BDG,PKG-00212,2026-09-14 21:32:00,2026-09-15 01:38:36,4.11
HUB_BDG,PKG-00213,2026-09-25 09:33:00,2026-09-25 14:08:24,4.59
HUB_BDG,PKG-00214,2026-09-25 13:34:00,2026-09-25 17:46:00,4.2
HUB_BDG,PKG-00215,2026-09-19 10:35:00,2026-09-19 15:11:36,4.61
HUB_BDG,PKG-00216,2026-09-15 00:36:00,2026-09-15 05:27:00,4.85
HUB_BDG,PKG-00217,2026-09-24 03:37:00,2026-09-24 07:02:48,3.43
HUB_BDG,PKG-00218,2026-09-02 22:38:00,2026-09-03 02:20:00,3.7
HUB_BDG,PKG-00219,2026-09-10 13:39:00,2026-09-10 16:45:36,3.11
HUB_BDG,PKG-00220,2026-09-04 22:40:00,2026-09-05 03:21:24,4.69
HUB_BDG,PKG-00221,2026-09-21 15:41:00,2026-09-21 19:22:24,3.69
HUB_BDG,PKG-00222,2026-09-16 06:42:00,2026-09-16 11:26:24,4.74
HUB_BDG,PKG-00223,2026-09-26 06:43:00,2026-09-26 10:15:24,3.54
HUB_BDG,PKG-00224,2026-09-20 00:44:00,2026-09-20 05:31:24,4.79
HUB_BDG,PKG-00225,2026-09-21 17:45:00,2026-09-21 20:51:00,3.1
HUB_BDG,PKG-00226,2026-09-23 01:46:00,2026-09-23 04:56:48,3.18
HUB_BDG,PKG-00227,2026-09-14 03:47:00,2026-09-14 07:50:00,4.05
HUB_BDG,PKG-00228,2026-09-07 10:48:00,2026-09-07 15:04:48,4.28
HUB_BDG,PKG-00229,2026-09-06 11:49:00,2026-09-06 16:20:48,4.53
HUB_BDG,PKG-00230,2026-09-20 21:50:00,2026-09-21 01:48:12,3.97
HUB_BDG,PKG-00231,2026-09-11 01:51:00,2026-09-11 05:06:00,3.25
HUB_BDG,PKG-00232,2026-09-20 21:52:00,2026-09-21 01:05:12,3.22
HUB_BDG,PKG-00233,2026-09-02 10:53:00,2026-09-02 15:53:00,5.0
HUB_BDG,PKG-00234,2026-09-24 15:54:00,2026-09-24 20:34:12,4.67
HUB_BDG,PKG-00235,2026-09-17 22:55:00,2026-09-18 03:30:24,4.59
HUB_BDG,PKG-00236,2026-09-12 06:56:00,2026-09-12 10:05:00,3.15
HUB_BDG,PKG-00237,2026-09-11 03:57:00,2026-09-11 07:27:00,3.5
HUB_BDG,PKG-00238,2026-09-01 20:58:00,2026-09-02 00:28:36,3.51
HUB_BDG,PKG-00239,2026-09-02 03:59:00,2026-09-02 08:15:48,4.28
HUB_BDG,PKG-00240,2026-09-22 01:00:00,2026-09-22 05:40:48,4.68
HUB_BDG,PKG-00241,2026-09-12 06:01:00,2026-09-12 09:58:36,3.96
HUB_BDG,PKG-00242,2026-09-07 23:02:00,2026-09-08 03:47:00,4.75
HUB_BDG,PKG-00243,2026-09-21 14:03:00,2026-09-21 18:27:00,4.4
HUB_BDG,PKG-00244,2026-09-24 04:04:00,2026-09-24 08:43:36,4.66
HUB_BDG,PKG-00245,2026-09-20 05:05:00,2026-09-20 09:12:48,4.13
HUB_BDG,PKG-00246,2026-09-06 10:06:00,2026-09-06 14:57:36,4.86
HUB_BDG,PKG-00247,2026-09-14 07:07:00,2026-09-14 10:08:48,3.03
HUB_BDG,PKG-00248,2026-09-14 06:08:00,2026-09-14 09:33:12,3.42
HUB_BDG,PKG-00249,2026-09-15 05:09:00,2026-09-15 08:15:00,3.1
HUB_BDG,PKG-00250,2026-09-08 22:10:00,2026-09-09 03:01:00,4.85
HUB_BDG,PKG-00251,2026-09-06 01:11:00,2026-09-06 05:59:36,4.81
HUB_BDG,PKG-00252,2026-09-15 05:12:00,2026-09-15 08:31:48,3.33
HUB_BDG,PKG-00253,2026-09-25 20:13:00,2026-09-25 23:29:12,3.27
HUB_BDG,PKG-00254,2026-09-04 10:14:00,2026-09-04 13:26:36,3.21
HUB_BDG,PKG-00255,2026-09-10 20:15:00,2026-09-11 00:34:12,4.32
HUB_BDG,PKG-00256,2026-09-21 23:16:00,2026-09-22 02:58:36,3.71
HUB_BDG,PKG-00257,2026-09-17 03:17:00,2026-09-17 07:41:36,4.41
HUB_BDG,PKG-00258,2026-09-06 19:18:00,2026-09-06 23:45:36,4.46
HUB_BDG,PKG-00259,2026-09-18 04:19:00,2026-09-18 09:02:12,4.72
HUB_BDG,PKG-00260,2026-09-11 03:20:00,2026-09-11 06:42:48,3.38
HUB_BDG,PKG-00261,2026-09-13 06:21:00,2026-09-13 09:25:48,3.08
HUB_BDG,PKG-00262,2026-09-11 10:22:00,2026-09-11 14:48:24,4.44
HUB_BDG,PKG-00263,2026-09-18 11:23:00,2026-09-18 15:07:24,3.74
HUB_BDG,PKG-00264,2026-09-08 05:24:00,2026-09-08 09:33:00,4.15
HUB_BDG,PKG-00265,2026-09-25 12:25:00,2026-09-25 17:14:12,4.82
HUB_BDG,PKG-00266,2026-09-22 03:26:00,2026-09-22 08:03:48,4.63
HUB_BDG,PKG-00267,2026-09-08 05:27:00,2026-09-08 09:42:36,4.26
HUB_BDG,PKG-00268,2026-09-03 09:28:00,2026-09-03 12:32:48,3.08
HUB_BDG,PKG-00269,2026-09-02 04:29:00,2026-09-02 08:05:00,3.6
HUB_BDG,PKG-00270,2026-09-18 09:30:00,2026-09-18 13:19:48,3.83
HUB_BDG,PKG-00271,2026-09-06 02:31:00,2026-09-06 06:30:24,3.99
HUB_BDG,PKG-00272,2026-09-12 09:32:00,2026-09-12 12:41:00,3.15
HUB_BDG,PKG-00273,2026-09-14 22:33:00,2026-09-15 01:36:00,3.05
HUB_BDG,PKG-00274,2026-09-08 01:34:00,2026-09-08 04:54:24,3.34
HUB_BDG,PKG-00275,2026-09-02 17:35:00,2026-09-02 20:36:48,3.03
HUB_BDG,PKG-00276,2026-09-25 12:36:00,2026-09-25 17:03:36,4.46
HUB_BDG,PKG-00277,2026-09-25 00:37:00,2026-09-25 05:08:12,4.52
HUB_BDG,PKG-00278,2026-09-16 17:38:00,2026-09-16 21:15:48,3.63
HUB_BDG,PKG-00279,2026-09-22 04:39:00,2026-09-22 09:24:36,4.76
HUB_BDG,PKG-00280,2026-09-05 19:40:00,2026-09-05 23:34:36,3.91
HUB_BDG,PKG-00281,2026-09-03 16:41:00,2026-09-03 20:50:36,4.16
HUB_BDG,PKG-00282,2026-09-03 19:42:00,2026-09-03 23:10:12,3.47
HUB_BDG,PKG-00283,2026-09-18 23:43:00,2026-09-19 03:41:12,3.97
HUB_BDG,PKG-00284,2026-09-22 15:44:00,2026-09-22 19:52:24,4.14
HUB_BDG,PKG-00285,2026-09-08 13:45:00,2026-09-08 17:34:12,3.82
HUB_BDG,PKG-00286,2026-09-23 15:46:00,2026-09-23 20:37:00,4.85
HUB_BDG,PKG-00287,2026-09-12 16:47:00,2026-09-12 21:11:00,4.4
HUB_BDG,PKG-00288,2026-09-02 15:48:00,2026-09-02 19:14:24,3.44
HUB_BDG,PKG-00289,2026-09-23 01:49:00,2026-09-23 05:45:24,3.94
HUB_BDG,PKG-00290,2026-09-09 10:50:00,2026-09-09 15:06:12,4.27
HUB_BDG,PKG-00291,2026-09-23 16:51:00,2026-09-23 20:49:12,3.97
HUB_BDG,PKG-00292,2026-09-06 01:52:00,2026-09-06 05:05:12,3.22
HUB_BDG,PKG-00293,2026-09-15 03:53:00,2026-09-15 08:10:24,4.29
HUB_BDG,PKG-00294,2026-09-18 00:54:00,2026-09-18 05:50:24,4.94
HUB_BDG,PKG-00295,2026-09-07 11:55:00,2026-09-07 16:28:36,4.56
HUB_BDG,PKG-00296,2026-09-23 21:56:00,2026-09-24 01:41:00,3.75
HUB_BDG,PKG-00297,2026-09-15 10:57:00,2026-09-15 15:40:48,4.73
HUB_BDG,PKG-00298,2026-09-17 10:58:00,2026-09-17 15:28:36,4.51
HUB_BDG,PKG-00299,2026-09-22 17:59:00,2026-09-22 22:21:12,4.37
HUB_DPS,PKG-00000,2026-09-09 22:00:00,2026-09-10 06:04:12,8.07
HUB_DPS,PKG-00001,2026-09-17 12:01:00,2026-09-17 22:47:48,10.78
HUB_DPS,PKG-00002,2026-09-12 02:02:00,2026-09-12 09:56:36,7.91
HUB_DPS,PKG-00003,2026-09-24 16:03:00,2026-09-25 00:37:12,8.57
HUB_DPS,PKG-00004,2026-09-12 06:04:00,2026-09-12 15:53:12,9.82
HUB_DPS,PKG-00005,2026-09-14 04:05:00,2026-09-14 11:25:24,7.34
HUB_DPS,PKG-00006,2026-09-05 06:06:00,2026-09-05 16:59:24,10.89
HUB_DPS,PKG-00007,2026-09-10 12:07:00,2026-09-10 22:20:48,10.23
HUB_DPS,PKG-00008,2026-09-24 01:08:00,2026-09-24 10:47:00,9.65
HUB_DPS,PKG-00009,2026-09-03 13:09:00,2026-09-03 23:42:00,10.55
HUB_DPS,PKG-00010,2026-09-16 22:10:00,2026-09-17 09:06:24,10.94
HUB_DPS,PKG-00011,2026-09-21 11:11:00,2026-09-21 21:58:24,10.79
HUB_DPS,PKG-00012,2026-09-17 02:12:00,2026-09-17 13:06:36,10.91
HUB_DPS,PKG-00013,2026-09-19 07:13:00,2026-09-19 14:37:00,7.4
HUB_DPS,PKG-00014,2026-09-20 17:14:00,2026-09-21 01:11:36,7.96
HUB_DPS,PKG-00015,2026-09-17 06:15:00,2026-09-17 15:03:36,8.81
HUB_DPS,PKG-00016,2026-09-24 09:16:00,2026-09-24 18:34:00,9.3
HUB_DPS,PKG-00017,2026-09-21 04:17:00,2026-09-21 12:33:48,8.28
HUB_DPS,PKG-00018,2026-09-23 07:18:00,2026-09-23 16:31:48,9.23
HUB_DPS,PKG-00019,2026-09-16 21:19:00,2026-09-17 04:58:00,7.65
HUB_DPS,PKG-00020,2026-09-18 14:20:00,2026-09-18 22:39:12,8.32
HUB_DPS,PKG-00021,2026-09-09 17:21:00,2026-09-10 04:00:36,10.66
HUB_DPS,PKG-00022,2026-09-24 19:22:00,2026-09-25 02:37:00,7.25
HUB_DPS,PKG-00023,2026-09-02 04:23:00,2026-09-02 11:34:24,7.19
HUB_DPS,PKG-00024,2026-09-24 16:24:00,2026-09-25 01:07:12,8.72
HUB_DPS,PKG-00025,2026-09-01 21:25:00,2026-09-02 06:05:48,8.68
HUB_DPS,PKG-00026,2026-09-21 01:26:00,2026-09-21 08:42:48,7.28
HUB_DPS,PKG-00027,2026-09-15 03:27:00,2026-09-15 11:21:36,7.91
HUB_DPS,PKG-00028,2026-09-24 01:28:00,2026-09-24 10:48:24,9.34
HUB_DPS,PKG-00029,2026-09-20 23:29:00,2026-09-21 06:34:24,7.09
HUB_DPS,PKG-00030,2026-09-24 06:30:00,2026-09-24 14:37:12,8.12
HUB_DPS,PKG-00031,2026-09-24 12:31:00,2026-09-24 21:46:36,9.26
HUB_DPS,PKG-00032,2026-09-09 12:32:00,2026-09-09 21:44:36,9.21
HUB_DPS,PKG-00033,2026-09-16 21:33:00,2026-09-17 06:39:00,9.1
HUB_DPS,PKG-00034,2026-09-05 02:34:00,2026-09-05 11:40:00,9.1
HUB_DPS,PKG-00035,2026-09-04 05:35:00,2026-09-04 14:51:48,9.28
HUB_DPS,PKG-00036,2026-09-25 21:36:00,2026-09-26 04:46:48,7.18
HUB_DPS,PKG-00037,2026-09-09 08:37:00,2026-09-09 15:55:36,7.31
HUB_DPS,PKG-00038,2026-09-16 21:38:00,2026-09-17 08:17:36,10.66
HUB_DPS,PKG-00039,2026-09-16 15:39:00,2026-09-17 02:24:00,10.75
HUB_DPS,PKG-00040,2026-09-11 08:40:00,2026-09-11 19:10:00,10.5
HUB_DPS,PKG-00041,2026-09-12 05:41:00,2026-09-12 12:54:48,7.23
HUB_DPS,PKG-00042,2026-09-13 13:42:00,2026-09-13 23:59:24,10.29
HUB_DPS,PKG-00043,2026-09-26 01:43:00,2026-09-26 11:40:36,9.96
HUB_DPS,PKG-00044,2026-09-17 21:44:00,2026-09-18 05:35:00,7.85
HUB_DPS,PKG-00045,2026-09-13 04:45:00,2026-09-13 13:27:36,8.71
HUB_DPS,PKG-00046,2026-09-26 03:46:00,2026-09-26 12:05:12,8.32
HUB_DPS,PKG-00047,2026-09-22 23:47:00,2026-09-23 07:40:24,7.89
HUB_DPS,PKG-00048,2026-09-25 02:48:00,2026-09-25 13:17:24,10.49
HUB_DPS,PKG-00049,2026-09-11 07:49:00,2026-09-11 15:59:12,8.17
HUB_DPS,PKG-00050,2026-09-14 18:50:00,2026-09-15 05:09:48,10.33
HUB_DPS,PKG-00051,2026-09-22 15:51:00,2026-09-22 23:10:48,7.33
HUB_DPS,PKG-00052,2026-09-02 18:52:00,2026-09-03 05:42:24,10.84
HUB_DPS,PKG-00053,2026-09-21 05:53:00,2026-09-21 16:48:12,10.92
HUB_DPS,PKG-00054,2026-09-09 23:54:00,2026-09-10 10:07:12,10.22
HUB_DPS,PKG-00055,2026-09-12 22:55:00,2026-09-13 08:47:48,9.88
HUB_DPS,PKG-00056,2026-09-14 21:56:00,2026-09-15 05:53:36,7.96
HUB_DPS,PKG-00057,2026-09-07 09:57:00,2026-09-07 17:01:12,7.07
HUB_DPS,PKG-00058,2026-09-24 12:58:00,2026-09-24 23:29:12,10.52
HUB_DPS,PKG-00059,2026-09-17 06:59:00,2026-09-17 15:50:00,8.85
HUB_DPS,PKG-00060,2026-09-12 22:00:00,2026-09-13 05:42:36,7.71
HUB_DPS,PKG-00061,2026-09-08 17:01:00,2026-09-09 01:14:12,8.22
HUB_DPS,PKG-00062,2026-09-16 23:02:00,2026-09-17 09:27:12,10.42
HUB_DPS,PKG-00063,2026-09-10 20:03:00,2026-09-11 06:06:36,10.06
HUB_DPS,PKG-00064,2026-09-02 16:04:00,2026-09-03 00:31:00,8.45
HUB_DPS,PKG-00065,2026-09-19 13:05:00,2026-09-19 20:18:48,7.23
HUB_DPS,PKG-00066,2026-09-23 23:06:00,2026-09-24 09:39:36,10.56
HUB_DPS,PKG-00067,2026-09-20 23:07:00,2026-09-21 09:42:24,10.59
HUB_DPS,PKG-00068,2026-09-22 05:08:00,2026-09-22 15:00:12,9.87
HUB_DPS,PKG-00069,2026-09-13 19:09:00,2026-09-14 03:43:48,8.58
HUB_DPS,PKG-00070,2026-09-09 20:10:00,2026-09-10 04:12:24,8.04
HUB_DPS,PKG-00071,2026-09-08 14:11:00,2026-09-08 22:03:48,7.88
HUB_DPS,PKG-00072,2026-09-05 13:12:00,2026-09-06 00:11:24,10.99
HUB_DPS,PKG-00073,2026-09-16 18:13:00,2026-09-17 04:00:24,9.79
HUB_DPS,PKG-00074,2026-09-04 03:14:00,2026-09-04 13:22:24,10.14
HUB_DPS,PKG-00075,2026-09-03 09:15:00,2026-09-03 18:58:48,9.73
HUB_DPS,PKG-00076,2026-09-03 21:16:00,2026-09-04 05:55:00,8.65
HUB_DPS,PKG-00077,2026-09-14 01:17:00,2026-09-14 09:22:24,8.09
HUB_DPS,PKG-00078,2026-09-05 23:18:00,2026-09-06 07:34:12,8.27
HUB_DPS,PKG-00079,2026-09-21 13:19:00,2026-09-21 22:13:00,8.9
HUB_DPS,PKG-00080,2026-09-22 01:20:00,2026-09-22 12:05:00,10.75
HUB_DPS,PKG-00081,2026-09-02 08:21:00,2026-09-02 17:18:00,8.95
HUB_DPS,PKG-00082,2026-09-05 11:22:00,2026-09-05 19:07:00,7.75
HUB_DPS,PKG-00083,2026-09-05 12:23:00,2026-09-05 19:48:48,7.43
HUB_DPS,PKG-00084,2026-09-20 22:24:00,2026-09-21 05:36:36,7.21
HUB_DPS,PKG-00085,2026-09-22 15:25:00,2026-09-22 23:10:00,7.75
HUB_DPS,PKG-00086,2026-09-01 13:26:00,2026-09-01 23:08:36,9.71
HUB_DPS,PKG-00087,2026-09-24 23:27:00,2026-09-25 06:31:12,7.07
HUB_DPS,PKG-00088,2026-09-11 22:28:00,2026-09-12 06:55:00,8.45
HUB_DPS,PKG-00089,2026-09-26 04:29:00,2026-09-26 12:53:00,8.4
HUB_DPS,PKG-00090,2026-09-18 12:30:00,2026-09-18 21:12:36,8.71
HUB_DPS,PKG-00091,2026-09-22 17:31:00,2026-09-23 00:40:36,7.16
HUB_DPS,PKG-00092,2026-09-10 10:32:00,2026-09-10 21:07:24,10.59
HUB_DPS,PKG-00093,2026-09-18 11:33:00,2026-09-18 20:53:24,9.34
HUB_DPS,PKG-00094,2026-09-07 15:34:00,2026-09-08 02:29:12,10.92
HUB_DPS,PKG-00095,2026-09-04 07:35:00,2026-09-04 16:24:48,8.83
HUB_DPS,PKG-00096,2026-09-03 16:36:00,2026-09-04 00:11:24,7.59
HUB_DPS,PKG-00097,2026-09-25 23:37:00,2026-09-26 09:31:00,9.9
HUB_DPS,PKG-00098,2026-09-14 01:38:00,2026-09-14 09:30:48,7.88
HUB_DPS,PKG-00099,2026-09-07 17:39:00,2026-09-08 02:23:24,8.74
HUB_DPS,PKG-00100,2026-09-16 13:40:00,2026-09-17 00:19:36,10.66
HUB_DPS,PKG-00101,2026-09-08 14:41:00,2026-09-09 00:56:36,10.26
HUB_DPS,PKG-00102,2026-09-02 03:42:00,2026-09-02 14:22:48,10.68
HUB_DPS,PKG-00103,2026-09-18 22:43:00,2026-09-19 07:40:00,8.95
HUB_DPS,PKG-00104,2026-09-03 23:44:00,2026-09-04 07:21:12,7.62
HUB_DPS,PKG-00105,2026-09-12 03:45:00,2026-09-12 13:13:48,9.48
HUB_DPS,PKG-00106,2026-09-21 17:46:00,2026-09-22 04:30:24,10.74
HUB_DPS,PKG-00107,2026-09-04 03:47:00,2026-09-04 11:32:00,7.75
HUB_DPS,PKG-00108,2026-09-04 00:48:00,2026-09-04 09:24:00,8.6
HUB_DPS,PKG-00109,2026-09-10 20:49:00,2026-09-11 04:37:00,7.8
HUB_DPS,PKG-00110,2026-09-21 15:50:00,2026-09-21 23:02:36,7.21
HUB_DPS,PKG-00111,2026-09-01 08:51:00,2026-09-01 18:10:12,9.32
HUB_DPS,PKG-00112,2026-09-18 12:52:00,2026-09-18 19:53:48,7.03
HUB_DPS,PKG-00113,2026-09-06 11:53:00,2026-09-06 21:10:24,9.29
HUB_DPS,PKG-00114,2026-09-12 06:54:00,2026-09-12 17:14:24,10.34
HUB_DPS,PKG-00115,2026-09-05 13:55:00,2026-09-05 21:31:36,7.61
HUB_DPS,PKG-00116,2026-09-10 17:56:00,2026-09-11 04:05:36,10.16
HUB_DPS,PKG-00117,2026-09-17 09:57:00,2026-09-17 20:32:24,10.59
HUB_DPS,PKG-00118,2026-09-06 06:58:00,2026-09-06 15:20:48,8.38
HUB_DPS,PKG-00119,2026-09-16 11:59:00,2026-09-16 21:24:12,9.42
HUB_DPS,PKG-00120,2026-09-06 08:00:00,2026-09-06 16:46:48,8.78
HUB_DPS,PKG-00121,2026-09-25 04:01:00,2026-09-25 13:32:48,9.53
HUB_DPS,PKG-00122,2026-09-06 01:02:00,2026-09-06 10:33:48,9.53
HUB_DPS,PKG-00123,2026-09-26 01:03:00,2026-09-26 10:19:12,9.27
HUB_DPS,PKG-00124,2026-09-22 01:04:00,2026-09-22 09:55:36,8.86
HUB_DPS,PKG-00125,2026-09-22 08:05:00,2026-09-22 15:55:24,7.84
HUB_DPS,PKG-00126,2026-09-14 21:06:00,2026-09-15 05:43:48,8.63
HUB_DPS,PKG-00127,2026-09-18 20:07:00,2026-09-19 03:42:24,7.59
HUB_DPS,PKG-00128,2026-09-11 18:08:00,2026-09-12 01:20:00,7.2
HUB_DPS,PKG-00129,2026-09-04 20:09:00,2026-09-05 03:25:12,7.27
HUB_DPS,PKG-00130,2026-09-14 03:10:00,2026-09-14 14:09:24,10.99
HUB_DPS,PKG-00131,2026-09-17 17:11:00,2026-09-18 01:54:48,8.73
HUB_DPS,PKG-00132,2026-09-20 20:12:00,2026-09-21 05:11:24,8.99
HUB_DPS,PKG-00133,2026-09-23 15:13:00,2026-09-24 00:08:12,8.92
HUB_DPS,PKG-00134,2026-09-01 21:14:00,2026-09-02 06:00:12,8.77
HUB_DPS,PKG-00135,2026-09-15 00:15:00,2026-09-15 09:16:48,9.03
HUB_DPS,PKG-00136,2026-09-03 12:16:00,2026-09-03 23:05:12,10.82
HUB_DPS,PKG-00137,2026-09-20 10:17:00,2026-09-20 17:33:12,7.27
HUB_DPS,PKG-00138,2026-09-11 16:18:00,2026-09-11 23:44:24,7.44
HUB_DPS,PKG-00139,2026-09-18 07:19:00,2026-09-18 16:45:24,9.44
HUB_DPS,PKG-00140,2026-09-09 05:20:00,2026-09-09 14:09:48,8.83
HUB_DPS,PKG-00141,2026-09-18 14:21:00,2026-09-19 00:39:00,10.3
HUB_DPS,PKG-00142,2026-09-03 14:22:00,2026-09-03 22:59:12,8.62
HUB_DPS,PKG-00143,2026-09-03 22:23:00,2026-09-04 06:11:00,7.8
HUB_DPS,PKG-00144,2026-09-17 21:24:00,2026-09-18 06:45:36,9.36
HUB_DPS,PKG-00145,2026-09-17 07:25:00,2026-09-17 14:31:36,7.11
HUB_DPS,PKG-00146,2026-09-10 17:26:00,2026-09-11 01:25:24,7.99
HUB_DPS,PKG-00147,2026-09-03 02:27:00,2026-09-03 12:53:24,10.44
HUB_DPS,PKG-00148,2026-09-06 21:28:00,2026-09-07 05:58:36,8.51
HUB_DPS,PKG-00149,2026-09-26 01:29:00,2026-09-26 12:26:00,10.95
HUB_DPS,PKG-00150,2026-09-13 16:30:00,2026-09-14 02:40:48,10.18
HUB_DPS,PKG-00151,2026-09-10 01:31:00,2026-09-10 11:53:48,10.38
HUB_DPS,PKG-00152,2026-09-14 19:32:00,2026-09-15 02:53:00,7.35
HUB_DPS,PKG-00153,2026-09-09 13:33:00,2026-09-09 22:57:36,9.41
HUB_DPS,PKG-00154,2026-09-03 22:34:00,2026-09-04 06:30:24,7.94
HUB_DPS,PKG-00155,2026-09-20 21:35:00,2026-09-21 06:20:36,8.76
HUB_DPS,PKG-00156,2026-09-02 14:36:00,2026-09-02 22:15:36,7.66
HUB_DPS,PKG-00157,2026-09-02 10:37:00,2026-09-02 18:56:12,8.32
HUB_DPS,PKG-00158,2026-09-12 20:38:00,2026-09-13 06:56:00,10.3
HUB_DPS,PKG-00159,2026-09-12 11:39:00,2026-09-12 18:40:48,7.03
HUB_DPS,PKG-00160,2026-09-06 19:40:00,2026-09-07 05:12:24,9.54
HUB_DPS,PKG-00161,2026-09-22 16:41:00,2026-09-22 23:48:48,7.13
HUB_DPS,PKG-00162,2026-09-05 19:42:00,2026-09-06 04:39:36,8.96
HUB_DPS,PKG-00163,2026-09-02 07:43:00,2026-09-02 15:50:48,8.13
HUB_DPS,PKG-00164,2026-09-13 02:44:00,2026-09-13 11:38:36,8.91
HUB_DPS,PKG-00165,2026-09-01 14:45:00,2026-09-02 00:07:12,9.37
HUB_DPS,PKG-00166,2026-09-21 04:46:00,2026-09-21 11:52:00,7.1
HUB_DPS,PKG-00167,2026-09-11 00:47:00,2026-09-11 11:08:00,10.35
HUB_DPS,PKG-00168,2026-09-15 12:48:00,2026-09-15 20:25:12,7.62
HUB_DPS,PKG-00169,2026-09-04 17:49:00,2026-09-05 03:53:48,10.08
HUB_DPS,PKG-00170,2026-09-22 23:50:00,2026-09-23 07:08:00,7.3
HUB_DPS,PKG-00171,2026-09-18 04:51:00,2026-09-18 14:22:12,9.52
HUB_DPS,PKG-00172,2026-09-24 10:52:00,2026-09-24 19:34:00,8.7
HUB_DPS,PKG-00173,2026-09-21 14:53:00,2026-09-21 22:03:12,7.17
HUB_DPS,PKG-00174,2026-09-25 21:54:00,2026-09-26 07:11:24,9.29
HUB_DPS,PKG-00175,2026-09-03 23:55:00,2026-09-04 07:35:48,7.68
HUB_DPS,PKG-00176,2026-09-24 14:56:00,2026-09-24 23:32:00,8.6
HUB_DPS,PKG-00177,2026-09-21 14:57:00,2026-09-22 01:33:00,10.6
HUB_DPS,PKG-00178,2026-09-18 19:58:00,2026-09-19 06:04:00,10.1
HUB_DPS,PKG-00179,2026-09-06 03:59:00,2026-09-06 14:51:12,10.87
HUB_DPS,PKG-00180,2026-09-10 15:00:00,2026-09-10 23:25:12,8.42
HUB_DPS,PKG-00181,2026-09-01 13:01:00,2026-09-01 20:39:24,7.64
HUB_DPS,PKG-00182,2026-09-16 00:02:00,2026-09-16 09:58:24,9.94
HUB_DPS,PKG-00183,2026-09-21 19:03:00,2026-09-22 04:46:48,9.73
HUB_DPS,PKG-00184,2026-09-08 16:04:00,2026-09-09 02:18:24,10.24
HUB_DPS,PKG-00185,2026-09-23 18:05:00,2026-09-24 01:07:24,7.04
HUB_DPS,PKG-00186,2026-09-11 21:06:00,2026-09-12 07:02:24,9.94
HUB_DPS,PKG-00187,2026-09-04 04:07:00,2026-09-04 11:26:12,7.32
HUB_DPS,PKG-00188,2026-09-13 05:08:00,2026-09-13 16:00:12,10.87
HUB_DPS,PKG-00189,2026-09-02 12:09:00,2026-09-02 19:33:00,7.4
HUB_DPS,PKG-00190,2026-09-16 05:10:00,2026-09-16 15:21:24,10.19
HUB_DPS,PKG-00191,2026-09-20 00:11:00,2026-09-20 09:47:00,9.6
HUB_DPS,PKG-00192,2026-09-16 11:12:00,2026-09-16 19:31:12,8.32
HUB_DPS,PKG-00193,2026-09-23 06:13:00,2026-09-23 16:59:12,10.77
HUB_DPS,PKG-00194,2026-09-22 09:14:00,2026-09-22 18:34:24,9.34
HUB_DPS,PKG-00195,2026-09-21 03:15:00,2026-09-21 14:14:24,10.99
HUB_DPS,PKG-00196,2026-09-09 18:16:00,2026-09-10 02:16:36,8.01
HUB_DPS,PKG-00197,2026-09-20 06:17:00,2026-09-20 15:11:00,8.9
HUB_DPS,PKG-00198,2026-09-04 03:18:00,2026-09-04 13:45:36,10.46
HUB_DPS,PKG-00199,2026-09-14 01:19:00,2026-09-14 11:10:36,9.86
HUB_JKT,PKG-00000,2026-09-08 07:00:00,2026-09-08 10:33:36,3.56
HUB_JKT,PKG-00001,2026-09-15 21:01:00,2026-09-16 00:02:48,3.03
HUB_JKT,PKG-00002,2026-09-09 22:02:00,2026-09-10 00:20:36,2.31
HUB_JKT,PKG-00003,2026-09-10 18:03:00,2026-09-10 20:21:36,2.31
HUB_JKT,PKG-00004,2026-09-23 08:04:00,2026-09-23 11:11:48,3.13
HUB_JKT,PKG-00005,2026-09-05 11:05:00,2026-09-05 14:48:12,3.72
HUB_JKT,PKG-00006,2026-09-17 17:06:00,2026-09-17 20:42:36,3.61
HUB_JKT,PKG-00007,2026-09-21 22:07:00,2026-09-22 00:46:36,2.66
HUB_JKT,PKG-00008,2026-09-18 19:08:00,2026-09-18 23:02:00,3.9
HUB_JKT,PKG-00009,2026-09-15 12:09:00,2026-09-15 14:13:12,2.07
HUB_JKT,PKG-00010,2026-09-03 16:10:00,2026-09-03 18:32:48,2.38
HUB_JKT,PKG-00011,2026-09-23 05:11:00,2026-09-23 08:31:24,3.34
HUB_JKT,PKG-00012,2026-09-05 03:12:00,2026-09-05 06:15:00,3.05
HUB_JKT,PKG-00013,2026-09-02 14:13:00,2026-09-02 16:34:36,2.36
HUB_JKT,PKG-00014,2026-09-16 12:14:00,2026-09-16 14:58:24,2.74
HUB_JKT,PKG-00015,2026-09-06 14:15:00,2026-09-06 17:45:36,3.51
HUB_JKT,PKG-00016,2026-09-02 21:16:00,2026-09-02 23:35:12,2.32
HUB_JKT,PKG-00017,2026-09-12 20:17:00,2026-09-12 23:35:36,3.31
HUB_JKT,PKG-00018,2026-09-12 20:18:00,2026-09-12 23:42:36,3.41
HUB_JKT,PKG-00019,2026-09-19 02:19:00,2026-09-19 05:49:36,3.51
HUB_JKT,PKG-00020,2026-09-05 03:20:00,2026-09-05 05:32:00,2.2
HUB_JKT,PKG-00021,2026-09-02 14:21:00,2026-09-02 16:43:12,2.37
HUB_JKT,PKG-00022,2026-09-13 15:22:00,2026-09-13 18:19:36,2.96
HUB_JKT,PKG-00023,2026-09-14 00:23:00,2026-09-14 04:11:00,3.8
HUB_JKT,PKG-00024,2026-09-12 02:24:00,2026-09-12 04:51:00,2.45
HUB_JKT,PKG-00025,2026-09-13 03:25:00,2026-09-13 06:26:48,3.03
HUB_JKT,PKG-00026,2026-09-14 14:26:00,2026-09-14 18:08:36,3.71
HUB_JKT,PKG-00027,2026-09-15 15:27:00,2026-09-15 19:25:48,3.98
HUB_JKT,PKG-00028,2026-09-09 22:28:00,2026-09-10 01:12:24,2.74
HUB_JKT,PKG-00029,2026-09-18 04:29:00,2026-09-18 07:56:00,3.45
HUB_JKT,PKG-00030,2026-09-20 19:30:00,2026-09-20 21:40:12,2.17
HUB_JKT,PKG-00031,2026-09-06 23:31:00,2026-09-07 02:19:00,2.8
HUB_JKT,PKG-00032,2026-09-05 09:32:00,2026-09-05 11:39:48,2.13
HUB_JKT,PKG-00033,2026-09-22 00:33:00,2026-09-22 04:24:36,3.86
HUB_JKT,PKG-00034,2026-09-15 16:34:00,2026-09-15 18:52:36,2.31
HUB_JKT,PKG-00035,2026-09-22 15:35:00,2026-09-22 17:44:00,2.15
HUB_JKT,PKG-00036,2026-09-16 21:36:00,2026-09-17 00:27:36,2.86
HUB_JKT,PKG-00037,2026-09-16 20:37:00,2026-09-16 22:39:24,2.04
HUB_JKT,PKG-00038,2026-09-10 08:38:00,2026-09-10 11:16:24,2.64
HUB_JKT,PKG-00039,2026-09-05 10:39:00,2026-09-05 12:41:24,2.04
HUB_JKT,PKG-00040,2026-09-07 16:40:00,2026-09-07 19:29:48,2.83
HUB_JKT,PKG-00041,2026-09-06 11:41:00,2026-09-06 15:03:12,3.37
HUB_JKT,PKG-00042,2026-09-16 16:42:00,2026-09-16 19:37:48,2.93
HUB_JKT,PKG-00043,2026-09-18 16:43:00,2026-09-18 19:17:48,2.58
HUB_JKT,PKG-00044,2026-09-10 01:44:00,2026-09-10 04:00:48,2.28
HUB_JKT,PKG-00045,2026-09-21 06:45:00,2026-09-21 09:38:24,2.89
HUB_JKT,PKG-00046,2026-09-21 04:46:00,2026-09-21 08:31:00,3.75
HUB_JKT,PKG-00047,2026-09-20 11:47:00,2026-09-20 15:24:12,3.62
HUB_JKT,PKG-00048,2026-09-22 05:48:00,2026-09-22 09:34:12,3.77
HUB_JKT,PKG-00049,2026-09-09 17:49:00,2026-09-09 20:22:00,2.55
HUB_JKT,PKG-00050,2026-09-09 03:50:00,2026-09-09 07:47:36,3.96
HUB_JKT,PKG-00051,2026-09-13 17:51:00,2026-09-13 19:51:36,2.01
HUB_JKT,PKG-00052,2026-09-21 20:52:00,2026-09-22 00:49:00,3.95
HUB_JKT,PKG-00053,2026-09-15 04:53:00,2026-09-15 07:51:48,2.98
HUB_JKT,PKG-00054,2026-09-03 13:54:00,2026-09-03 17:10:48,3.28
HUB_JKT,PKG-00055,2026-09-01 10:55:00,2026-09-01 14:46:36,3.86
HUB_JKT,PKG-00056,2026-09-15 19:56:00,2026-09-15 21:58:24,2.04
HUB_JKT,PKG-00057,2026-09-18 17:57:00,2026-09-18 21:00:36,3.06
HUB_JKT,PKG-00058,2026-09-09 02:58:00,2026-09-09 05:53:48,2.93
HUB_JKT,PKG-00059,2026-09-20 03:59:00,2026-09-20 06:56:00,2.95
HUB_JKT,PKG-00060,2026-09-20 16:00:00,2026-09-20 18:25:12,2.42
HUB_JKT,PKG-00061,2026-09-11 13:01:00,2026-09-11 16:35:12,3.57
HUB_JKT,PKG-00062,2026-09-18 15:02:00,2026-09-18 17:14:36,2.21
HUB_JKT,PKG-00063,2026-09-11 19:03:00,2026-09-11 21:42:36,2.66
HUB_JKT,PKG-00064,2026-09-02 22:04:00,2026-09-03 00:41:12,2.62
HUB_JKT,PKG-00065,2026-09-04 12:05:00,2026-09-04 14:20:36,2.26
HUB_JKT,PKG-00066,2026-09-06 20:06:00,2026-09-06 22:28:48,2.38
HUB_JKT,PKG-00067,2026-09-18 23:07:00,2026-09-19 02:23:48,3.28
HUB_JKT,PKG-00068,2026-09-17 23:08:00,2026-09-18 02:36:48,3.48
HUB_JKT,PKG-00069,2026-09-08 13:09:00,2026-09-08 15:41:24,2.54
HUB_JKT,PKG-00070,2026-09-15 22:10:00,2026-09-16 00:29:12,2.32
HUB_JKT,PKG-00071,2026-09-08 12:11:00,2026-09-08 16:07:24,3.94
HUB_JKT,PKG-00072,2026-09-03 10:12:00,2026-09-03 13:55:48,3.73
HUB_JKT,PKG-00073,2026-09-18 19:13:00,2026-09-18 22:36:24,3.39
HUB_JKT,PKG-00074,2026-09-25 20:14:00,2026-09-25 23:31:24,3.29
HUB_JKT,PKG-00075,2026-09-20 09:15:00,2026-09-20 11:15:36,2.01
HUB_JKT,PKG-00076,2026-09-06 04:16:00,2026-09-06 06:49:00,2.55
HUB_JKT,PKG-00077,2026-09-24 19:17:00,2026-09-24 21:36:12,2.32
HUB_JKT,PKG-00078,2026-09-06 08:18:00,2026-09-06 12:04:48,3.78
HUB_JKT,PKG-00079,2026-09-22 00:19:00,2026-09-22 04:12:24,3.89
HUB_JKT,PKG-00080,2026-09-24 17:20:00,2026-09-24 21:02:00,3.7
HUB_JKT,PKG-00081,2026-09-10 17:21:00,2026-09-10 19:26:24,2.09
HUB_JKT,PKG-00082,2026-09-12 15:22:00,2026-09-12 19:08:12,3.77
HUB_JKT,PKG-00083,2026-09-02 18:23:00,2026-09-02 22:18:48,3.93
HUB_JKT,PKG-00084,2026-09-15 05:24:00,2026-09-15 07:33:36,2.16
HUB_JKT,PKG-00085,2026-09-17 09:25:00,2026-09-17 12:15:24,2.84
HUB_JKT,PKG-00086,2026-09-11 16:26:00,2026-09-11 19:24:48,2.98
HUB_JKT,PKG-00087,2026-09-17 08:27:00,2026-09-17 11:40:12,3.22
HUB_JKT,PKG-00088,2026-09-22 18:28:00,2026-09-22 22:05:12,3.62
HUB_JKT,PKG-00089,2026-09-08 17:29:00,2026-09-08 20:17:00,2.8
HUB_JKT,PKG-00090,2026-09-19 08:30:00,2026-09-19 10:42:00,2.2
HUB_JKT,PKG-00091,2026-09-11 09:31:00,2026-09-11 12:08:48,2.63
HUB_JKT,PKG-00092,2026-09-08 04:32:00,2026-09-08 08:09:48,3.63
HUB_JKT,PKG-00093,2026-09-04 09:33:00,2026-09-04 12:15:36,2.71
HUB_JKT,PKG-00094,2026-09-20 23:34:00,2026-09-21 02:57:24,3.39
HUB_JKT,PKG-00095,2026-09-22 09:35:00,2026-09-22 11:38:00,2.05
HUB_JKT,PKG-00096,2026-09-09 02:36:00,2026-09-09 05:25:12,2.82
HUB_JKT,PKG-00097,2026-09-18 02:37:00,2026-09-18 04:41:12,2.07
HUB_JKT,PKG-00098,2026-09-02 19:38:00,2026-09-02 23:00:12,3.37
HUB_JKT,PKG-00099,2026-09-06 07:39:00,2026-09-06 10:46:48,3.13
HUB_JKT,PKG-00100,2026-09-08 06:40:00,2026-09-08 10:26:48,3.78
HUB_JKT,PKG-00101,2026-09-09 20:41:00,2026-09-09 23:42:12,3.02
HUB_JKT,PKG-00102,2026-09-03 11:42:00,2026-09-03 14:18:00,2.6
HUB_JKT,PKG-00103,2026-09-03 20:43:00,2026-09-03 23:00:24,2.29
HUB_JKT,PKG-00104,2026-09-15 03:44:00,2026-09-15 06:07:24,2.39
HUB_JKT,PKG-00105,2026-09-19 11:45:00,2026-09-19 14:30:36,2.76
HUB_JKT,PKG-00106,2026-09-17 14:46:00,2026-09-17 17:44:12,2.97
HUB_JKT,PKG-00107,2026-09-18 16:47:00,2026-09-18 19:55:24,3.14
HUB_JKT,PKG-00108,2026-09-08 22:48:00,2026-09-09 00:49:12,2.02
HUB_JKT,PKG-00109,2026-09-02 22:49:00,2026-09-03 02:11:48,3.38
HUB_JKT,PKG-00110,2026-09-07 01:50:00,2026-09-07 03:59:00,2.15
HUB_JKT,PKG-00111,2026-09-13 21:51:00,2026-09-14 01:41:24,3.84
HUB_JKT,PKG-00112,2026-09-11 10:52:00,2026-09-11 14:35:48,3.73
HUB_JKT,PKG-00113,2026-09-14 04:53:00,2026-09-14 08:19:24,3.44
HUB_JKT,PKG-00114,2026-09-24 01:54:00,2026-09-24 05:18:36,3.41
HUB_JKT,PKG-00115,2026-09-18 18:55:00,2026-09-18 22:31:36,3.61
HUB_JKT,PKG-00116,2026-09-08 05:56:00,2026-09-08 08:29:00,2.55
HUB_JKT,PKG-00117,2026-09-17 21:57:00,2026-09-18 00:47:24,2.84
HUB_JKT,PKG-00118,2026-09-08 02:58:00,2026-09-08 06:51:24,3.89
HUB_JKT,PKG-00119,2026-09-06 19:59:00,2026-09-06 22:02:00,2.05
HUB_JKT,PKG-00120,2026-09-26 03:00:00,2026-09-26 06:54:36,3.91
HUB_JKT,PKG-00121,2026-09-01 23:01:00,2026-09-02 01:02:48,2.03
HUB_JKT,PKG-00122,2026-09-13 20:02:00,2026-09-13 22:50:00,2.8
HUB_JKT,PKG-00123,2026-09-11 05:03:00,2026-09-11 08:07:48,3.08
HUB_JKT,PKG-00124,2026-09-17 16:04:00,2026-09-17 19:55:36,3.86
HUB_JKT,PKG-00125,2026-09-12 18:05:00,2026-09-12 20:50:00,2.75
HUB_JKT,PKG-00126,2026-09-24 22:06:00,2026-09-25 01:24:00,3.3
HUB_JKT,PKG-00127,2026-09-15 07:07:00,2026-09-15 10:42:24,3.59
HUB_JKT,PKG-00128,2026-09-12 05:08:00,2026-09-12 07:28:24,2.34
HUB_JKT,PKG-00129,2026-09-18 20:09:00,2026-09-18 23:46:48,3.63
HUB_JKT,PKG-00130,2026-09-07 03:10:00,2026-09-07 06:34:36,3.41
HUB_JKT,PKG-00131,2026-09-24 09:11:00,2026-09-24 12:38:36,3.46
HUB_JKT,PKG-00132,2026-09-23 09:12:00,2026-09-23 12:57:00,3.75
HUB_JKT,PKG-00133,2026-09-03 00:13:00,2026-09-03 02:45:24,2.54
HUB_JKT,PKG-00134,2026-09-06 23:14:00,2026-09-07 02:05:36,2.86
HUB_JKT,PKG-00135,2026-09-17 21:15:00,2026-09-18 00:25:48,3.18
HUB_JKT,PKG-00136,2026-09-23 02:16:00,2026-09-23 04:16:00,2.0
HUB_JKT,PKG-00137,2026-09-04 15:17:00,2026-09-04 18:09:12,2.87
HUB_JKT,PKG-00138,2026-09-23 08:18:00,2026-09-23 10:52:12,2.57
HUB_JKT,PKG-00139,2026-09-19 00:19:00,2026-09-19 02:31:00,2.2
HUB_JKT,PKG-00140,2026-09-04 21:20:00,2026-09-05 00:25:24,3.09
HUB_JKT,PKG-00141,2026-09-01 23:21:00,2026-09-02 02:17:24,2.94
HUB_JKT,PKG-00142,2026-09-09 09:22:00,2026-09-09 11:59:12,2.62
HUB_JKT,PKG-00143,2026-09-20 11:23:00,2026-09-20 14:59:36,3.61
HUB_JKT,PKG-00144,2026-09-21 09:24:00,2026-09-21 13:24:00,4.0
HUB_JKT,PKG-00145,2026-09-25 12:25:00,2026-09-25 15:17:48,2.88
HUB_JKT,PKG-00146,2026-09-13 07:26:00,2026-09-13 11:00:12,3.57
HUB_JKT,PKG-00147,2026-09-21 14:27:00,2026-09-21 18:06:00,3.65
HUB_JKT,PKG-00148,2026-09-02 07:28:00,2026-09-02 09:49:36,2.36
HUB_JKT,PKG-00149,2026-09-22 11:29:00,2026-09-22 15:09:48,3.68
HUB_JKT,PKG-00150,2026-09-20 08:30:00,2026-09-20 11:26:24,2.94
HUB_JKT,PKG-00151,2026-09-13 05:31:00,2026-09-13 08:47:48,3.28
HUB_JKT,PKG-00152,2026-09-02 15:32:00,2026-09-02 17:38:36,2.11
HUB_JKT,PKG-00153,2026-09-05 18:33:00,2026-09-05 22:10:12,3.62
HUB_JKT,PKG-00154,2026-09-05 10:34:00,2026-09-05 14:10:36,3.61
HUB_JKT,PKG-00155,2026-09-14 18:35:00,2026-09-14 21:55:24,3.34
HUB_JKT,PKG-00156,2026-09-24 05:36:00,2026-09-24 08:37:48,3.03
HUB_JKT,PKG-00157,2026-09-18 12:37:00,2026-09-18 16:11:48,3.58
HUB_JKT,PKG-00158,2026-09-11 15:38:00,2026-09-11 19:23:00,3.75
HUB_JKT,PKG-00159,2026-09-21 04:39:00,2026-09-21 07:41:24,3.04
HUB_JKT,PKG-00160,2026-09-18 05:40:00,2026-09-18 09:31:36,3.86
HUB_JKT,PKG-00161,2026-09-12 20:41:00,2026-09-12 23:24:12,2.72
HUB_JKT,PKG-00162,2026-09-11 23:42:00,2026-09-12 02:28:12,2.77
HUB_JKT,PKG-00163,2026-09-08 07:43:00,2026-09-08 10:39:24,2.94
HUB_JKT,PKG-00164,2026-09-07 09:44:00,2026-09-07 13:37:24,3.89
HUB_JKT,PKG-00165,2026-09-13 13:45:00,2026-09-13 16:07:12,2.37
HUB_JKT,PKG-00166,2026-09-14 18:46:00,2026-09-14 22:25:36,3.66
HUB_JKT,PKG-00167,2026-09-13 11:47:00,2026-09-13 14:07:24,2.34
HUB_JKT,PKG-00168,2026-09-25 05:48:00,2026-09-25 08:45:36,2.96
HUB_JKT,PKG-00169,2026-09-13 17:49:00,2026-09-13 21:44:48,3.93
HUB_JKT,PKG-00170,2026-09-08 19:50:00,2026-09-08 23:09:48,3.33
HUB_JKT,PKG-00171,2026-09-12 01:51:00,2026-09-12 05:30:00,3.65
HUB_JKT,PKG-00172,2026-09-12 16:52:00,2026-09-12 20:37:36,3.76
HUB_JKT,PKG-00173,2026-09-18 09:53:00,2026-09-18 12:24:48,2.53
HUB_JKT,PKG-00174,2026-09-16 03:54:00,2026-09-16 05:54:36,2.01
HUB_JKT,PKG-00175,2026-09-20 11:55:00,2026-09-20 14:14:12,2.32
HUB_JKT,PKG-00176,2026-09-23 02:56:00,2026-09-23 06:54:12,3.97
HUB_JKT,PKG-00177,2026-09-20 10:57:00,2026-09-20 14:30:36,3.56
HUB_JKT,PKG-00178,2026-09-25 15:58:00,2026-09-25 18:19:00,2.35
HUB_JKT,PKG-00179,2026-09-12 20:59:00,2026-09-13 00:21:12,3.37
HUB_JKT,PKG-00180,2026-09-08 16:00:00,2026-09-08 18:17:24,2.29
HUB_JKT,PKG-00181,2026-09-14 19:01:00,2026-09-14 21:13:36,2.21
HUB_JKT,PKG-00182,2026-09-23 05:02:00,2026-09-23 07:14:36,2.21
HUB_JKT,PKG-00183,2026-09-13 09:03:00,2026-09-13 11:57:00,2.9
HUB_JKT,PKG-00184,2026-09-24 12:04:00,2026-09-24 15:28:00,3.4
HUB_JKT,PKG-00185,2026-09-06 05:05:00,2026-09-06 08:40:24,3.59
HUB_JKT,PKG-00186,2026-09-22 01:06:00,2026-09-22 04:02:24,2.94
HUB_JKT,PKG-00187,2026-09-05 09:07:00,2026-09-05 12:19:00,3.2
HUB_JKT,PKG-00188,2026-09-15 19:08:00,2026-09-15 21:23:00,2.25
HUB_JKT,PKG-00189,2026-09-06 18:09:00,2026-09-06 20:30:00,2.35
HUB_JKT,PKG-00190,2026-09-13 23:10:00,2026-09-14 02:13:36,3.06
HUB_JKT,PKG-00191,2026-09-04 05:11:00,2026-09-04 08:26:00,3.25
HUB_JKT,PKG-00192,2026-09-21 21:12:00,2026-09-21 23:24:00,2.2
HUB_JKT,PKG-00193,2026-09-04 16:13:00,2026-09-04 19:23:12,3.17
HUB_JKT,PKG-00194,2026-09-14 16:14:00,2026-09-14 19:41:00,3.45
HUB_JKT,PKG-00195,2026-09-22 19:15:00,2026-09-22 21:50:24,2.59
HUB_JKT,PKG-00196,2026-09-24 15:16:00,2026-09-24 17:30:24,2.24
HUB_JKT,PKG-00197,2026-09-23 11:17:00,2026-09-23 14:17:36,3.01
HUB_JKT,PKG-00198,2026-09-15 13:18:00,2026-09-15 15:43:48,2.43
HUB_JKT,PKG-00199,2026-09-03 14:19:00,2026-09-03 17:23:12,3.07
HUB_JKT,PKG-00200,2026-09-08 18:20:00,2026-09-08 21:45:48,3.43
HUB_JKT,PKG-00201,2026-09-18 07:21:00,2026-09-18 11:14:24,3.89
HUB_JKT,PKG-00202,2026-09-11 01:22:00,2026-09-11 05:17:12,3.92
HUB_JKT,PKG-00203,2026-09-16 15:23:00,2026-09-16 18:06:48,2.73
HUB_JKT,PKG-00204,2026-09-10 22:24:00,2026-09-11 02:23:24,3.99
HUB_JKT,PKG-00205,2026-09-08 21:25:00,2026-09-09 00:46:36,3.36
HUB_JKT,PKG-00206,2026-09-05 08:26:00,2026-09-05 11:53:00,3.45
HUB_JKT,PKG-00207,2026-09-05 07:27:00,2026-09-05 10:03:00,2.6
HUB_JKT,PKG-00208,2026-09-03 18:28:00,2026-09-03 22:04:00,3.6
HUB_JKT,PKG-00209,2026-09-14 04:29:00,2026-09-14 07:36:48,3.13
HUB_JKT,PKG-00210,2026-09-24 05:30:00,2026-09-24 08:30:36,3.01
HUB_JKT,PKG-00211,2026-09-19 18:31:00,2026-09-19 21:35:12,3.07
HUB_JKT,PKG-00212,2026-09-11 15:32:00,2026-09-11 19:14:36,3.71
HUB_JKT,PKG-00213,2026-09-22 11:33:00,2026-09-22 14:19:12,2.77
HUB_JKT,PKG-00214,2026-09-12 16:34:00,2026-09-12 20:20:12,3.77
HUB_JKT,PKG-00215,2026-09-19 15:35:00,2026-09-19 19:11:36,3.61
HUB_JKT,PKG-00216,2026-09-11 04:36:00,2026-09-11 07:48:00,3.2
HUB_JKT,PKG-00217,2026-09-15 03:37:00,2026-09-15 06:49:36,3.21
HUB_JKT,PKG-00218,2026-09-07 07:38:00,2026-09-07 11:33:48,3.93
HUB_JKT,PKG-00219,2026-09-14 16:39:00,2026-09-14 18:40:48,2.03
HUB_JKT,PKG-00220,2026-09-24 20:40:00,2026-09-24 22:47:48,2.13
HUB_JKT,PKG-00221,2026-09-06 19:41:00,2026-09-06 22:28:24,2.79
HUB_JKT,PKG-00222,2026-09-18 14:42:00,2026-09-18 17:43:48,3.03
HUB_JKT,PKG-00223,2026-09-14 17:43:00,2026-09-14 19:46:36,2.06
HUB_JKT,PKG-00224,2026-09-16 19:44:00,2026-09-16 23:40:24,3.94
HUB_JKT,PKG-00225,2026-09-10 19:45:00,2026-09-10 22:40:12,2.92
HUB_JKT,PKG-00226,2026-09-17 04:46:00,2026-09-17 08:14:12,3.47
HUB_JKT,PKG-00227,2026-09-24 08:47:00,2026-09-24 11:50:00,3.05
HUB_JKT,PKG-00228,2026-09-19 17:48:00,2026-09-19 21:18:00,3.5
HUB_JKT,PKG-00229,2026-09-21 18:49:00,2026-09-21 20:59:12,2.17
HUB_JKT,PKG-00230,2026-09-04 01:50:00,2026-09-04 04:05:00,2.25
HUB_JKT,PKG-00231,2026-09-01 17:51:00,2026-09-01 19:52:12,2.02
HUB_JKT,PKG-00232,2026-09-13 09:52:00,2026-09-13 13:47:12,3.92
HUB_JKT,PKG-00233,2026-09-01 14:53:00,2026-09-01 17:29:36,2.61
HUB_JKT,PKG-00234,2026-09-14 14:54:00,2026-09-14 18:16:12,3.37
HUB_JKT,PKG-00235,2026-09-04 17:55:00,2026-09-04 20:47:12,2.87
HUB_JKT,PKG-00236,2026-09-09 01:56:00,2026-09-09 04:36:12,2.67
HUB_JKT,PKG-00237,2026-09-12 06:57:00,2026-09-12 10:53:24,3.94
HUB_JKT,PKG-00238,2026-09-25 05:58:00,2026-09-25 08:44:48,2.78
HUB_JKT,PKG-00239,2026-09-03 17:59:00,2026-09-03 21:42:12,3.72
HUB_JKT,PKG-00240,2026-09-06 14:00:00,2026-09-06 17:17:24,3.29
HUB_JKT,PKG-00241,2026-09-22 06:01:00,2026-09-22 08:30:24,2.49
HUB_JKT,PKG-00242,2026-09-06 23:02:00,2026-09-07 02:48:48,3.78
HUB_JKT,PKG-00243,2026-09-25 01:03:00,2026-09-25 04:01:48,2.98
HUB_JKT,PKG-00244,2026-09-15 04:04:00,2026-09-15 06:32:12,2.47
HUB_JKT,PKG-00245,2026-09-04 05:05:00,2026-09-04 08:19:24,3.24
HUB_JKT,PKG-00246,2026-09-14 04:06:00,2026-09-14 07:19:12,3.22
HUB_JKT,PKG-00247,2026-09-02 17:07:00,2026-09-02 20:50:48,3.73
HUB_JKT,PKG-00248,2026-09-04 21:08:00,2026-09-05 01:02:00,3.9
HUB_JKT,PKG-00249,2026-09-25 06:09:00,2026-09-25 10:07:48,3.98
HUB_JKT,PKG-00250,2026-09-08 06:10:00,2026-09-08 09:17:12,3.12
HUB_JKT,PKG-00251,2026-09-24 08:11:00,2026-09-24 11:27:48,3.28
HUB_JKT,PKG-00252,2026-09-23 21:12:00,2026-09-23 23:45:00,2.55
HUB_JKT,PKG-00253,2026-09-08 15:13:00,2026-09-08 18:28:36,3.26
HUB_JKT,PKG-00254,2026-09-06 04:14:00,2026-09-06 08:08:00,3.9
HUB_JKT,PKG-00255,2026-09-11 21:15:00,2026-09-12 00:18:00,3.05
HUB_JKT,PKG-00256,2026-09-26 04:16:00,2026-09-26 07:34:36,3.31
HUB_JKT,PKG-00257,2026-09-12 04:17:00,2026-09-12 07:19:24,3.04
HUB_JKT,PKG-00258,2026-09-06 15:18:00,2026-09-06 18:16:12,2.97
HUB_JKT,PKG-00259,2026-09-05 17:19:00,2026-09-05 20:27:24,3.14
HUB_JKT,PKG-00260,2026-09-13 01:20:00,2026-09-13 04:14:36,2.91
HUB_JKT,PKG-00261,2026-09-24 19:21:00,2026-09-24 21:28:12,2.12
HUB_JKT,PKG-00262,2026-09-16 21:22:00,2026-09-17 00:52:36,3.51
HUB_JKT,PKG-00263,2026-09-03 19:23:00,2026-09-03 22:15:12,2.87
HUB_JKT,PKG-00264,2026-09-14 17:24:00,2026-09-14 19:42:36,2.31
HUB_JKT,PKG-00265,2026-09-15 13:25:00,2026-09-15 15:36:24,2.19
HUB_JKT,PKG-00266,2026-09-02 14:26:00,2026-09-02 17:33:48,3.13
HUB_JKT,PKG-00267,2026-09-26 02:27:00,2026-09-26 06:04:12,3.62
HUB_JKT,PKG-00268,2026-09-03 02:28:00,2026-09-03 06:28:00,4.0
HUB_JKT,PKG-00269,2026-09-04 00:29:00,2026-09-04 03:08:00,2.65
HUB_JKT,PKG-00270,2026-09-08 06:30:00,2026-09-08 10:18:00,3.8
HUB_JKT,PKG-00271,2026-09-10 03:31:00,2026-09-10 07:11:12,3.67
HUB_JKT,PKG-00272,2026-09-11 06:32:00,2026-09-11 09:18:12,2.77
HUB_JKT,PKG-00273,2026-09-03 11:33:00,2026-09-03 14:34:48,3.03
HUB_JKT,PKG-00274,2026-09-08 01:34:00,2026-09-08 03:48:24,2.24
HUB_JKT,PKG-00275,2026-09-13 13:35:00,2026-09-13 17:21:12,3.77
HUB_JKT,PKG-00276,2026-09-21 05:36:00,2026-09-21 08:18:00,2.7
HUB_JKT,PKG-00277,2026-09-14 22:37:00,2026-09-15 02:34:36,3.96
HUB_JKT,PKG-00278,2026-09-09 12:38:00,2026-09-09 16:26:36,3.81
HUB_JKT,PKG-00279,2026-09-17 19:39:00,2026-09-17 23:20:24,3.69
HUB_JKT,PKG-00280,2026-09-11 15:40:00,2026-09-11 19:35:48,3.93
HUB_JKT,PKG-00281,2026-09-08 14:41:00,2026-09-08 17:13:24,2.54
HUB_JKT,PKG-00282,2026-09-23 13:42:00,2026-09-23 16:32:24,2.84
HUB_JKT,PKG-00283,2026-09-21 07:43:00,2026-09-21 10:55:36,3.21
HUB_JKT,PKG-00284,2026-09-05 17:44:00,2026-09-05 21:11:00,3.45
HUB_JKT,PKG-00285,2026-09-20 03:45:00,2026-09-20 05:45:00,2.0
HUB_JKT,PKG-00286,2026-09-24 19:46:00,2026-09-24 21:55:36,2.16
HUB_JKT,PKG-00287,2026-09-07 18:47:00,2026-09-07 21:00:48,2.23
HUB_JKT,PKG-00288,2026-09-07 13:48:00,2026-09-07 16:36:36,2.81
HUB_JKT,PKG-00289,2026-09-19 23:49:00,2026-09-20 02:34:36,2.76
HUB_JKT,PKG-00290,2026-09-25 21:50:00,2026-09-26 00:00:48,2.18
HUB_JKT,PKG-00291,2026-09-18 11:51:00,2026-09-18 14:37:48,2.78
HUB_JKT,PKG-00292,2026-09-21 21:52:00,2026-09-22 00:17:12,2.42
HUB_JKT,PKG-00293,2026-09-20 10:53:00,2026-09-20 13:35:00,2.7
HUB_JKT,PKG-00294,2026-09-23 02:54:00,2026-09-23 06:30:00,3.6
HUB_JKT,PKG-00295,2026-09-15 00:55:00,2026-09-15 03:25:36,2.51
HUB_JKT,PKG-00296,2026-09-19 18:56:00,2026-09-19 22:08:00,3.2
HUB_JKT,PKG-00297,2026-09-10 04:57:00,2026-09-10 08:06:00,3.15
HUB_JKT,PKG-00298,2026-09-05 17:58:00,2026-09-05 21:26:48,3.48
HUB_JKT,PKG-00299,2026-09-11 16:59:00,2026-09-11 19:17:00,2.3
HUB_JKT,PKG-00300,2026-09-06 04:00:00,2026-09-06 06:51:00,2.85
HUB_JKT,PKG-00301,2026-09-03 06:01:00,2026-09-03 08:20:48,2.33
HUB_JKT,PKG-00302,2026-09-11 05:02:00,2026-09-11 08:54:12,3.87
HUB_JKT,PKG-00303,2026-09-17 00:03:00,2026-09-17 03:33:36,3.51
HUB_JKT,PKG-00304,2026-09-01 17:04:00,2026-09-01 20:01:36,2.96
HUB_JKT,PKG-00305,2026-09-13 02:05:00,2026-09-13 04:41:00,2.6
HUB_JKT,PKG-00306,2026-09-01 14:06:00,2026-09-01 16:45:00,2.65
HUB_JKT,PKG-00307,2026-09-02 07:07:00,2026-09-02 10:41:48,3.58
HUB_JKT,PKG-00308,2026-09-24 02:08:00,2026-09-24 05:09:12,3.02
HUB_JKT,PKG-00309,2026-09-11 01:09:00,2026-09-11 04:24:00,3.25
HUB_JKT,PKG-00310,2026-09-15 12:10:00,2026-09-15 15:13:00,3.05
HUB_JKT,PKG-00311,2026-09-11 03:11:00,2026-09-11 06:57:12,3.77
HUB_JKT,PKG-00312,2026-09-15 22:12:00,2026-09-16 00:36:36,2.41
HUB_JKT,PKG-00313,2026-09-01 23:13:00,2026-09-02 01:48:24,2.59
HUB_JKT,PKG-00314,2026-09-20 23:14:00,2026-09-21 02:12:12,2.97
HUB_JKT,PKG-00315,2026-09-23 03:15:00,2026-09-23 06:34:12,3.32
HUB_JKT,PKG-00316,2026-09-17 07:16:00,2026-09-17 10:10:36,2.91
HUB_JKT,PKG-00317,2026-09-20 06:17:00,2026-09-20 08:29:36,2.21
HUB_JKT,PKG-00318,2026-09-19 01:18:00,2026-09-19 03:55:48,2.63
HUB_JKT,PKG-00319,2026-09-25 01:19:00,2026-09-25 04:53:48,3.58
HUB_JKT,PKG-00320,2026-09-02 16:20:00,2026-09-02 19:41:00,3.35
HUB_JKT,PKG-00321,2026-09-01 18:21:00,2026-09-01 20:37:12,2.27
HUB_JKT,PKG-00322,2026-09-11 08:22:00,2026-09-11 10:57:24,2.59
HUB_JKT,PKG-00323,2026-09-21 02:23:00,2026-09-21 04:51:12,2.47
HUB_JKT,PKG-00324,2026-09-01 18:24:00,2026-09-01 21:54:00,3.5
HUB_JKT,PKG-00325,2026-09-21 22:25:00,2026-09-22 00:53:48,2.48
HUB_JKT,PKG-00326,2026-09-20 22:26:00,2026-09-21 01:41:00,3.25
HUB_JKT,PKG-00327,2026-09-06 14:27:00,2026-09-06 16:51:36,2.41
HUB_JKT,PKG-00328,2026-09-15 20:28:00,2026-09-15 22:34:00,2.1
HUB_JKT,PKG-00329,2026-09-09 16:29:00,2026-09-09 19:32:00,3.05
HUB_JKT,PKG-00330,2026-09-14 09:30:00,2026-09-14 11:32:24,2.04
HUB_JKT,PKG-00331,2026-09-01 11:31:00,2026-09-01 14:58:36,3.46
HUB_JKT,PKG-00332,2026-09-25 13:32:00,2026-09-25 15:33:12,2.02
HUB_JKT,PKG-00333,2026-09-09 03:33:00,2026-09-09 06:22:12,2.82
HUB_JKT,PKG-00334,2026-09-09 14:34:00,2026-09-09 17:40:36,3.11
HUB_JKT,PKG-00335,2026-09-20 04:35:00,2026-09-20 06:51:12,2.27
HUB_JKT,PKG-00336,2026-09-25 02:36:00,2026-09-25 05:31:48,2.93
HUB_JKT,PKG-00337,2026-09-02 11:37:00,2026-09-02 15:02:48,3.43
HUB_JKT,PKG-00338,2026-09-25 04:38:00,2026-09-25 07:44:00,3.1
HUB_JKT,PKG-00339,2026-09-14 03:39:00,2026-09-14 06:27:00,2.8
HUB_JKT,PKG-00340,2026-09-15 02:40:00,2026-09-15 06:38:12,3.97
HUB_JKT,PKG-00341,2026-09-21 03:41:00,2026-09-21 06:30:12,2.82
HUB_JKT,PKG-00342,2026-09-10 12:42:00,2026-09-10 16:09:36,3.46
HUB_JKT,PKG-00343,2026-09-01 19:43:00,2026-09-01 21:53:12,2.17
HUB_JKT,PKG-00344,2026-09-20 18:44:00,2026-09-20 22:39:48,3.93
HUB_JKT,PKG-00345,2026-09-22 13:45:00,2026-09-22 15:54:00,2.15
HUB_JKT,PKG-00346,2026-09-16 10:46:00,2026-09-16 14:38:12,3.87
HUB_JKT,PKG-00347,2026-09-03 12:47:00,2026-09-03 15:51:48,3.08
HUB_JKT,PKG-00348,2026-09-07 08:48:00,2026-09-07 11:36:00,2.8
HUB_JKT,PKG-00349,2026-09-20 08:49:00,2026-09-20 12:31:00,3.7
HUB_JKT,PKG-00350,2026-09-24 16:50:00,2026-09-24 19:56:00,3.1
HUB_JKT,PKG-00351,2026-09-08 05:51:00,2026-09-08 08:37:12,2.77
HUB_JKT,PKG-00352,2026-09-04 00:52:00,2026-09-04 04:19:00,3.45
HUB_JKT,PKG-00353,2026-09-06 00:53:00,2026-09-06 03:56:36,3.06
HUB_JKT,PKG-00354,2026-09-15 21:54:00,2026-09-16 00:34:12,2.67
HUB_JKT,PKG-00355,2026-09-02 19:55:00,2026-09-02 23:14:12,3.32
HUB_JKT,PKG-00356,2026-09-14 10:56:00,2026-09-14 13:03:12,2.12
HUB_JKT,PKG-00357,2026-09-18 05:57:00,2026-09-18 09:07:48,3.18
HUB_JKT,PKG-00358,2026-09-07 04:58:00,2026-09-07 08:36:24,3.64
HUB_JKT,PKG-00359,2026-09-22 23:59:00,2026-09-23 02:17:00,2.3
HUB_JKT,PKG-00360,2026-09-20 21:00:00,2026-09-21 00:53:24,3.89
HUB_JKT,PKG-00361,2026-09-08 02:01:00,2026-09-08 04:33:24,2.54
HUB_JKT,PKG-00362,2026-09-18 15:02:00,2026-09-18 17:32:36,2.51
HUB_JKT,PKG-00363,2026-09-05 16:03:00,2026-09-05 19:39:36,3.61
HUB_JKT,PKG-00364,2026-09-11 02:04:00,2026-09-11 05:11:48,3.13
HUB_JKT,PKG-00365,2026-09-17 06:05:00,2026-09-17 08:06:12,2.02
HUB_JKT,PKG-00366,2026-09-16 18:06:00,2026-09-16 21:55:48,3.83
HUB_JKT,PKG-00367,2026-09-23 23:07:00,2026-09-24 01:28:00,2.35
HUB_JKT,PKG-00368,2026-09-18 10:08:00,2026-09-18 13:38:36,3.51
HUB_JKT,PKG-00369,2026-09-04 11:09:00,2026-09-04 14:19:48,3.18
HUB_JKT,PKG-00370,2026-09-08 14:10:00,2026-09-08 16:23:12,2.22
HUB_JKT,PKG-00371,2026-09-14 20:11:00,2026-09-14 23:00:12,2.82
HUB_JKT,PKG-00372,2026-09-11 07:12:00,2026-09-11 09:48:36,2.61
HUB_JKT,PKG-00373,2026-09-18 07:13:00,2026-09-18 10:50:48,3.63
HUB_JKT,PKG-00374,2026-09-03 06:14:00,2026-09-03 10:07:24,3.89
HUB_JKT,PKG-00375,2026-09-22 10:15:00,2026-09-22 14:06:36,3.86
HUB_JKT,PKG-00376,2026-09-23 02:16:00,2026-09-23 05:53:48,3.63
HUB_JKT,PKG-00377,2026-09-21 01:17:00,2026-09-21 04:33:12,3.27
HUB_JKT,PKG-00378,2026-09-22 02:18:00,2026-09-22 04:37:12,2.32
HUB_JKT,PKG-00379,2026-09-15 10:19:00,2026-09-15 13:25:36,3.11
HUB_JKT,PKG-00380,2026-09-06 19:20:00,2026-09-06 23:17:00,3.95
HUB_JKT,PKG-00381,2026-09-09 00:21:00,2026-09-09 03:17:24,2.94
HUB_JKT,PKG-00382,2026-09-25 02:22:00,2026-09-25 05:48:24,3.44
HUB_JKT,PKG-00383,2026-09-15 19:23:00,2026-09-15 21:26:00,2.05
HUB_JKT,PKG-00384,2026-09-09 20:24:00,2026-09-09 22:38:24,2.24
HUB_JKT,PKG-00385,2026-09-03 23:25:00,2026-09-04 02:08:12,2.72
HUB_JKT,PKG-00386,2026-09-20 23:26:00,2026-09-21 02:20:36,2.91
HUB_JKT,PKG-00387,2026-09-16 01:27:00,2026-09-16 05:10:12,3.72
HUB_JKT,PKG-00388,2026-09-22 05:28:00,2026-09-22 08:47:12,3.32
HUB_JKT,PKG-00389,2026-09-06 06:29:00,2026-09-06 10:09:48,3.68
HUB_JKT,PKG-00390,2026-09-18 16:30:00,2026-09-18 20:10:48,3.68
HUB_JKT,PKG-00391,2026-09-02 03:31:00,2026-09-02 06:47:48,3.28
HUB_JKT,PKG-00392,2026-09-11 11:32:00,2026-09-11 13:34:24,2.04
HUB_JKT,PKG-00393,2026-09-19 06:33:00,2026-09-19 09:13:12,2.67
HUB_JKT,PKG-00394,2026-09-12 02:34:00,2026-09-12 04:52:36,2.31
HUB_JKT,PKG-00395,2026-09-07 12:35:00,2026-09-07 15:50:00,3.25
HUB_JKT,PKG-00396,2026-09-08 13:36:00,2026-09-08 16:57:00,3.35
HUB_JKT,PKG-00397,2026-09-17 02:37:00,2026-09-17 05:28:36,2.86
HUB_JKT,PKG-00398,2026-09-11 04:38:00,2026-09-11 07:23:36,2.76
HUB_JKT,PKG-00399,2026-09-12 08:39:00,2026-09-12 12:24:36,3.76
HUB_JKT,PKG-00400,2026-09-22 21:40:00,2026-09-23 00:11:48,2.53
HUB_JKT,PKG-00401,2026-09-23 07:41:00,2026-09-23 10:00:12,2.32
HUB_JKT,PKG-00402,2026-09-19 14:42:00,2026-09-19 17:52:12,3.17
HUB_JKT,PKG-00403,2026-09-10 16:43:00,2026-09-10 19:33:24,2.84
HUB_JKT,PKG-00404,2026-09-01 21:44:00,2026-09-02 01:30:48,3.78
HUB_JKT,PKG-00405,2026-09-24 10:45:00,2026-09-24 12:56:24,2.19
HUB_JKT,PKG-00406,2026-09-24 16:46:00,2026-09-24 19:48:24,3.04
HUB_JKT,PKG-00407,2026-09-09 02:47:00,2026-09-09 06:27:48,3.68
HUB_JKT,PKG-00408,2026-09-15 06:48:00,2026-09-15 09:24:00,2.6
HUB_JKT,PKG-00409,2026-09-17 23:49:00,2026-09-18 01:59:48,2.18
HUB_JKT,PKG-00410,2026-09-09 06:50:00,2026-09-09 10:49:24,3.99
HUB_JKT,PKG-00411,2026-09-20 05:51:00,2026-09-20 08:19:12,2.47
HUB_JKT,PKG-00412,2026-09-06 08:52:00,2026-09-06 11:44:12,2.87
HUB_JKT,PKG-00413,2026-09-09 14:53:00,2026-09-09 18:02:00,3.15
HUB_JKT,PKG-00414,2026-09-05 02:54:00,2026-09-05 05:12:00,2.3
HUB_JKT,PKG-00415,2026-09-10 11:55:00,2026-09-10 15:44:48,3.83
HUB_JKT,PKG-00416,2026-09-08 07:56:00,2026-09-08 11:00:48,3.08
HUB_JKT,PKG-00417,2026-09-02 06:57:00,2026-09-02 09:13:12,2.27
HUB_JKT,PKG-00418,2026-09-25 21:58:00,2026-09-26 00:26:12,2.47
HUB_JKT,PKG-00419,2026-09-12 04:59:00,2026-09-12 08:29:00,3.5
HUB_JKT,PKG-00420,2026-09-26 04:00:00,2026-09-26 06:47:24,2.79
HUB_JKT,PKG-00421,2026-09-11 08:01:00,2026-09-11 10:10:36,2.16
HUB_JKT,PKG-00422,2026-09-25 04:02:00,2026-09-25 06:44:36,2.71
HUB_JKT,PKG-00423,2026-09-23 10:03:00,2026-09-23 13:16:48,3.23
HUB_JKT,PKG-00424,2026-09-09 03:04:00,2026-09-09 05:08:48,2.08
HUB_JKT,PKG-00425,2026-09-02 23:05:00,2026-09-03 02:56:00,3.85
HUB_JKT,PKG-00426,2026-09-08 16:06:00,2026-09-08 18:42:00,2.6
HUB_JKT,PKG-00427,2026-09-18 09:07:00,2026-09-18 13:07:00,4.0
HUB_JKT,PKG-00428,2026-09-14 12:08:00,2026-09-14 14:37:24,2.49
HUB_JKT,PKG-00429,2026-09-09 02:09:00,2026-09-09 05:50:24,3.69
HUB_JKT,PKG-00430,2026-09-12 04:10:00,2026-09-12 06:40:36,2.51
HUB_JKT,PKG-00431,2026-09-01 15:11:00,2026-09-01 17:46:24,2.59
HUB_JKT,PKG-00432,2026-09-14 16:12:00,2026-09-14 18:25:48,2.23
HUB_JKT,PKG-00433,2026-09-07 00:13:00,2026-09-07 03:27:24,3.24
HUB_JKT,PKG-00434,2026-09-13 13:14:00,2026-09-13 15:45:12,2.52
HUB_JKT,PKG-00435,2026-09-02 00:15:00,2026-09-02 02:22:48,2.13
HUB_JKT,PKG-00436,2026-09-01 12:16:00,2026-09-01 16:10:00,3.9
HUB_JKT,PKG-00437,2026-09-14 04:17:00,2026-09-14 07:22:24,3.09
HUB_JKT,PKG-00438,2026-09-09 04:18:00,2026-09-09 08:05:24,3.79
HUB_JKT,PKG-00439,2026-09-20 00:19:00,2026-09-20 02:45:24,2.44
HUB_JKT,PKG-00440,2026-09-04 13:20:00,2026-09-04 15:53:00,2.55
HUB_JKT,PKG-00441,2026-09-12 01:21:00,2026-09-12 05:03:00,3.7
HUB_JKT,PKG-00442,2026-09-07 16:22:00,2026-09-07 19:18:24,2.94
HUB_JKT,PKG-00443,2026-09-16 04:23:00,2026-09-16 06:48:12,2.42
HUB_JKT,PKG-00444,2026-09-04 09:24:00,2026-09-04 12:33:36,3.16
HUB_JKT,PKG-00445,2026-09-09 16:25:00,2026-09-09 19:25:00,3.0
HUB_JKT,PKG-00446,2026-09-14 14:26:00,2026-09-14 16:55:24,2.49
HUB_JKT,PKG-00447,2026-09-11 16:27:00,2026-09-11 18:49:48,2.38
HUB_JKT,PKG-00448,2026-09-16 17:28:00,2026-09-16 19:54:24,2.44
HUB_JKT,PKG-00449,2026-09-04 16:29:00,2026-09-04 19:13:24,2.74
HUB_JKT,PKG-00450,2026-09-06 16:30:00,2026-09-06 20:03:00,3.55
HUB_JKT,PKG-00451,2026-09-23 11:31:00,2026-09-23 13:54:24,2.39
HUB_JKT,PKG-00452,2026-09-08 08:32:00,2026-09-08 11:42:48,3.18
HUB_JKT,PKG-00453,2026-09-17 10:33:00,2026-09-17 14:31:12,3.97
HUB_JKT,PKG-00454,2026-09-19 15:34:00,2026-09-19 19:31:00,3.95
HUB_JKT,PKG-00455,2026-09-07 22:35:00,2026-09-08 01:06:12,2.52
HUB_JKT,PKG-00456,2026-09-12 10:36:00,2026-09-12 13:43:48,3.13
HUB_JKT,PKG-00457,2026-09-11 21:37:00,2026-09-12 01:34:00,3.95
HUB_JKT,PKG-00458,2026-09-10 09:38:00,2026-09-10 11:47:00,2.15
HUB_JKT,PKG-00459,2026-09-06 18:39:00,2026-09-06 21:13:48,2.58
HUB_JKT,PKG-00460,2026-09-16 20:40:00,2026-09-16 22:58:36,2.31
HUB_JKT,PKG-00461,2026-09-02 12:41:00,2026-09-02 16:31:24,3.84
HUB_JKT,PKG-00462,2026-09-20 23:42:00,2026-09-21 03:31:12,3.82
HUB_JKT,PKG-00463,2026-09-01 12:43:00,2026-09-01 16:30:24,3.79
HUB_JKT,PKG-00464,2026-09-19 13:44:00,2026-09-19 16:30:48,2.78
HUB_JKT,PKG-00465,2026-09-22 07:45:00,2026-09-22 10:41:24,2.94
HUB_JKT,PKG-00466,2026-09-12 16:46:00,2026-09-12 20:29:48,3.73
HUB_JKT,PKG-00467,2026-09-22 07:47:00,2026-09-22 11:05:36,3.31
HUB_JKT,PKG-00468,2026-09-02 18:48:00,2026-09-02 21:34:48,2.78
HUB_JKT,PKG-00469,2026-09-08 13:49:00,2026-09-08 17:46:00,3.95
HUB_JKT,PKG-00470,2026-09-21 11:50:00,2026-09-21 14:48:48,2.98
HUB_JKT,PKG-00471,2026-09-17 04:51:00,2026-09-17 07:49:12,2.97
HUB_JKT,PKG-00472,2026-09-07 12:52:00,2026-09-07 15:36:24,2.74
HUB_JKT,PKG-00473,2026-09-15 00:53:00,2026-09-15 04:02:00,3.15
HUB_JKT,PKG-00474,2026-09-24 07:54:00,2026-09-24 11:50:24,3.94
HUB_JKT,PKG-00475,2026-09-21 12:55:00,2026-09-21 15:07:00,2.2
HUB_JKT,PKG-00476,2026-09-13 15:56:00,2026-09-13 18:45:12,2.82
HUB_JKT,PKG-00477,2026-09-24 00:57:00,2026-09-24 03:54:36,2.96
HUB_JKT,PKG-00478,2026-09-24 03:58:00,2026-09-24 07:47:12,3.82
HUB_JKT,PKG-00479,2026-09-05 21:59:00,2026-09-06 00:34:24,2.59
HUB_JKT,PKG-00480,2026-09-19 12:00:00,2026-09-19 15:42:00,3.7
HUB_JKT,PKG-00481,2026-09-02 19:01:00,2026-09-02 22:43:00,3.7
HUB_JKT,PKG-00482,2026-09-19 03:02:00,2026-09-19 06:46:24,3.74
HUB_JKT,PKG-00483,2026-09-23 17:03:00,2026-09-23 19:36:00,2.55
HUB_JKT,PKG-00484,2026-09-09 14:04:00,2026-09-09 17:00:24,2.94
HUB_JKT,PKG-00485,2026-09-02 00:05:00,2026-09-02 02:15:12,2.17
HUB_JKT,PKG-00486,2026-09-25 13:06:00,2026-09-25 15:11:24,2.09
HUB_JKT,PKG-00487,2026-09-19 20:07:00,2026-09-19 23:14:48,3.13
HUB_JKT,PKG-00488,2026-09-19 02:08:00,2026-09-19 04:45:48,2.63
HUB_JKT,PKG-00489,2026-09-09 10:09:00,2026-09-09 12:15:36,2.11
HUB_JKT,PKG-00490,2026-09-12 09:10:00,2026-09-12 12:01:36,2.86
HUB_JKT,PKG-00491,2026-09-09 06:11:00,2026-09-09 08:43:24,2.54
HUB_JKT,PKG-00492,2026-09-14 11:12:00,2026-09-14 14:07:48,2.93
HUB_JKT,PKG-00493,2026-09-13 09:13:00,2026-09-13 11:32:48,2.33
HUB_JKT,PKG-00494,2026-09-15 21:14:00,2026-09-16 01:03:12,3.82
HUB_JKT,PKG-00495,2026-09-11 05:15:00,2026-09-11 09:09:36,3.91
HUB_JKT,PKG-00496,2026-09-12 17:16:00,2026-09-12 20:55:36,3.66
HUB_JKT,PKG-00497,2026-09-15 00:17:00,2026-09-15 03:11:00,2.9
HUB_JKT,PKG-00498,2026-09-13 10:18:00,2026-09-13 13:18:36,3.01
HUB_JKT,PKG-00499,2026-09-18 23:19:00,2026-09-19 01:34:36,2.26
HUB_MED,PKG-00000,2026-09-13 10:00:00,2026-09-13 15:01:12,5.02
HUB_MED,PKG-00001,2026-09-15 11:01:00,2026-09-15 16:53:48,5.88
HUB_MED,PKG-00002,2026-09-04 23:02:00,2026-09-05 03:29:00,4.45
HUB_MED,PKG-00003,2026-09-08 22:03:00,2026-09-09 02:22:12,4.32
HUB_MED,PKG-00004,2026-09-13 10:04:00,2026-09-13 14:40:36,4.61
HUB_MED,PKG-00005,2026-09-09 13:05:00,2026-09-09 20:20:36,7.26
HUB_MED,PKG-00006,2026-09-05 11:06:00,2026-09-05 17:48:00,6.7
HUB_MED,PKG-00007,2026-09-22 04:07:00,2026-09-22 11:41:48,7.58
HUB_MED,PKG-00008,2026-09-10 06:08:00,2026-09-10 11:35:00,5.45
HUB_MED,PKG-00009,2026-09-25 22:09:00,2026-09-26 03:37:48,5.48
HUB_MED,PKG-00010,2026-09-08 18:10:00,2026-09-09 02:05:48,7.93
HUB_MED,PKG-00011,2026-09-18 07:11:00,2026-09-18 15:00:48,7.83
HUB_MED,PKG-00012,2026-09-05 14:12:00,2026-09-05 20:30:36,6.31
HUB_MED,PKG-00013,2026-09-11 17:13:00,2026-09-11 22:01:00,4.8
HUB_MED,PKG-00014,2026-09-24 17:14:00,2026-09-24 22:42:12,5.47
HUB_MED,PKG-00015,2026-09-13 12:15:00,2026-09-13 16:30:00,4.25
HUB_MED,PKG-00016,2026-09-15 11:16:00,2026-09-15 18:40:00,7.4
HUB_MED,PKG-00017,2026-09-07 00:17:00,2026-09-07 06:49:24,6.54
HUB_MED,PKG-00018,2026-09-02 14:18:00,2026-09-02 19:45:00,5.45
HUB_MED,PKG-00019,2026-09-25 19:19:00,2026-09-26 01:10:00,5.85
HUB_MED,PKG-00020,2026-09-05 19:20:00,2026-09-06 01:12:48,5.88
HUB_MED,PKG-00021,2026-09-18 00:21:00,2026-09-18 06:52:48,6.53
HUB_MED,PKG-00022,2026-09-11 09:22:00,2026-09-11 15:24:24,6.04
HUB_MED,PKG-00023,2026-09-22 11:23:00,2026-09-22 18:26:00,7.05
HUB_MED,PKG-00024,2026-09-21 01:24:00,2026-09-21 08:39:36,7.26
HUB_MED,PKG-00025,2026-09-04 05:25:00,2026-09-04 11:40:00,6.25
HUB_MED,PKG-00026,2026-09-09 18:26:00,2026-09-10 01:48:48,7.38
HUB_MED,PKG-00027,2026-09-25 08:27:00,2026-09-25 12:51:36,4.41
HUB_MED,PKG-00028,2026-09-22 08:28:00,2026-09-22 12:40:00,4.2
HUB_MED,PKG-00029,2026-09-11 22:29:00,2026-09-12 05:08:36,6.66
HUB_MED,PKG-00030,2026-09-18 08:30:00,2026-09-18 15:27:36,6.96
HUB_MED,PKG-00031,2026-09-24 06:31:00,2026-09-24 13:08:48,6.63
HUB_MED,PKG-00032,2026-09-10 21:32:00,2026-09-11 04:13:24,6.69
HUB_MED,PKG-00033,2026-09-03 09:33:00,2026-09-03 14:10:48,4.63
HUB_MED,PKG-00034,2026-09-03 05:34:00,2026-09-03 12:30:24,6.94
HUB_MED,PKG-00035,2026-09-11 22:35:00,2026-09-12 05:40:24,7.09
HUB_MED,PKG-00036,2026-09-16 08:36:00,2026-09-16 16:01:48,7.43
HUB_MED,PKG-00037,2026-09-08 14:37:00,2026-09-08 21:56:12,7.32
HUB_MED,PKG-00038,2026-09-20 12:38:00,2026-09-20 19:14:36,6.61
HUB_MED,PKG-00039,2026-09-13 17:39:00,2026-09-14 01:01:12,7.37
HUB_MED,PKG-00040,2026-09-19 04:40:00,2026-09-19 09:47:48,5.13
HUB_MED,PKG-00041,2026-09-19 19:41:00,2026-09-20 02:30:48,6.83
HUB_MED,PKG-00042,2026-09-15 19:42:00,2026-09-16 02:31:12,6.82
HUB_MED,PKG-00043,2026-09-15 18:43:00,2026-09-16 02:23:12,7.67
HUB_MED,PKG-00044,2026-09-03 04:44:00,2026-09-03 10:32:36,5.81
HUB_MED,PKG-00045,2026-09-08 02:45:00,2026-09-08 09:57:00,7.2
HUB_MED,PKG-00046,2026-09-16 09:46:00,2026-09-16 15:50:12,6.07
HUB_MED,PKG-00047,2026-09-04 02:47:00,2026-09-04 10:20:36,7.56
HUB_MED,PKG-00048,2026-09-13 16:48:00,2026-09-13 22:11:24,5.39
HUB_MED,PKG-00049,2026-09-03 23:49:00,2026-09-04 07:20:48,7.53
HUB_MED,PKG-00050,2026-09-11 15:50:00,2026-09-11 23:12:12,7.37
HUB_MED,PKG-00051,2026-09-08 00:51:00,2026-09-08 07:55:48,7.08
HUB_MED,PKG-00052,2026-09-09 03:52:00,2026-09-09 11:23:48,7.53
HUB_MED,PKG-00053,2026-09-18 08:53:00,2026-09-18 16:20:00,7.45
HUB_MED,PKG-00054,2026-09-01 13:54:00,2026-09-01 21:42:36,7.81
HUB_MED,PKG-00055,2026-09-04 07:55:00,2026-09-04 13:26:48,5.53
HUB_MED,PKG-00056,2026-09-10 03:56:00,2026-09-10 08:11:36,4.26
HUB_MED,PKG-00057,2026-09-11 13:57:00,2026-09-11 19:24:36,5.46
HUB_MED,PKG-00058,2026-09-08 02:58:00,2026-09-08 08:14:48,5.28
HUB_MED,PKG-00059,2026-09-13 11:59:00,2026-09-13 18:26:36,6.46
HUB_MED,PKG-00060,2026-09-03 21:00:00,2026-09-04 04:52:48,7.88
HUB_MED,PKG-00061,2026-09-25 04:01:00,2026-09-25 11:10:00,7.15
HUB_MED,PKG-00062,2026-09-19 00:02:00,2026-09-19 07:47:00,7.75
HUB_MED,PKG-00063,2026-09-03 03:03:00,2026-09-03 08:09:36,5.11
HUB_MED,PKG-00064,2026-09-09 22:04:00,2026-09-10 05:04:36,7.01
HUB_MED,PKG-00065,2026-09-12 09:05:00,2026-09-12 16:14:00,7.15
HUB_MED,PKG-00066,2026-09-20 08:06:00,2026-09-20 15:11:24,7.09
HUB_MED,PKG-00067,2026-09-09 18:07:00,2026-09-10 00:28:00,6.35
HUB_MED,PKG-00068,2026-09-24 21:08:00,2026-09-25 01:11:00,4.05
HUB_MED,PKG-00069,2026-09-06 02:09:00,2026-09-06 07:12:00,5.05
HUB_MED,PKG-00070,2026-09-01 10:10:00,2026-09-01 16:31:36,6.36
HUB_MED,PKG-00071,2026-09-23 22:11:00,2026-09-24 04:07:24,5.94
HUB_MED,PKG-00072,2026-09-05 02:12:00,2026-09-05 08:43:48,6.53
HUB_MED,PKG-00073,2026-09-01 11:13:00,2026-09-01 17:07:36,5.91
HUB_MED,PKG-00074,2026-09-06 14:14:00,2026-09-06 21:41:00,7.45
HUB_MED,PKG-00075,2026-09-17 08:15:00,2026-09-17 15:42:00,7.45
HUB_MED,PKG-00076,2026-09-21 18:16:00,2026-09-22 01:01:00,6.75
HUB_MED,PKG-00077,2026-09-03 08:17:00,2026-09-03 14:53:00,6.6
HUB_MED,PKG-00078,2026-09-07 00:18:00,2026-09-07 05:15:00,4.95
HUB_MED,PKG-00079,2026-09-05 23:19:00,2026-09-06 05:39:24,6.34
HUB_MED,PKG-00080,2026-09-18 12:20:00,2026-09-18 20:02:00,7.7
HUB_MED,PKG-00081,2026-09-07 02:21:00,2026-09-07 08:38:24,6.29
HUB_MED,PKG-00082,2026-09-14 06:22:00,2026-09-14 13:50:48,7.48
HUB_MED,PKG-00083,2026-09-21 14:23:00,2026-09-21 21:08:00,6.75
HUB_MED,PKG-00084,2026-09-14 00:24:00,2026-09-14 08:08:24,7.74
HUB_MED,PKG-00085,2026-09-08 17:25:00,2026-09-09 00:22:36,6.96
HUB_MED,PKG-00086,2026-09-06 14:26:00,2026-09-06 19:01:24,4.59
HUB_MED,PKG-00087,2026-09-19 05:27:00,2026-09-19 09:52:12,4.42
HUB_MED,PKG-00088,2026-09-05 12:28:00,2026-09-05 17:21:24,4.89
HUB_MED,PKG-00089,2026-09-19 04:29:00,2026-09-19 11:33:48,7.08
HUB_MED,PKG-00090,2026-09-23 18:30:00,2026-09-23 23:04:48,4.58
HUB_MED,PKG-00091,2026-09-16 14:31:00,2026-09-16 19:37:00,5.1
HUB_MED,PKG-00092,2026-09-22 02:32:00,2026-09-22 08:08:36,5.61
HUB_MED,PKG-00093,2026-09-22 01:33:00,2026-09-22 08:46:48,7.23
HUB_MED,PKG-00094,2026-09-13 20:34:00,2026-09-14 02:25:00,5.85
HUB_MED,PKG-00095,2026-09-25 22:35:00,2026-09-26 04:31:24,5.94
HUB_MED,PKG-00096,2026-09-19 11:36:00,2026-09-19 19:24:36,7.81
HUB_MED,PKG-00097,2026-09-11 22:37:00,2026-09-12 04:51:24,6.24
HUB_MED,PKG-00098,2026-09-22 06:38:00,2026-09-22 12:45:12,6.12
HUB_MED,PKG-00099,2026-09-03 10:39:00,2026-09-03 17:37:12,6.97
HUB_MED,PKG-00100,2026-09-23 03:40:00,2026-09-23 10:59:12,7.32
HUB_MED,PKG-00101,2026-09-15 23:41:00,2026-09-16 06:14:36,6.56
HUB_MED,PKG-00102,2026-09-06 00:42:00,2026-09-06 07:02:24,6.34
HUB_MED,PKG-00103,2026-09-13 21:43:00,2026-09-14 02:27:24,4.74
HUB_MED,PKG-00104,2026-09-17 11:44:00,2026-09-17 16:16:24,4.54
HUB_MED,PKG-00105,2026-09-17 14:45:00,2026-09-17 20:14:24,5.49
HUB_MED,PKG-00106,2026-09-25 06:46:00,2026-09-25 13:31:36,6.76
HUB_MED,PKG-00107,2026-09-20 01:47:00,2026-09-20 08:17:00,6.5
HUB_MED,PKG-00108,2026-09-22 01:48:00,2026-09-22 08:34:48,6.78
HUB_MED,PKG-00109,2026-09-22 13:49:00,2026-09-22 21:06:24,7.29
HUB_MED,PKG-00110,2026-09-19 13:50:00,2026-09-19 19:02:00,5.2
HUB_MED,PKG-00111,2026-09-14 03:51:00,2026-09-14 09:48:36,5.96
HUB_MED,PKG-00112,2026-09-23 20:52:00,2026-09-24 04:34:00,7.7
HUB_MED,PKG-00113,2026-09-25 06:53:00,2026-09-25 13:37:24,6.74
HUB_MED,PKG-00114,2026-09-13 08:54:00,2026-09-13 13:37:48,4.73
HUB_MED,PKG-00115,2026-09-14 06:55:00,2026-09-14 13:57:24,7.04
HUB_MED,PKG-00116,2026-09-02 00:56:00,2026-09-02 07:12:12,6.27
HUB_MED,PKG-00117,2026-09-04 15:57:00,2026-09-04 21:49:48,5.88
HUB_MED,PKG-00118,2026-09-23 09:58:00,2026-09-23 14:35:48,4.63
HUB_MED,PKG-00119,2026-09-06 18:59:00,2026-09-07 00:42:48,5.73
HUB_MED,PKG-00120,2026-09-05 06:00:00,2026-09-05 12:06:00,6.1
HUB_MED,PKG-00121,2026-09-13 20:01:00,2026-09-14 02:08:48,6.13
HUB_MED,PKG-00122,2026-09-07 06:02:00,2026-09-07 11:44:36,5.71
HUB_MED,PKG-00123,2026-09-25 18:03:00,2026-09-25 23:00:36,4.96
HUB_MED,PKG-00124,2026-09-14 17:04:00,2026-09-15 00:43:36,7.66
HUB_MED,PKG-00125,2026-09-10 19:05:00,2026-09-10 23:15:48,4.18
HUB_MED,PKG-00126,2026-09-13 01:06:00,2026-09-13 07:27:00,6.35
HUB_MED,PKG-00127,2026-09-20 21:07:00,2026-09-21 03:09:24,6.04
HUB_MED,PKG-00128,2026-09-16 14:08:00,2026-09-16 20:20:00,6.2
HUB_MED,PKG-00129,2026-09-16 22:09:00,2026-09-17 03:27:00,5.3
HUB_MED,PKG-00130,2026-09-17 22:10:00,2026-09-18 04:52:00,6.7
HUB_MED,PKG-00131,2026-09-06 17:11:00,2026-09-06 21:16:24,4.09
HUB_MED,PKG-00132,2026-09-17 22:12:00,2026-09-18 04:28:48,6.28
HUB_MED,PKG-00133,2026-09-19 02:13:00,2026-09-19 08:02:12,5.82
HUB_MED,PKG-00134,2026-09-16 00:14:00,2026-09-16 04:28:24,4.24
HUB_MED,PKG-00135,2026-09-23 02:15:00,2026-09-23 10:10:12,7.92
HUB_MED,PKG-00136,2026-09-17 04:16:00,2026-09-17 10:50:48,6.58
HUB_MED,PKG-00137,2026-09-26 02:17:00,2026-09-26 08:48:12,6.52
HUB_MED,PKG-00138,2026-09-20 17:18:00,2026-09-21 00:22:12,7.07
HUB_MED,PKG-00139,2026-09-12 07:19:00,2026-09-12 15:02:48,7.73
HUB_MED,PKG-00140,2026-09-10 22:20:00,2026-09-11 03:01:24,4.69
HUB_MED,PKG-00141,2026-09-08 22:21:00,2026-09-09 05:18:00,6.95
HUB_MED,PKG-00142,2026-09-23 21:22:00,2026-09-24 04:23:48,7.03
HUB_MED,PKG-00143,2026-09-04 16:23:00,2026-09-04 20:27:12,4.07
HUB_MED,PKG-00144,2026-09-15 06:24:00,2026-09-15 12:24:00,6.0
HUB_MED,PKG-00145,2026-09-06 14:25:00,2026-09-06 19:04:00,4.65
HUB_MED,PKG-00146,2026-09-05 20:26:00,2026-09-06 01:02:36,4.61
HUB_MED,PKG-00147,2026-09-22 05:27:00,2026-09-22 09:54:00,4.45
HUB_MED,PKG-00148,2026-09-04 09:28:00,2026-09-04 16:20:12,6.87
HUB_MED,PKG-00149,2026-09-18 20:29:00,2026-09-19 01:28:24,4.99
HUB_MED,PKG-00150,2026-09-25 04:30:00,2026-09-25 08:59:24,4.49
HUB_MED,PKG-00151,2026-09-23 07:31:00,2026-09-23 13:16:00,5.75
HUB_MED,PKG-00152,2026-09-07 07:32:00,2026-09-07 12:23:36,4.86
HUB_MED,PKG-00153,2026-09-07 22:33:00,2026-09-08 04:25:48,5.88
HUB_MED,PKG-00154,2026-09-23 16:34:00,2026-09-23 23:40:00,7.1
HUB_MED,PKG-00155,2026-09-17 17:35:00,2026-09-17 22:30:48,4.93
HUB_MED,PKG-00156,2026-09-17 17:36:00,2026-09-18 00:54:36,7.31
HUB_MED,PKG-00157,2026-09-17 09:37:00,2026-09-17 15:02:12,5.42
HUB_MED,PKG-00158,2026-09-07 20:38:00,2026-09-08 04:15:12,7.62
HUB_MED,PKG-00159,2026-09-03 19:39:00,2026-09-04 01:27:00,5.8
HUB_MED,PKG-00160,2026-09-03 20:40:00,2026-09-04 01:01:36,4.36
HUB_MED,PKG-00161,2026-09-17 01:41:00,2026-09-17 07:00:12,5.32
HUB_MED,PKG-00162,2026-09-19 04:42:00,2026-09-19 08:42:00,4.0
HUB_MED,PKG-00163,2026-09-01 21:43:00,2026-09-02 02:40:00,4.95
HUB_MED,PKG-00164,2026-09-22 13:44:00,2026-09-22 18:36:48,4.88
HUB_MED,PKG-00165,2026-09-11 02:45:00,2026-09-11 09:38:24,6.89
HUB_MED,PKG-00166,2026-09-16 08:46:00,2026-09-16 16:23:48,7.63
HUB_MED,PKG-00167,2026-09-19 02:47:00,2026-09-19 08:42:12,5.92
HUB_MED,PKG-00168,2026-09-09 21:48:00,2026-09-10 04:27:00,6.65
HUB_MED,PKG-00169,2026-09-22 05:49:00,2026-09-22 12:14:48,6.43
HUB_MED,PKG-00170,2026-09-24 12:50:00,2026-09-24 18:46:24,5.94
HUB_MED,PKG-00171,2026-09-14 17:51:00,2026-09-14 22:13:12,4.37
HUB_MED,PKG-00172,2026-09-02 09:52:00,2026-09-02 16:10:36,6.31
HUB_MED,PKG-00173,2026-09-09 21:53:00,2026-09-10 02:12:12,4.32
HUB_MED,PKG-00174,2026-09-12 01:54:00,2026-09-12 08:06:00,6.2
HUB_MED,PKG-00175,2026-09-22 01:55:00,2026-09-22 07:40:36,5.76
HUB_MED,PKG-00176,2026-09-14 23:56:00,2026-09-15 04:09:12,4.22
HUB_MED,PKG-00177,2026-09-15 16:57:00,2026-09-15 23:31:12,6.57
HUB_MED,PKG-00178,2026-09-04 09:58:00,2026-09-04 16:37:00,6.65
HUB_MED,PKG-00179,2026-09-07 01:59:00,2026-09-07 09:35:00,7.6
HUB_MKS,PKG-00000,2026-09-02 16:00:00,2026-09-03 04:04:48,12.08
HUB_MKS,PKG-00001,2026-09-22 07:01:00,2026-09-22 19:01:00,12.0
HUB_MKS,PKG-00002,2026-09-20 02:02:00,2026-09-20 13:20:36,11.31
HUB_MKS,PKG-00003,2026-09-14 06:03:00,2026-09-14 17:22:12,11.32
HUB_MKS,PKG-00004,2026-09-26 01:04:00,2026-09-26 13:10:00,12.1
HUB_MKS,PKG-00005,2026-09-03 17:05:00,2026-09-04 05:29:36,12.41
HUB_MKS,PKG-00006,2026-09-03 13:06:00,2026-09-04 00:00:00,10.9
HUB_MKS,PKG-00007,2026-09-13 08:07:00,2026-09-13 20:54:24,12.79
HUB_MKS,PKG-00008,2026-09-18 21:08:00,2026-09-19 08:30:12,11.37
HUB_MKS,PKG-00009,2026-09-18 08:09:00,2026-09-18 20:29:24,12.34
HUB_MKS,PKG-00010,2026-09-13 08:10:00,2026-09-13 19:26:12,11.27
HUB_MKS,PKG-00011,2026-09-14 04:11:00,2026-09-14 15:39:12,11.47
HUB_MKS,PKG-00012,2026-09-22 14:12:00,2026-09-23 00:09:36,9.96
HUB_MKS,PKG-00013,2026-09-10 19:13:00,2026-09-11 04:34:00,9.35
HUB_MKS,PKG-00014,2026-09-14 18:14:00,2026-09-15 06:24:12,12.17
HUB_MKS,PKG-00015,2026-09-11 03:15:00,2026-09-11 13:16:48,10.03
HUB_MKS,PKG-00016,2026-09-21 18:16:00,2026-09-22 04:41:48,10.43
HUB_MKS,PKG-00017,2026-09-14 07:17:00,2026-09-14 17:22:24,10.09
HUB_MKS,PKG-00018,2026-09-05 03:18:00,2026-09-05 15:02:24,11.74
HUB_MKS,PKG-00019,2026-09-13 07:19:00,2026-09-13 18:12:24,10.89
HUB_MKS,PKG-00020,2026-09-05 21:20:00,2026-09-06 07:55:24,10.59
HUB_MKS,PKG-00021,2026-09-20 09:21:00,2026-09-20 20:53:24,11.54
HUB_MKS,PKG-00022,2026-09-25 12:22:00,2026-09-25 21:25:36,9.06
HUB_MKS,PKG-00023,2026-09-06 15:23:00,2026-09-07 02:46:24,11.39
HUB_MKS,PKG-00024,2026-09-07 08:24:00,2026-09-07 20:22:48,11.98
HUB_MKS,PKG-00025,2026-09-07 07:25:00,2026-09-07 19:14:12,11.82
HUB_MKS,PKG-00026,2026-09-18 14:26:00,2026-09-19 02:37:24,12.19
HUB_MKS,PKG-00027,2026-09-03 15:27:00,2026-09-04 03:43:48,12.28
HUB_MKS,PKG-00028,2026-09-16 03:28:00,2026-09-16 14:49:00,11.35
HUB_MKS,PKG-00029,2026-09-15 18:29:00,2026-09-16 04:06:48,9.63
HUB_MKS,PKG-00030,2026-09-10 07:30:00,2026-09-10 17:40:12,10.17
HUB_MKS,PKG-00031,2026-09-12 07:31:00,2026-09-12 19:17:12,11.77
HUB_MKS,PKG-00032,2026-09-20 16:32:00,2026-09-21 01:50:00,9.3
HUB_MKS,PKG-00033,2026-09-22 05:33:00,2026-09-22 18:17:24,12.74
HUB_MKS,PKG-00034,2026-09-12 03:34:00,2026-09-12 14:35:48,11.03
HUB_MKS,PKG-00035,2026-09-11 16:35:00,2026-09-12 01:38:00,9.05
HUB_MKS,PKG-00036,2026-09-11 01:36:00,2026-09-11 13:28:48,11.88
HUB_MKS,PKG-00037,2026-09-10 15:37:00,2026-09-11 03:52:00,12.25
HUB_MKS,PKG-00038,2026-09-25 02:38:00,2026-09-25 11:48:12,9.17
HUB_MKS,PKG-00039,2026-09-17 14:39:00,2026-09-18 03:35:24,12.94
HUB_MKS,PKG-00040,2026-09-13 08:40:00,2026-09-13 20:32:12,11.87
HUB_MKS,PKG-00041,2026-09-14 21:41:00,2026-09-15 08:53:00,11.2
HUB_MKS,PKG-00042,2026-09-17 06:42:00,2026-09-17 19:00:00,12.3
HUB_MKS,PKG-00043,2026-09-05 15:43:00,2026-09-06 03:33:24,11.84
HUB_MKS,PKG-00044,2026-09-05 14:44:00,2026-09-06 01:45:12,11.02
HUB_MKS,PKG-00045,2026-09-13 20:45:00,2026-09-14 09:17:24,12.54
HUB_MKS,PKG-00046,2026-09-12 21:46:00,2026-09-13 07:15:24,9.49
HUB_MKS,PKG-00047,2026-09-02 14:47:00,2026-09-03 00:22:24,9.59
HUB_MKS,PKG-00048,2026-09-01 09:48:00,2026-09-01 20:14:24,10.44
HUB_MKS,PKG-00049,2026-09-21 21:49:00,2026-09-22 07:45:24,9.94
HUB_MKS,PKG-00050,2026-09-14 01:50:00,2026-09-14 12:23:36,10.56
HUB_MKS,PKG-00051,2026-09-05 12:51:00,2026-09-05 22:19:48,9.48
HUB_MKS,PKG-00052,2026-09-11 07:52:00,2026-09-11 19:30:24,11.64
HUB_MKS,PKG-00053,2026-09-12 20:53:00,2026-09-13 08:26:00,11.55
HUB_MKS,PKG-00054,2026-09-07 21:54:00,2026-09-08 10:12:36,12.31
HUB_MKS,PKG-00055,2026-09-22 06:55:00,2026-09-22 18:55:36,12.01
HUB_MKS,PKG-00056,2026-09-25 04:56:00,2026-09-25 13:59:00,9.05
HUB_MKS,PKG-00057,2026-09-18 08:57:00,2026-09-18 21:22:12,12.42
HUB_MKS,PKG-00058,2026-09-26 01:58:00,2026-09-26 12:11:12,10.22
HUB_MKS,PKG-00059,2026-09-11 11:59:00,2026-09-12 00:41:00,12.7
HUB_MKS,PKG-00060,2026-09-02 18:00:00,2026-09-03 05:12:00,11.2
HUB_MKS,PKG-00061,2026-09-23 20:01:00,2026-09-24 07:56:12,11.92
HUB_MKS,PKG-00062,2026-09-20 05:02:00,2026-09-20 17:50:00,12.8
HUB_MKS,PKG-00063,2026-09-23 05:03:00,2026-09-23 14:36:36,9.56
HUB_MKS,PKG-00064,2026-09-10 19:04:00,2026-09-11 06:20:12,11.27
HUB_MKS,PKG-00065,2026-09-05 19:05:00,2026-09-06 06:09:12,11.07
HUB_MKS,PKG-00066,2026-09-10 07:06:00,2026-09-10 19:37:12,12.52
HUB_MKS,PKG-00067,2026-09-04 03:07:00,2026-09-04 15:14:48,12.13
HUB_MKS,PKG-00068,2026-09-10 06:08:00,2026-09-10 19:00:12,12.87
HUB_MKS,PKG-00069,2026-09-09 00:09:00,2026-09-09 10:14:24,10.09
HUB_MKS,PKG-00070,2026-09-19 21:10:00,2026-09-20 06:23:12,9.22
HUB_MKS,PKG-00071,2026-09-23 13:11:00,2026-09-24 00:25:24,11.24
HUB_MKS,PKG-00072,2026-09-25 11:12:00,2026-09-25 21:29:24,10.29
HUB_MKS,PKG-00073,2026-09-07 08:13:00,2026-09-07 20:08:48,11.93
HUB_MKS,PKG-00074,2026-09-18 02:14:00,2026-09-18 13:46:24,11.54
HUB_MKS,PKG-00075,2026-09-15 09:15:00,2026-09-15 21:31:12,12.27
HUB_MKS,PKG-00076,2026-09-03 15:16:00,2026-09-04 02:01:36,10.76
HUB_MKS,PKG-00077,2026-09-13 20:17:00,2026-09-14 07:33:48,11.28
HUB_MKS,PKG-00078,2026-09-12 03:18:00,2026-09-12 12:34:48,9.28
HUB_MKS,PKG-00079,2026-09-07 16:19:00,2026-09-08 03:45:24,11.44
HUB_MKS,PKG-00080,2026-09-17 13:20:00,2026-09-18 01:56:00,12.6
HUB_MKS,PKG-00081,2026-09-06 01:21:00,2026-09-06 10:22:12,9.02
HUB_MKS,PKG-00082,2026-09-19 02:22:00,2026-09-19 15:10:36,12.81
HUB_MKS,PKG-00083,2026-09-10 21:23:00,2026-09-11 06:32:36,9.16
HUB_MKS,PKG-00084,2026-09-25 10:24:00,2026-09-25 22:53:24,12.49
HUB_MKS,PKG-00085,2026-09-15 19:25:00,2026-09-16 07:20:12,11.92
HUB_MKS,PKG-00086,2026-09-24 07:26:00,2026-09-24 17:55:24,10.49
HUB_MKS,PKG-00087,2026-09-26 00:27:00,2026-09-26 10:04:48,9.63
HUB_MKS,PKG-00088,2026-09-07 03:28:00,2026-09-07 12:41:48,9.23
HUB_MKS,PKG-00089,2026-09-15 12:29:00,2026-09-16 01:05:36,12.61
HUB_MKS,PKG-00090,2026-09-13 07:30:00,2026-09-13 20:00:00,12.5
HUB_MKS,PKG-00091,2026-09-09 07:31:00,2026-09-09 19:13:36,11.71
HUB_MKS,PKG-00092,2026-09-11 02:32:00,2026-09-11 11:52:24,9.34
HUB_MKS,PKG-00093,2026-09-08 05:33:00,2026-09-08 15:10:48,9.63
HUB_MKS,PKG-00094,2026-09-06 23:34:00,2026-09-07 12:08:48,12.58
HUB_MKS,PKG-00095,2026-09-11 17:35:00,2026-09-12 03:39:48,10.08
HUB_MKS,PKG-00096,2026-09-17 07:36:00,2026-09-17 19:30:36,11.91
HUB_MKS,PKG-00097,2026-09-24 21:37:00,2026-09-25 09:02:48,11.43
HUB_MKS,PKG-00098,2026-09-24 14:38:00,2026-09-25 02:48:12,12.17
HUB_MKS,PKG-00099,2026-09-07 11:39:00,2026-09-07 23:42:00,12.05
HUB_MKS,PKG-00100,2026-09-13 03:40:00,2026-09-13 13:31:36,9.86
HUB_MKS,PKG-00101,2026-09-16 14:41:00,2026-09-17 02:12:12,11.52
HUB_MKS,PKG-00102,2026-09-05 04:42:00,2026-09-05 16:18:00,11.6
HUB_MKS,PKG-00103,2026-09-11 22:43:00,2026-09-12 09:13:36,10.51
HUB_MKS,PKG-00104,2026-09-07 05:44:00,2026-09-07 18:11:36,12.46
HUB_MKS,PKG-00105,2026-09-11 04:45:00,2026-09-11 13:52:48,9.13
HUB_MKS,PKG-00106,2026-09-14 06:46:00,2026-09-14 18:01:00,11.25
HUB_MKS,PKG-00107,2026-09-14 11:47:00,2026-09-14 22:22:24,10.59
HUB_MKS,PKG-00108,2026-09-13 09:48:00,2026-09-13 22:04:12,12.27
HUB_MKS,PKG-00109,2026-09-17 01:49:00,2026-09-17 11:18:24,9.49
HUB_MKS,PKG-00110,2026-09-12 18:50:00,2026-09-13 05:03:12,10.22
HUB_MKS,PKG-00111,2026-09-07 23:51:00,2026-09-08 10:06:00,10.25
HUB_MKS,PKG-00112,2026-09-01 19:52:00,2026-09-02 08:35:12,12.72
HUB_MKS,PKG-00113,2026-09-22 11:53:00,2026-09-22 23:27:12,11.57
HUB_MKS,PKG-00114,2026-09-16 19:54:00,2026-09-17 08:42:36,12.81
HUB_MKS,PKG-00115,2026-09-02 14:55:00,2026-09-03 03:01:36,12.11
HUB_MKS,PKG-00116,2026-09-17 01:56:00,2026-09-17 11:34:24,9.64
HUB_MKS,PKG-00117,2026-09-25 15:57:00,2026-09-26 04:00:00,12.05
HUB_MKS,PKG-00118,2026-09-06 02:58:00,2026-09-06 14:02:12,11.07
HUB_MKS,PKG-00119,2026-09-13 04:59:00,2026-09-13 17:36:12,12.62
HUB_MKS,PKG-00120,2026-09-22 07:00:00,2026-09-22 19:16:48,12.28
HUB_MKS,PKG-00121,2026-09-11 23:01:00,2026-09-12 08:10:36,9.16
HUB_MKS,PKG-00122,2026-09-06 18:02:00,2026-09-07 05:38:36,11.61
HUB_MKS,PKG-00123,2026-09-20 05:03:00,2026-09-20 16:04:48,11.03
HUB_MKS,PKG-00124,2026-09-19 02:04:00,2026-09-19 12:30:24,10.44
HUB_MKS,PKG-00125,2026-09-13 08:05:00,2026-09-13 20:05:00,12.0
HUB_MKS,PKG-00126,2026-09-04 09:06:00,2026-09-04 21:53:24,12.79
HUB_MKS,PKG-00127,2026-09-16 06:07:00,2026-09-16 18:41:48,12.58
HUB_MKS,PKG-00128,2026-09-16 04:08:00,2026-09-16 14:18:48,10.18
HUB_MKS,PKG-00129,2026-09-07 10:09:00,2026-09-07 21:52:48,11.73
HUB_MKS,PKG-00130,2026-09-08 02:10:00,2026-09-08 12:11:12,10.02
HUB_MKS,PKG-00131,2026-09-17 14:11:00,2026-09-17 23:23:00,9.2
HUB_MKS,PKG-00132,2026-09-21 08:12:00,2026-09-21 18:32:24,10.34
HUB_MKS,PKG-00133,2026-09-22 03:13:00,2026-09-22 16:11:48,12.98
HUB_MKS,PKG-00134,2026-09-19 09:14:00,2026-09-19 21:47:00,12.55
HUB_MKS,PKG-00135,2026-09-03 05:15:00,2026-09-03 14:42:36,9.46
HUB_MKS,PKG-00136,2026-09-21 19:16:00,2026-09-22 05:07:00,9.85
HUB_MKS,PKG-00137,2026-09-20 07:17:00,2026-09-20 18:50:36,11.56
HUB_MKS,PKG-00138,2026-09-01 18:18:00,2026-09-02 06:50:24,12.54
HUB_MKS,PKG-00139,2026-09-04 05:19:00,2026-09-04 15:41:12,10.37
HUB_MKS,PKG-00140,2026-09-08 16:20:00,2026-09-09 02:32:36,10.21
HUB_MKS,PKG-00141,2026-09-23 06:21:00,2026-09-23 17:06:00,10.75
HUB_MKS,PKG-00142,2026-09-04 02:22:00,2026-09-04 14:47:12,12.42
HUB_MKS,PKG-00143,2026-09-18 14:23:00,2026-09-19 03:06:48,12.73
HUB_MKS,PKG-00144,2026-09-03 15:24:00,2026-09-04 02:12:00,10.8
HUB_MKS,PKG-00145,2026-09-23 15:25:00,2026-09-24 03:53:12,12.47
HUB_MKS,PKG-00146,2026-09-04 18:26:00,2026-09-05 07:14:00,12.8
HUB_MKS,PKG-00147,2026-09-13 07:27:00,2026-09-13 17:13:12,9.77
HUB_MKS,PKG-00148,2026-09-01 22:28:00,2026-09-02 08:19:36,9.86
HUB_MKS,PKG-00149,2026-09-10 07:29:00,2026-09-10 17:26:00,9.95
HUB_MKS,PKG-00150,2026-09-08 01:30:00,2026-09-08 11:11:24,9.69
HUB_MKS,PKG-00151,2026-09-14 18:31:00,2026-09-15 03:41:48,9.18
HUB_MKS,PKG-00152,2026-09-13 17:32:00,2026-09-14 02:36:12,9.07
HUB_MKS,PKG-00153,2026-09-21 14:33:00,2026-09-22 00:07:48,9.58
HUB_MKS,PKG-00154,2026-09-23 22:34:00,2026-09-24 08:34:36,10.01
HUB_MKS,PKG-00155,2026-09-13 03:35:00,2026-09-13 16:01:24,12.44
HUB_MKS,PKG-00156,2026-09-03 23:36:00,2026-09-04 09:56:24,10.34
HUB_MKS,PKG-00157,2026-09-09 18:37:00,2026-09-10 06:38:48,12.03
HUB_MKS,PKG-00158,2026-09-20 06:38:00,2026-09-20 15:39:12,9.02
HUB_MKS,PKG-00159,2026-09-05 21:39:00,2026-09-06 07:18:36,9.66
HUB_MKS,PKG-00160,2026-09-08 12:40:00,2026-09-09 01:15:24,12.59
HUB_MKS,PKG-00161,2026-09-21 01:41:00,2026-09-21 11:26:00,9.75
HUB_MKS,PKG-00162,2026-09-08 17:42:00,2026-09-09 05:51:00,12.15
HUB_MKS,PKG-00163,2026-09-15 04:43:00,2026-09-15 15:39:24,10.94
HUB_MKS,PKG-00164,2026-09-04 07:44:00,2026-09-04 20:33:48,12.83
HUB_MKS,PKG-00165,2026-09-05 01:45:00,2026-09-05 12:50:24,11.09
HUB_MKS,PKG-00166,2026-09-13 18:46:00,2026-09-14 05:44:12,10.97
HUB_MKS,PKG-00167,2026-09-12 13:47:00,2026-09-13 01:44:36,11.96
HUB_MKS,PKG-00168,2026-09-02 08:48:00,2026-09-02 18:25:48,9.63
HUB_MKS,PKG-00169,2026-09-18 05:49:00,2026-09-18 18:33:24,12.74
HUB_MKS,PKG-00170,2026-09-06 17:50:00,2026-09-07 03:32:00,9.7
HUB_MKS,PKG-00171,2026-09-05 01:51:00,2026-09-05 13:34:48,11.73
HUB_MKS,PKG-00172,2026-09-04 09:52:00,2026-09-04 22:28:00,12.6
HUB_MKS,PKG-00173,2026-09-03 02:53:00,2026-09-03 14:08:36,11.26
HUB_MKS,PKG-00174,2026-09-25 03:54:00,2026-09-25 15:09:36,11.26
HUB_MKS,PKG-00175,2026-09-15 01:55:00,2026-09-15 14:47:12,12.87
HUB_MKS,PKG-00176,2026-09-02 08:56:00,2026-09-02 19:18:48,10.38
HUB_MKS,PKG-00177,2026-09-10 12:57:00,2026-09-10 23:22:48,10.43
HUB_MKS,PKG-00178,2026-09-06 06:58:00,2026-09-06 18:14:48,11.28
HUB_MKS,PKG-00179,2026-09-11 00:59:00,2026-09-11 11:10:24,10.19
HUB_MKS,PKG-00180,2026-09-15 12:00:00,2026-09-16 00:34:12,12.57
HUB_MKS,PKG-00181,2026-09-16 08:01:00,2026-09-16 19:25:00,11.4
HUB_MKS,PKG-00182,2026-09-24 03:02:00,2026-09-24 14:20:36,11.31
HUB_MKS,PKG-00183,2026-09-08 21:03:00,2026-09-09 09:03:00,12.0
HUB_MKS,PKG-00184,2026-09-25 14:04:00,2026-09-25 23:29:48,9.43
HUB_MKS,PKG-00185,2026-09-16 13:05:00,2026-09-17 00:57:12,11.87
HUB_MKS,PKG-00186,2026-09-06 04:06:00,2026-09-06 17:05:24,12.99
HUB_MKS,PKG-00187,2026-09-20 21:07:00,2026-09-21 08:43:36,11.61
HUB_MKS,PKG-00188,2026-09-19 07:08:00,2026-09-19 20:00:12,12.87
HUB_MKS,PKG-00189,2026-09-13 16:09:00,2026-09-14 02:23:24,10.24
HUB_MKS,PKG-00190,2026-09-16 07:10:00,2026-09-16 16:43:00,9.55
HUB_MKS,PKG-00191,2026-09-22 17:11:00,2026-09-23 05:53:00,12.7
HUB_MKS,PKG-00192,2026-09-03 05:12:00,2026-09-03 16:19:48,11.13
HUB_MKS,PKG-00193,2026-09-22 16:13:00,2026-09-23 03:28:36,11.26
HUB_MKS,PKG-00194,2026-09-05 11:14:00,2026-09-05 22:37:24,11.39
HUB_MKS,PKG-00195,2026-09-21 01:15:00,2026-09-21 14:02:24,12.79
HUB_MKS,PKG-00196,2026-09-25 09:16:00,2026-09-25 20:01:00,10.75
HUB_MKS,PKG-00197,2026-09-04 13:17:00,2026-09-04 23:07:24,9.84
HUB_MKS,PKG-00198,2026-09-19 20:18:00,2026-09-20 08:59:24,12.69
HUB_MKS,PKG-00199,2026-09-24 23:19:00,2026-09-25 12:17:48,12.98
HUB_MKS,PKG-00200,2026-09-20 11:20:00,2026-09-20 20:33:48,9.23
HUB_MKS,PKG-00201,2026-09-07 01:21:00,2026-09-07 14:00:00,12.65
HUB_MKS,PKG-00202,2026-09-04 07:22:00,2026-09-04 19:32:12,12.17
HUB_MKS,PKG-00203,2026-09-19 21:23:00,2026-09-20 07:51:12,10.47
HUB_MKS,PKG-00204,2026-09-03 14:24:00,2026-09-04 02:27:00,12.05
HUB_MKS,PKG-00205,2026-09-08 07:25:00,2026-09-08 19:12:24,11.79
HUB_MKS,PKG-00206,2026-09-15 05:26:00,2026-09-15 17:41:36,12.26
HUB_MKS,PKG-00207,2026-09-13 18:27:00,2026-09-14 07:17:24,12.84
HUB_MKS,PKG-00208,2026-09-24 14:28:00,2026-09-25 02:38:12,12.17
HUB_MKS,PKG-00209,2026-09-12 15:29:00,2026-09-13 02:39:48,11.18
HUB_MKS,PKG-00210,2026-09-19 08:30:00,2026-09-19 21:21:00,12.85
HUB_MKS,PKG-00211,2026-09-15 17:31:00,2026-09-16 05:11:48,11.68
HUB_MKS,PKG-00212,2026-09-07 20:32:00,2026-09-08 08:05:00,11.55
HUB_MKS,PKG-00213,2026-09-04 00:33:00,2026-09-04 13:23:24,12.84
HUB_MKS,PKG-00214,2026-09-23 02:34:00,2026-09-23 13:58:00,11.4
HUB_MKS,PKG-00215,2026-09-15 06:35:00,2026-09-15 19:32:00,12.95
HUB_MKS,PKG-00216,2026-09-25 05:36:00,2026-09-25 18:26:24,12.84
HUB_MKS,PKG-00217,2026-09-18 16:37:00,2026-09-19 04:28:00,11.85
HUB_MKS,PKG-00218,2026-09-25 17:38:00,2026-09-26 05:57:12,12.32
HUB_MKS,PKG-00219,2026-09-17 22:39:00,2026-09-18 11:27:36,12.81
HUB_MKS,PKG-00220,2026-09-23 13:40:00,2026-09-23 23:17:48,9.63
HUB_MKS,PKG-00221,2026-09-04 10:41:00,2026-09-04 19:48:12,9.12
HUB_MKS,PKG-00222,2026-09-13 19:42:00,2026-09-14 07:43:12,12.02
HUB_MKS,PKG-00223,2026-09-11 17:43:00,2026-09-12 03:26:12,9.72
HUB_MKS,PKG-00224,2026-09-18 13:44:00,2026-09-19 02:39:12,12.92
HUB_MKS,PKG-00225,2026-09-03 10:45:00,2026-09-03 19:50:24,9.09
HUB_MKS,PKG-00226,2026-09-09 03:46:00,2026-09-09 13:06:24,9.34
HUB_MKS,PKG-00227,2026-09-20 00:47:00,2026-09-20 13:08:36,12.36
HUB_MKS,PKG-00228,2026-09-11 18:48:00,2026-09-12 06:54:00,12.1
HUB_MKS,PKG-00229,2026-09-08 19:49:00,2026-09-09 07:19:00,11.5
HUB_MKS,PKG-00230,2026-09-08 20:50:00,2026-09-09 05:57:12,9.12
HUB_MKS,PKG-00231,2026-09-08 07:51:00,2026-09-08 18:31:48,10.68
HUB_MKS,PKG-00232,2026-09-21 13:52:00,2026-09-22 01:19:00,11.45
HUB_MKS,PKG-00233,2026-09-03 06:53:00,2026-09-03 17:11:00,10.3
HUB_MKS,PKG-00234,2026-09-08 17:54:00,2026-09-09 06:33:00,12.65
HUB_MKS,PKG-00235,2026-09-23 08:55:00,2026-09-23 19:02:48,10.13
HUB_MKS,PKG-00236,2026-09-13 14:56:00,2026-09-14 01:35:00,10.65
HUB_MKS,PKG-00237,2026-09-13 08:57:00,2026-09-13 18:21:36,9.41
HUB_MKS,PKG-00238,2026-09-06 13:58:00,2026-09-06 22:58:36,9.01
HUB_MKS,PKG-00239,2026-09-11 22:59:00,2026-09-12 10:37:24,11.64
HUB_MKS,PKG-00240,2026-09-23 06:00:00,2026-09-23 17:37:12,11.62
HUB_MKS,PKG-00241,2026-09-16 11:01:00,2026-09-16 20:28:00,9.45
HUB_MKS,PKG-00242,2026-09-21 20:02:00,2026-09-22 05:08:36,9.11
HUB_MKS,PKG-00243,2026-09-20 04:03:00,2026-09-20 15:29:24,11.44
HUB_MKS,PKG-00244,2026-09-18 12:04:00,2026-09-18 23:28:36,11.41
HUB_MKS,PKG-00245,2026-09-19 17:05:00,2026-09-20 05:05:36,12.01
HUB_MKS,PKG-00246,2026-09-04 02:06:00,2026-09-04 13:47:24,11.69
HUB_MKS,PKG-00247,2026-09-12 23:07:00,2026-09-13 11:25:36,12.31
HUB_MKS,PKG-00248,2026-09-13 01:08:00,2026-09-13 10:51:48,9.73
HUB_MKS,PKG-00249,2026-09-23 02:09:00,2026-09-23 11:48:36,9.66
HUB_MKS,PKG-00250,2026-09-08 12:10:00,2026-09-08 21:55:36,9.76
HUB_MKS,PKG-00251,2026-09-02 02:11:00,2026-09-02 13:51:48,11.68
HUB_MKS,PKG-00252,2026-09-10 08:12:00,2026-09-10 18:34:48,10.38
HUB_MKS,PKG-00253,2026-09-18 16:13:00,2026-09-19 04:06:24,11.89
HUB_MKS,PKG-00254,2026-09-12 22:14:00,2026-09-13 10:03:48,11.83
HUB_MKS,PKG-00255,2026-09-17 18:15:00,2026-09-18 06:36:00,12.35
HUB_MKS,PKG-00256,2026-09-21 15:16:00,2026-09-22 00:22:36,9.11
HUB_MKS,PKG-00257,2026-09-17 21:17:00,2026-09-18 06:44:36,9.46
HUB_MKS,PKG-00258,2026-09-13 06:18:00,2026-09-13 18:21:00,12.05
HUB_MKS,PKG-00259,2026-09-10 13:19:00,2026-09-11 01:08:12,11.82
HUB_MKS,PKG-00260,2026-09-22 17:20:00,2026-09-23 05:01:24,11.69
HUB_MKS,PKG-00261,2026-09-18 13:21:00,2026-09-19 01:17:24,11.94
HUB_MKS,PKG-00262,2026-09-10 15:22:00,2026-09-11 03:03:24,11.69
HUB_MKS,PKG-00263,2026-09-25 11:23:00,2026-09-26 00:06:48,12.73
HUB_MKS,PKG-00264,2026-09-07 14:24:00,2026-09-08 02:37:12,12.22
HUB_MKS,PKG-00265,2026-09-17 17:25:00,2026-09-18 05:04:00,11.65
HUB_MKS,PKG-00266,2026-09-22 08:26:00,2026-09-22 20:30:48,12.08
HUB_MKS,PKG-00267,2026-09-06 21:27:00,2026-09-07 07:52:12,10.42
HUB_MKS,PKG-00268,2026-09-12 04:28:00,2026-09-12 15:50:48,11.38
HUB_MKS,PKG-00269,2026-09-18 06:29:00,2026-09-18 16:49:24,10.34
HUB_MKS,PKG-00270,2026-09-24 18:30:00,2026-09-25 05:16:48,10.78
HUB_MKS,PKG-00271,2026-09-21 01:31:00,2026-09-21 14:16:36,12.76
HUB_MKS,PKG-00272,2026-09-17 11:32:00,2026-09-18 00:03:48,12.53
HUB_MKS,PKG-00273,2026-09-04 07:33:00,2026-09-04 19:27:36,11.91
HUB_MKS,PKG-00274,2026-09-18 06:34:00,2026-09-18 17:06:24,10.54
HUB_MKS,PKG-00275,2026-09-22 18:35:00,2026-09-23 03:36:12,9.02
HUB_MKS,PKG-00276,2026-09-24 10:36:00,2026-09-24 21:07:48,10.53
HUB_MKS,PKG-00277,2026-09-20 12:37:00,2026-09-20 23:42:24,11.09
HUB_MKS,PKG-00278,2026-09-21 17:38:00,2026-09-22 03:54:12,10.27
HUB_MKS,PKG-00279,2026-09-22 16:39:00,2026-09-23 05:35:24,12.94
HUB_MKS,PKG-00280,2026-09-13 13:40:00,2026-09-13 22:43:00,9.05
HUB_MKS,PKG-00281,2026-09-09 22:41:00,2026-09-10 09:12:48,10.53
HUB_MKS,PKG-00282,2026-09-19 08:42:00,2026-09-19 19:55:48,11.23
HUB_MKS,PKG-00283,2026-09-16 01:43:00,2026-09-16 13:13:00,11.5
HUB_MKS,PKG-00284,2026-09-15 07:44:00,2026-09-15 17:53:36,10.16
HUB_MKS,PKG-00285,2026-09-05 11:45:00,2026-09-05 21:31:48,9.78
HUB_MKS,PKG-00286,2026-09-03 19:46:00,2026-09-04 07:09:24,11.39
HUB_MKS,PKG-00287,2026-09-17 03:47:00,2026-09-17 15:59:00,12.2
HUB_MKS,PKG-00288,2026-09-05 20:48:00,2026-09-06 06:39:00,9.85
HUB_MKS,PKG-00289,2026-09-11 19:49:00,2026-09-12 06:15:24,10.44
HUB_MKS,PKG-00290,2026-09-25 05:50:00,2026-09-25 17:06:12,11.27
HUB_MKS,PKG-00291,2026-09-23 12:51:00,2026-09-23 23:55:12,11.07
HUB_MKS,PKG-00292,2026-09-23 14:52:00,2026-09-24 02:44:12,11.87
HUB_MKS,PKG-00293,2026-09-11 04:53:00,2026-09-11 17:20:00,12.45
HUB_MKS,PKG-00294,2026-09-16 18:54:00,2026-09-17 05:12:36,10.31
HUB_MKS,PKG-00295,2026-09-02 16:55:00,2026-09-03 02:52:36,9.96
HUB_MKS,PKG-00296,2026-09-02 20:56:00,2026-09-03 08:39:48,11.73
HUB_MKS,PKG-00297,2026-09-09 00:57:00,2026-09-09 10:19:12,9.37
HUB_MKS,PKG-00298,2026-09-12 07:58:00,2026-09-12 19:45:24,11.79
HUB_MKS,PKG-00299,2026-09-14 22:59:00,2026-09-15 09:37:24,10.64
HUB_MKS,PKG-00300,2026-09-24 10:00:00,2026-09-24 21:14:24,11.24
HUB_MKS,PKG-00301,2026-09-14 21:01:00,2026-09-15 07:41:48,10.68
HUB_MKS,PKG-00302,2026-09-08 14:02:00,2026-09-09 02:29:00,12.45
HUB_MKS,PKG-00303,2026-09-18 12:03:00,2026-09-18 21:31:12,9.47
HUB_MKS,PKG-00304,2026-09-19 15:04:00,2026-09-20 02:26:48,11.38
HUB_MKS,PKG-00305,2026-09-18 22:05:00,2026-09-19 10:15:48,12.18
HUB_MKS,PKG-00306,2026-09-24 23:06:00,2026-09-25 11:53:24,12.79
HUB_MKS,PKG-00307,2026-09-18 11:07:00,2026-09-18 22:55:00,11.8
HUB_MKS,PKG-00308,2026-09-08 23:08:00,2026-09-09 11:52:24,12.74
HUB_MKS,PKG-00309,2026-09-15 22:09:00,2026-09-16 09:50:24,11.69
HUB_MKS,PKG-00310,2026-09-09 05:10:00,2026-09-09 17:34:36,12.41
HUB_MKS,PKG-00311,2026-09-08 14:11:00,2026-09-08 23:46:24,9.59
HUB_MKS,PKG-00312,2026-09-11 14:12:00,2026-09-11 23:33:00,9.35
HUB_MKS,PKG-00313,2026-09-06 05:13:00,2026-09-06 17:28:00,12.25
HUB_MKS,PKG-00314,2026-09-01 14:14:00,2026-09-02 02:54:48,12.68
HUB_MKS,PKG-00315,2026-09-17 15:15:00,2026-09-18 00:28:48,9.23
HUB_MKS,PKG-00316,2026-09-21 21:16:00,2026-09-22 07:17:48,10.03
HUB_MKS,PKG-00317,2026-09-24 04:17:00,2026-09-24 16:44:36,12.46
HUB_MKS,PKG-00318,2026-09-24 21:18:00,2026-09-25 07:35:24,10.29
HUB_MKS,PKG-00319,2026-09-04 11:19:00,2026-09-04 23:30:24,12.19
HUB_MKS,PKG-00320,2026-09-17 07:20:00,2026-09-17 20:00:12,12.67
HUB_MKS,PKG-00321,2026-09-21 12:21:00,2026-09-21 23:31:12,11.17
HUB_MKS,PKG-00322,2026-09-13 14:22:00,2026-09-13 23:25:00,9.05
HUB_MKS,PKG-00323,2026-09-16 09:23:00,2026-09-16 18:57:48,9.58
HUB_MKS,PKG-00324,2026-09-02 21:24:00,2026-09-03 07:52:12,10.47
HUB_MKS,PKG-00325,2026-09-02 14:25:00,2026-09-03 01:39:24,11.24
HUB_MKS,PKG-00326,2026-09-08 19:26:00,2026-09-09 07:48:12,12.37
HUB_MKS,PKG-00327,2026-09-16 01:27:00,2026-09-16 13:43:48,12.28
HUB_MKS,PKG-00328,2026-09-17 20:28:00,2026-09-18 07:08:48,10.68
HUB_MKS,PKG-00329,2026-09-19 07:29:00,2026-09-19 16:45:12,9.27
HUB_MKS,PKG-00330,2026-09-24 02:30:00,2026-09-24 13:33:00,11.05
HUB_MKS,PKG-00331,2026-09-21 04:31:00,2026-09-21 14:52:36,10.36
HUB_MKS,PKG-00332,2026-09-11 03:32:00,2026-09-11 14:56:36,11.41
HUB_MKS,PKG-00333,2026-09-20 01:33:00,2026-09-20 11:39:00,10.1
HUB_MKS,PKG-00334,2026-09-08 20:34:00,2026-09-09 09:02:12,12.47
HUB_MKS,PKG-00335,2026-09-11 01:35:00,2026-09-11 11:17:36,9.71
HUB_MKS,PKG-00336,2026-09-22 16:36:00,2026-09-23 04:23:24,11.79
HUB_MKS,PKG-00337,2026-09-19 05:37:00,2026-09-19 15:46:36,10.16
HUB_MKS,PKG-00338,2026-09-10 12:38:00,2026-09-11 01:32:00,12.9
HUB_MKS,PKG-00339,2026-09-02 12:39:00,2026-09-02 23:38:24,10.99
HUB_MKS,PKG-00340,2026-09-09 11:40:00,2026-09-09 22:24:24,10.74
HUB_MKS,PKG-00341,2026-09-16 13:41:00,2026-09-17 00:57:12,11.27
HUB_MKS,PKG-00342,2026-09-22 10:42:00,2026-09-22 22:29:24,11.79
HUB_MKS,PKG-00343,2026-09-01 21:43:00,2026-09-02 10:39:24,12.94
HUB_MKS,PKG-00344,2026-09-06 15:44:00,2026-09-07 01:08:00,9.4
HUB_MKS,PKG-00345,2026-09-21 21:45:00,2026-09-22 07:51:00,10.1
HUB_MKS,PKG-00346,2026-09-09 22:46:00,2026-09-10 10:58:36,12.21
HUB_MKS,PKG-00347,2026-09-14 01:47:00,2026-09-14 10:57:48,9.18
HUB_MKS,PKG-00348,2026-09-07 19:48:00,2026-09-08 08:24:36,12.61
HUB_MKS,PKG-00349,2026-09-08 03:49:00,2026-09-08 13:46:00,9.95
HUB_REMOTE,PKG-00000,2026-09-02 14:00:00,2026-09-03 20:00:00,30.0
HUB_REMOTE,PKG-00001,2026-09-07 16:01:00,2026-09-08 22:01:00,30.0
HUB_SBY,PKG-00000,2026-09-17 05:00:00,2026-09-17 08:49:12,3.82
HUB_SBY,PKG-00001,2026-09-18 23:01:00,2026-09-19 02:23:12,3.37
HUB_SBY,PKG-00002,2026-09-13 10:02:00,2026-09-13 16:31:24,6.49
HUB_SBY,PKG-00003,2026-09-08 14:03:00,2026-09-08 19:33:36,5.51
HUB_SBY,PKG-00004,2026-09-18 04:04:00,2026-09-18 10:27:24,6.39
HUB_SBY,PKG-00005,2026-09-20 12:05:00,2026-09-20 18:09:48,6.08
HUB_SBY,PKG-00006,2026-09-13 12:06:00,2026-09-13 18:54:36,6.81
HUB_SBY,PKG-00007,2026-09-19 20:07:00,2026-09-19 23:30:24,3.39
HUB_SBY,PKG-00008,2026-09-06 00:08:00,2026-09-06 04:17:00,4.15
HUB_SBY,PKG-00009,2026-09-10 16:09:00,2026-09-10 22:17:24,6.14
HUB_SBY,PKG-00010,2026-09-15 04:10:00,2026-09-15 07:53:48,3.73
HUB_SBY,PKG-00011,2026-09-07 00:11:00,2026-09-07 06:38:36,6.46
HUB_SBY,PKG-00012,2026-09-25 23:12:00,2026-09-26 02:37:12,3.42
HUB_SBY,PKG-00013,2026-09-06 08:13:00,2026-09-06 15:10:00,6.95
HUB_SBY,PKG-00014,2026-09-07 00:14:00,2026-09-07 05:16:24,5.04
HUB_SBY,PKG-00015,2026-09-02 03:15:00,2026-09-02 07:45:00,4.5
HUB_SBY,PKG-00016,2026-09-23 00:16:00,2026-09-23 06:48:24,6.54
HUB_SBY,PKG-00017,2026-09-25 14:17:00,2026-09-25 17:33:48,3.28
HUB_SBY,PKG-00018,2026-09-04 02:18:00,2026-09-04 06:11:24,3.89
HUB_SBY,PKG-00019,2026-09-14 13:19:00,2026-09-14 17:22:36,4.06
HUB_SBY,PKG-00020,2026-09-15 13:20:00,2026-09-15 19:34:24,6.24
HUB_SBY,PKG-00021,2026-09-05 12:21:00,2026-09-05 19:12:00,6.85
HUB_SBY,PKG-00022,2026-09-03 12:22:00,2026-09-03 19:17:48,6.93
HUB_SBY,PKG-00023,2026-09-07 21:23:00,2026-09-08 02:55:24,5.54
HUB_SBY,PKG-00024,2026-09-07 18:24:00,2026-09-07 21:33:00,3.15
HUB_SBY,PKG-00025,2026-09-14 23:25:00,2026-09-15 06:10:36,6.76
HUB_SBY,PKG-00026,2026-09-05 03:26:00,2026-09-05 09:43:24,6.29
HUB_SBY,PKG-00027,2026-09-23 04:27:00,2026-09-23 10:34:48,6.13
HUB_SBY,PKG-00028,2026-09-09 01:28:00,2026-09-09 04:35:12,3.12
HUB_SBY,PKG-00029,2026-09-09 17:29:00,2026-09-09 22:18:48,4.83
HUB_SBY,PKG-00030,2026-09-06 05:30:00,2026-09-06 12:23:24,6.89
HUB_SBY,PKG-00031,2026-09-14 10:31:00,2026-09-14 17:08:12,6.62
HUB_SBY,PKG-00032,2026-09-08 10:32:00,2026-09-08 15:05:00,4.55
HUB_SBY,PKG-00033,2026-09-22 01:33:00,2026-09-22 06:57:36,5.41
HUB_SBY,PKG-00034,2026-09-03 14:34:00,2026-09-03 18:01:36,3.46
HUB_SBY,PKG-00035,2026-09-07 23:35:00,2026-09-08 02:47:00,3.2
HUB_SBY,PKG-00036,2026-09-07 09:36:00,2026-09-07 14:25:48,4.83
HUB_SBY,PKG-00037,2026-09-09 17:37:00,2026-09-10 00:33:24,6.94
HUB_SBY,PKG-00038,2026-09-14 14:38:00,2026-09-14 20:46:24,6.14
HUB_SBY,PKG-00039,2026-09-25 09:39:00,2026-09-25 16:07:12,6.47
HUB_SBY,PKG-00040,2026-09-18 05:40:00,2026-09-18 11:13:00,5.55
HUB_SBY,PKG-00041,2026-09-22 06:41:00,2026-09-22 12:46:24,6.09
HUB_SBY,PKG-00042,2026-09-16 21:42:00,2026-09-17 03:01:12,5.32
HUB_SBY,PKG-00043,2026-09-10 15:43:00,2026-09-10 19:46:00,4.05
HUB_SBY,PKG-00044,2026-09-06 00:44:00,2026-09-06 07:18:48,6.58
HUB_SBY,PKG-00045,2026-09-12 00:45:00,2026-09-12 05:57:36,5.21
HUB_SBY,PKG-00046,2026-09-22 17:46:00,2026-09-22 21:34:36,3.81
HUB_SBY,PKG-00047,2026-09-21 05:47:00,2026-09-21 11:31:24,5.74
HUB_SBY,PKG-00048,2026-09-09 17:48:00,2026-09-09 23:36:36,5.81
HUB_SBY,PKG-00049,2026-09-20 01:49:00,2026-09-20 07:14:12,5.42
HUB_SBY,PKG-00050,2026-09-24 00:50:00,2026-09-24 07:49:24,6.99
HUB_SBY,PKG-00051,2026-09-14 15:51:00,2026-09-14 21:52:12,6.02
HUB_SBY,PKG-00052,2026-09-21 18:52:00,2026-09-22 01:44:48,6.88
HUB_SBY,PKG-00053,2026-09-09 22:53:00,2026-09-10 04:11:00,5.3
HUB_SBY,PKG-00054,2026-09-06 02:54:00,2026-09-06 09:46:12,6.87
HUB_SBY,PKG-00055,2026-09-05 15:55:00,2026-09-05 19:10:36,3.26
HUB_SBY,PKG-00056,2026-09-18 20:56:00,2026-09-19 02:33:12,5.62
HUB_SBY,PKG-00057,2026-09-10 14:57:00,2026-09-10 19:28:48,4.53
HUB_SBY,PKG-00058,2026-09-21 16:58:00,2026-09-21 21:31:00,4.55
HUB_SBY,PKG-00059,2026-09-21 16:59:00,2026-09-21 20:46:24,3.79
HUB_SBY,PKG-00060,2026-09-09 05:00:00,2026-09-09 08:57:00,3.95
HUB_SBY,PKG-00061,2026-09-24 19:01:00,2026-09-25 01:00:24,5.99
HUB_SBY,PKG-00062,2026-09-15 11:02:00,2026-09-15 15:29:36,4.46
HUB_SBY,PKG-00063,2026-09-03 05:03:00,2026-09-03 11:52:12,6.82
HUB_SBY,PKG-00064,2026-09-11 07:04:00,2026-09-11 13:22:36,6.31
HUB_SBY,PKG-00065,2026-09-19 14:05:00,2026-09-19 20:37:24,6.54
HUB_SBY,PKG-00066,2026-09-11 17:06:00,2026-09-11 20:22:48,3.28
HUB_SBY,PKG-00067,2026-09-13 05:07:00,2026-09-13 09:21:24,4.24
HUB_SBY,PKG-00068,2026-09-21 20:08:00,2026-09-22 01:26:00,5.3
HUB_SBY,PKG-00069,2026-09-20 00:09:00,2026-09-20 05:31:12,5.37
HUB_SBY,PKG-00070,2026-09-23 00:10:00,2026-09-23 06:26:12,6.27
HUB_SBY,PKG-00071,2026-09-08 20:11:00,2026-09-09 02:20:00,6.15
HUB_SBY,PKG-00072,2026-09-10 19:12:00,2026-09-11 01:51:00,6.65
HUB_SBY,PKG-00073,2026-09-08 14:13:00,2026-09-08 21:10:36,6.96
HUB_SBY,PKG-00074,2026-09-12 07:14:00,2026-09-12 13:47:36,6.56
HUB_SBY,PKG-00075,2026-09-11 16:15:00,2026-09-11 20:21:00,4.1
HUB_SBY,PKG-00076,2026-09-03 01:16:00,2026-09-03 04:22:36,3.11
HUB_SBY,PKG-00077,2026-09-26 00:17:00,2026-09-26 03:45:48,3.48
HUB_SBY,PKG-00078,2026-09-26 02:18:00,2026-09-26 06:44:24,4.44
HUB_SBY,PKG-00079,2026-09-17 22:19:00,2026-09-18 02:47:48,4.48
HUB_SBY,PKG-00080,2026-09-13 06:20:00,2026-09-13 11:37:24,5.29
HUB_SBY,PKG-00081,2026-09-12 20:21:00,2026-09-12 23:31:12,3.17
HUB_SBY,PKG-00082,2026-09-02 17:22:00,2026-09-02 23:32:12,6.17
HUB_SBY,PKG-00083,2026-09-15 01:23:00,2026-09-15 07:30:48,6.13
HUB_SBY,PKG-00084,2026-09-11 18:24:00,2026-09-11 23:59:24,5.59
HUB_SBY,PKG-00085,2026-09-10 23:25:00,2026-09-11 05:52:00,6.45
HUB_SBY,PKG-00086,2026-09-10 13:26:00,2026-09-10 19:21:12,5.92
HUB_SBY,PKG-00087,2026-09-13 22:27:00,2026-09-14 03:37:48,5.18
HUB_SBY,PKG-00088,2026-09-20 17:28:00,2026-09-20 23:53:12,6.42
HUB_SBY,PKG-00089,2026-09-05 14:29:00,2026-09-05 19:17:36,4.81
HUB_SBY,PKG-00090,2026-09-19 14:30:00,2026-09-19 17:40:48,3.18
HUB_SBY,PKG-00091,2026-09-25 10:31:00,2026-09-25 16:21:24,5.84
HUB_SBY,PKG-00092,2026-09-21 02:32:00,2026-09-21 06:11:00,3.65
HUB_SBY,PKG-00093,2026-09-10 02:33:00,2026-09-10 07:41:24,5.14
HUB_SBY,PKG-00094,2026-09-02 23:34:00,2026-09-03 05:38:48,6.08
HUB_SBY,PKG-00095,2026-09-25 09:35:00,2026-09-25 14:11:36,4.61
HUB_SBY,PKG-00096,2026-09-16 11:36:00,2026-09-16 17:16:12,5.67
HUB_SBY,PKG-00097,2026-09-10 14:37:00,2026-09-10 17:52:36,3.26
HUB_SBY,PKG-00098,2026-09-14 01:38:00,2026-09-14 05:18:12,3.67
HUB_SBY,PKG-00099,2026-09-22 02:39:00,2026-09-22 08:31:48,5.88
HUB_SBY,PKG-00100,2026-09-06 15:40:00,2026-09-06 21:54:24,6.24
HUB_SBY,PKG-00101,2026-09-16 00:41:00,2026-09-16 07:17:36,6.61
HUB_SBY,PKG-00102,2026-09-06 08:42:00,2026-09-06 13:40:48,4.98
HUB_SBY,PKG-00103,2026-09-23 06:43:00,2026-09-23 09:53:48,3.18
HUB_SBY,PKG-00104,2026-09-20 11:44:00,2026-09-20 16:06:48,4.38
HUB_SBY,PKG-00105,2026-09-20 06:45:00,2026-09-20 10:45:36,4.01
HUB_SBY,PKG-00106,2026-09-24 14:46:00,2026-09-24 18:44:12,3.97
HUB_SBY,PKG-00107,2026-09-16 09:47:00,2026-09-16 15:24:48,5.63
HUB_SBY,PKG-00108,2026-09-08 22:48:00,2026-09-09 05:10:12,6.37
HUB_SBY,PKG-00109,2026-09-13 03:49:00,2026-09-13 07:59:12,4.17
HUB_SBY,PKG-00110,2026-09-11 17:50:00,2026-09-11 22:51:12,5.02
HUB_SBY,PKG-00111,2026-09-03 04:51:00,2026-09-03 09:13:48,4.38
HUB_SBY,PKG-00112,2026-09-15 13:52:00,2026-09-15 20:42:24,6.84
HUB_SBY,PKG-00113,2026-09-03 05:53:00,2026-09-03 11:06:12,5.22
HUB_SBY,PKG-00114,2026-09-04 01:54:00,2026-09-04 06:01:48,4.13
HUB_SBY,PKG-00115,2026-09-22 13:55:00,2026-09-22 18:02:12,4.12
HUB_SBY,PKG-00116,2026-09-06 19:56:00,2026-09-07 02:06:12,6.17
HUB_SBY,PKG-00117,2026-09-09 03:57:00,2026-09-09 07:25:48,3.48
HUB_SBY,PKG-00118,2026-09-24 08:58:00,2026-09-24 13:57:24,4.99
HUB_SBY,PKG-00119,2026-09-18 07:59:00,2026-09-18 13:29:00,5.5
HUB_SBY,PKG-00120,2026-09-18 16:00:00,2026-09-18 22:57:36,6.96
HUB_SBY,PKG-00121,2026-09-10 14:01:00,2026-09-10 17:47:12,3.77
HUB_SBY,PKG-00122,2026-09-19 15:02:00,2026-09-19 21:15:48,6.23
HUB_SBY,PKG-00123,2026-09-18 03:03:00,2026-09-18 07:21:00,4.3
HUB_SBY,PKG-00124,2026-09-14 08:04:00,2026-09-14 12:29:48,4.43
HUB_SBY,PKG-00125,2026-09-13 21:05:00,2026-09-14 02:31:24,5.44
HUB_SBY,PKG-00126,2026-09-08 18:06:00,2026-09-08 23:06:00,5.0
HUB_SBY,PKG-00127,2026-09-13 03:07:00,2026-09-13 09:30:24,6.39
HUB_SBY,PKG-00128,2026-09-12 17:08:00,2026-09-12 20:45:12,3.62
HUB_SBY,PKG-00129,2026-09-24 09:09:00,2026-09-24 13:58:48,4.83
HUB_SBY,PKG-00130,2026-09-23 15:10:00,2026-09-23 18:15:24,3.09
HUB_SBY,PKG-00131,2026-09-19 15:11:00,2026-09-19 22:11:00,7.0
HUB_SBY,PKG-00132,2026-09-07 22:12:00,2026-09-08 04:00:00,5.8
HUB_SBY,PKG-00133,2026-09-15 13:13:00,2026-09-15 16:44:12,3.52
HUB_SBY,PKG-00134,2026-09-12 03:14:00,2026-09-12 09:09:12,5.92
HUB_SBY,PKG-00135,2026-09-21 03:15:00,2026-09-21 06:44:24,3.49
HUB_SBY,PKG-00136,2026-09-18 00:16:00,2026-09-18 03:55:36,3.66
HUB_SBY,PKG-00137,2026-09-06 11:17:00,2026-09-06 18:01:24,6.74
HUB_SBY,PKG-00138,2026-09-03 21:18:00,2026-09-04 01:20:24,4.04
HUB_SBY,PKG-00139,2026-09-16 04:19:00,2026-09-16 09:59:48,5.68
HUB_SBY,PKG-00140,2026-09-22 11:20:00,2026-09-22 16:00:48,4.68
HUB_SBY,PKG-00141,2026-09-09 04:21:00,2026-09-09 10:04:12,5.72
HUB_SBY,PKG-00142,2026-09-20 12:22:00,2026-09-20 19:11:12,6.82
HUB_SBY,PKG-00143,2026-09-12 23:23:00,2026-09-13 06:14:36,6.86
HUB_SBY,PKG-00144,2026-09-19 12:24:00,2026-09-19 16:08:24,3.74
HUB_SBY,PKG-00145,2026-09-18 08:25:00,2026-09-18 12:10:00,3.75
HUB_SBY,PKG-00146,2026-09-14 00:26:00,2026-09-14 07:01:24,6.59
HUB_SBY,PKG-00147,2026-09-15 13:27:00,2026-09-15 17:26:24,3.99
HUB_SBY,PKG-00148,2026-09-19 23:28:00,2026-09-20 03:04:36,3.61
HUB_SBY,PKG-00149,2026-09-09 22:29:00,2026-09-10 03:56:00,5.45
HUB_SBY,PKG-00150,2026-09-10 03:30:00,2026-09-10 09:36:00,6.1
HUB_SBY,PKG-00151,2026-09-18 08:31:00,2026-09-18 13:52:00,5.35
HUB_SBY,PKG-00152,2026-09-10 01:32:00,2026-09-10 06:12:48,4.68
HUB_SBY,PKG-00153,2026-09-04 21:33:00,2026-09-05 00:58:12,3.42
HUB_SBY,PKG-00154,2026-09-18 06:34:00,2026-09-18 12:11:12,5.62
HUB_SBY,PKG-00155,2026-09-07 12:35:00,2026-09-07 17:39:12,5.07
HUB_SBY,PKG-00156,2026-09-14 20:36:00,2026-09-15 00:58:48,4.38
HUB_SBY,PKG-00157,2026-09-11 07:37:00,2026-09-11 14:04:36,6.46
HUB_SBY,PKG-00158,2026-09-07 01:38:00,2026-09-07 05:01:24,3.39
HUB_SBY,PKG-00159,2026-09-13 13:39:00,2026-09-13 20:32:24,6.89
HUB_SBY,PKG-00160,2026-09-10 12:40:00,2026-09-10 17:53:48,5.23
HUB_SBY,PKG-00161,2026-09-18 15:41:00,2026-09-18 21:45:12,6.07
HUB_SBY,PKG-00162,2026-09-04 12:42:00,2026-09-04 19:18:36,6.61
HUB_SBY,PKG-00163,2026-09-06 21:43:00,2026-09-07 03:46:00,6.05
HUB_SBY,PKG-00164,2026-09-03 10:44:00,2026-09-03 14:16:24,3.54
HUB_SBY,PKG-00165,2026-09-13 21:45:00,2026-09-14 04:31:12,6.77
HUB_SBY,PKG-00166,2026-09-03 08:46:00,2026-09-03 11:59:12,3.22
HUB_SBY,PKG-00167,2026-09-09 01:47:00,2026-09-09 08:12:48,6.43
HUB_SBY,PKG-00168,2026-09-19 21:48:00,2026-09-20 03:01:12,5.22
HUB_SBY,PKG-00169,2026-09-04 00:49:00,2026-09-04 05:28:00,4.65
HUB_SBY,PKG-00170,2026-09-11 15:50:00,2026-09-11 21:48:48,5.98
HUB_SBY,PKG-00171,2026-09-12 18:51:00,2026-09-12 23:48:36,4.96
HUB_SBY,PKG-00172,2026-09-13 14:52:00,2026-09-13 19:25:00,4.55
HUB_SBY,PKG-00173,2026-09-05 06:53:00,2026-09-05 11:01:24,4.14
HUB_SBY,PKG-00174,2026-09-24 16:54:00,2026-09-24 21:46:48,4.88
HUB_SBY,PKG-00175,2026-09-19 20:55:00,2026-09-20 01:43:36,4.81
HUB_SBY,PKG-00176,2026-09-18 16:56:00,2026-09-18 20:27:12,3.52
HUB_SBY,PKG-00177,2026-09-15 10:57:00,2026-09-15 17:43:12,6.77
HUB_SBY,PKG-00178,2026-09-03 08:58:00,2026-09-03 14:38:48,5.68
HUB_SBY,PKG-00179,2026-09-24 00:59:00,2026-09-24 06:56:00,5.95
HUB_SBY,PKG-00180,2026-09-11 22:00:00,2026-09-12 04:49:48,6.83
HUB_SBY,PKG-00181,2026-09-06 23:01:00,2026-09-07 02:01:36,3.01
HUB_SBY,PKG-00182,2026-09-24 01:02:00,2026-09-24 06:41:00,5.65
HUB_SBY,PKG-00183,2026-09-11 09:03:00,2026-09-11 12:21:36,3.31
HUB_SBY,PKG-00184,2026-09-26 00:04:00,2026-09-26 04:12:24,4.14
HUB_SBY,PKG-00185,2026-09-16 17:05:00,2026-09-16 20:27:12,3.37
HUB_SBY,PKG-00186,2026-09-08 04:06:00,2026-09-08 08:03:36,3.96
HUB_SBY,PKG-00187,2026-09-14 03:07:00,2026-09-14 06:11:48,3.08
HUB_SBY,PKG-00188,2026-09-09 04:08:00,2026-09-09 10:49:24,6.69
HUB_SBY,PKG-00189,2026-09-21 08:09:00,2026-09-21 13:30:36,5.36
HUB_SBY,PKG-00190,2026-09-26 02:10:00,2026-09-26 06:44:12,4.57
HUB_SBY,PKG-00191,2026-09-25 10:11:00,2026-09-25 15:54:12,5.72
HUB_SBY,PKG-00192,2026-09-01 11:12:00,2026-09-01 17:26:24,6.24
HUB_SBY,PKG-00193,2026-09-19 22:13:00,2026-09-20 05:07:00,6.9
HUB_SBY,PKG-00194,2026-09-11 12:14:00,2026-09-11 15:23:00,3.15
HUB_SBY,PKG-00195,2026-09-10 17:15:00,2026-09-10 22:20:24,5.09
HUB_SBY,PKG-00196,2026-09-20 20:16:00,2026-09-21 00:21:24,4.09
HUB_SBY,PKG-00197,2026-09-07 11:17:00,2026-09-07 14:29:00,3.2
HUB_SBY,PKG-00198,2026-09-01 20:18:00,2026-09-02 02:24:36,6.11
HUB_SBY,PKG-00199,2026-09-05 18:19:00,2026-09-06 00:05:12,5.77
HUB_SBY,PKG-00200,2026-09-09 06:20:00,2026-09-09 10:48:12,4.47
HUB_SBY,PKG-00201,2026-09-14 14:21:00,2026-09-14 21:18:00,6.95
HUB_SBY,PKG-00202,2026-09-24 23:22:00,2026-09-25 03:56:48,4.58
HUB_SBY,PKG-00203,2026-09-06 04:23:00,2026-09-06 09:25:24,5.04
HUB_SBY,PKG-00204,2026-09-10 21:24:00,2026-09-11 02:21:00,4.95
HUB_SBY,PKG-00205,2026-09-15 02:25:00,2026-09-15 07:47:48,5.38
HUB_SBY,PKG-00206,2026-09-17 20:26:00,2026-09-18 00:54:48,4.48
HUB_SBY,PKG-00207,2026-09-20 19:27:00,2026-09-21 00:26:24,4.99
HUB_SBY,PKG-00208,2026-09-16 04:28:00,2026-09-16 09:44:12,5.27
HUB_SBY,PKG-00209,2026-09-13 07:29:00,2026-09-13 12:08:36,4.66
HUB_SBY,PKG-00210,2026-09-24 19:30:00,2026-09-25 01:19:12,5.82
HUB_SBY,PKG-00211,2026-09-12 06:31:00,2026-09-12 12:46:36,6.26
HUB_SBY,PKG-00212,2026-09-25 03:32:00,2026-09-25 07:34:24,4.04
HUB_SBY,PKG-00213,2026-09-07 20:33:00,2026-09-07 23:37:12,3.07
HUB_SBY,PKG-00214,2026-09-20 23:34:00,2026-09-21 03:59:12,4.42
HUB_SBY,PKG-00215,2026-09-14 23:35:00,2026-09-15 04:07:24,4.54
HUB_SBY,PKG-00216,2026-09-06 04:36:00,2026-09-06 10:51:36,6.26
HUB_SBY,PKG-00217,2026-09-08 10:37:00,2026-09-08 17:33:24,6.94
HUB_SBY,PKG-00218,2026-09-25 11:38:00,2026-09-25 17:18:48,5.68
HUB_SBY,PKG-00219,2026-09-14 23:39:00,2026-09-15 05:24:36,5.76
HUB_SBY,PKG-00220,2026-09-11 04:40:00,2026-09-11 08:04:36,3.41
HUB_SBY,PKG-00221,2026-09-22 05:41:00,2026-09-22 08:43:24,3.04
HUB_SBY,PKG-00222,2026-09-06 20:42:00,2026-09-07 01:30:00,4.8
HUB_SBY,PKG-00223,2026-09-21 02:43:00,2026-09-21 07:17:12,4.57
HUB_SBY,PKG-00224,2026-09-08 17:44:00,2026-09-09 00:06:48,6.38
HUB_SBY,PKG-00225,2026-09-16 13:45:00,2026-09-16 17:33:36,3.81
HUB_SBY,PKG-00226,2026-09-18 22:46:00,2026-09-19 02:37:36,3.86
HUB_SBY,PKG-00227,2026-09-23 08:47:00,2026-09-23 11:50:36,3.06
HUB_SBY,PKG-00228,2026-09-12 21:48:00,2026-09-13 01:50:24,4.04
HUB_SBY,PKG-00229,2026-09-01 14:49:00,2026-09-01 18:29:48,3.68
HUB_SBY,PKG-00230,2026-09-21 16:50:00,2026-09-21 20:55:24,4.09
HUB_SBY,PKG-00231,2026-09-12 12:51:00,2026-09-12 16:20:24,3.49
HUB_SBY,PKG-00232,2026-09-10 07:52:00,2026-09-10 11:41:48,3.83
HUB_SBY,PKG-00233,2026-09-05 21:53:00,2026-09-06 03:59:00,6.1
HUB_SBY,PKG-00234,2026-09-22 04:54:00,2026-09-22 11:47:24,6.89
HUB_SBY,PKG-00235,2026-09-25 09:55:00,2026-09-25 13:45:24,3.84
HUB_SBY,PKG-00236,2026-09-17 11:56:00,2026-09-17 17:32:36,5.61
HUB_SBY,PKG-00237,2026-09-13 16:57:00,2026-09-13 21:09:36,4.21
HUB_SBY,PKG-00238,2026-09-20 20:58:00,2026-09-21 02:31:36,5.56
HUB_SBY,PKG-00239,2026-09-03 00:59:00,2026-09-03 05:59:36,5.01
HUB_SBY,PKG-00240,2026-09-15 22:00:00,2026-09-16 01:04:48,3.08
HUB_SBY,PKG-00241,2026-09-07 02:01:00,2026-09-07 05:56:12,3.92
HUB_SBY,PKG-00242,2026-09-22 22:02:00,2026-09-23 03:30:12,5.47
HUB_SBY,PKG-00243,2026-09-13 10:03:00,2026-09-13 14:54:00,4.85
HUB_SBY,PKG-00244,2026-09-15 07:04:00,2026-09-15 11:52:00,4.8
HUB_SBY,PKG-00245,2026-09-14 14:05:00,2026-09-14 19:41:00,5.6
HUB_SBY,PKG-00246,2026-09-19 09:06:00,2026-09-19 14:33:36,5.46
HUB_SBY,PKG-00247,2026-09-08 11:07:00,2026-09-08 15:13:36,4.11
HUB_SBY,PKG-00248,2026-09-18 08:08:00,2026-09-18 13:17:36,5.16
HUB_SBY,PKG-00249,2026-09-13 16:09:00,2026-09-13 21:34:48,5.43
HUB_SBY,PKG-00250,2026-09-10 02:10:00,2026-09-10 06:10:00,4.0
HUB_SBY,PKG-00251,2026-09-01 14:11:00,2026-09-01 20:20:36,6.16
HUB_SBY,PKG-00252,2026-09-03 18:12:00,2026-09-04 00:21:36,6.16
HUB_SBY,PKG-00253,2026-09-11 12:13:00,2026-09-11 16:53:12,4.67
HUB_SBY,PKG-00254,2026-09-20 05:14:00,2026-09-20 11:41:36,6.46
HUB_SBY,PKG-00255,2026-09-22 20:15:00,2026-09-23 02:01:12,5.77
HUB_SBY,PKG-00256,2026-09-09 18:16:00,2026-09-09 23:39:24,5.39
HUB_SBY,PKG-00257,2026-09-04 05:17:00,2026-09-04 11:25:24,6.14
HUB_SBY,PKG-00258,2026-09-04 11:18:00,2026-09-04 17:22:12,6.07
HUB_SBY,PKG-00259,2026-09-14 05:19:00,2026-09-14 11:04:36,5.76
HUB_SBY,PKG-00260,2026-09-21 03:20:00,2026-09-21 09:35:36,6.26
HUB_SBY,PKG-00261,2026-09-03 04:21:00,2026-09-03 07:32:24,3.19
HUB_SBY,PKG-00262,2026-09-03 11:22:00,2026-09-03 16:09:24,4.79
HUB_SBY,PKG-00263,2026-09-23 21:23:00,2026-09-24 02:38:36,5.26
HUB_SBY,PKG-00264,2026-09-14 18:24:00,2026-09-14 22:16:48,3.88
HUB_SBY,PKG-00265,2026-09-24 08:25:00,2026-09-24 12:13:36,3.81
HUB_SBY,PKG-00266,2026-09-06 18:26:00,2026-09-06 23:28:24,5.04
HUB_SBY,PKG-00267,2026-09-23 15:27:00,2026-09-23 20:36:36,5.16
HUB_SBY,PKG-00268,2026-09-08 05:28:00,2026-09-08 11:32:48,6.08
HUB_SBY,PKG-00269,2026-09-10 06:29:00,2026-09-10 13:26:36,6.96
HUB_SBY,PKG-00270,2026-09-23 23:30:00,2026-09-24 03:33:36,4.06
HUB_SBY,PKG-00271,2026-09-17 17:31:00,2026-09-18 00:11:48,6.68
HUB_SBY,PKG-00272,2026-09-03 03:32:00,2026-09-03 06:48:12,3.27
HUB_SBY,PKG-00273,2026-09-17 11:33:00,2026-09-17 14:34:12,3.02
HUB_SBY,PKG-00274,2026-09-16 11:34:00,2026-09-16 17:49:00,6.25
HUB_SBY,PKG-00275,2026-09-23 05:35:00,2026-09-23 10:51:12,5.27
HUB_SBY,PKG-00276,2026-09-14 20:36:00,2026-09-15 03:17:24,6.69
HUB_SBY,PKG-00277,2026-09-23 07:37:00,2026-09-23 10:58:36,3.36
HUB_SBY,PKG-00278,2026-09-24 19:38:00,2026-09-25 00:51:48,5.23
HUB_SBY,PKG-00279,2026-09-13 12:39:00,2026-09-13 17:11:24,4.54
HUB_SBY,PKG-00280,2026-09-06 22:40:00,2026-09-07 01:50:12,3.17
HUB_SBY,PKG-00281,2026-09-25 13:41:00,2026-09-25 18:12:48,4.53
HUB_SBY,PKG-00282,2026-09-23 21:42:00,2026-09-24 02:27:36,4.76
HUB_SBY,PKG-00283,2026-09-08 00:43:00,2026-09-08 06:25:36,5.71
HUB_SBY,PKG-00284,2026-09-03 05:44:00,2026-09-03 10:15:48,4.53
HUB_SBY,PKG-00285,2026-09-25 19:45:00,2026-09-26 01:16:48,5.53
HUB_SBY,PKG-00286,2026-09-05 22:46:00,2026-09-06 04:32:12,5.77
HUB_SBY,PKG-00287,2026-09-08 16:47:00,2026-09-08 21:33:48,4.78
HUB_SBY,PKG-00288,2026-09-14 07:48:00,2026-09-14 13:18:36,5.51
HUB_SBY,PKG-00289,2026-09-15 01:49:00,2026-09-15 08:30:24,6.69
HUB_SBY,PKG-00290,2026-09-23 05:50:00,2026-09-23 09:26:00,3.6
HUB_SBY,PKG-00291,2026-09-23 19:51:00,2026-09-24 01:04:12,5.22
HUB_SBY,PKG-00292,2026-09-05 18:52:00,2026-09-05 22:50:12,3.97
HUB_SBY,PKG-00293,2026-09-07 00:53:00,2026-09-07 06:51:48,5.98
HUB_SBY,PKG-00294,2026-09-18 13:54:00,2026-09-18 20:34:12,6.67
HUB_SBY,PKG-00295,2026-09-26 05:55:00,2026-09-26 10:59:48,5.08
HUB_SBY,PKG-00296,2026-09-11 02:56:00,2026-09-11 06:55:24,3.99
HUB_SBY,PKG-00297,2026-09-03 18:57:00,2026-09-03 23:03:36,4.11
HUB_SBY,PKG-00298,2026-09-01 14:58:00,2026-09-01 20:38:12,5.67
HUB_SBY,PKG-00299,2026-09-06 15:59:00,2026-09-06 21:27:12,5.47
HUB_SBY,PKG-00300,2026-09-10 01:00:00,2026-09-10 04:34:48,3.58
HUB_SBY,PKG-00301,2026-09-03 00:01:00,2026-09-03 03:12:24,3.19
HUB_SBY,PKG-00302,2026-09-09 16:02:00,2026-09-09 21:08:36,5.11
HUB_SBY,PKG-00303,2026-09-18 08:03:00,2026-09-18 13:30:00,5.45
HUB_SBY,PKG-00304,2026-09-24 20:04:00,2026-09-25 01:30:24,5.44
HUB_SBY,PKG-00305,2026-09-15 07:05:00,2026-09-15 10:40:24,3.59
HUB_SBY,PKG-00306,2026-09-12 16:06:00,2026-09-12 21:56:24,5.84
HUB_SBY,PKG-00307,2026-09-22 23:07:00,2026-09-23 02:38:12,3.52
HUB_SBY,PKG-00308,2026-09-12 10:08:00,2026-09-12 16:23:36,6.26
HUB_SBY,PKG-00309,2026-09-06 09:09:00,2026-09-06 12:46:12,3.62
HUB_SBY,PKG-00310,2026-09-21 06:10:00,2026-09-21 10:12:24,4.04
HUB_SBY,PKG-00311,2026-09-22 09:11:00,2026-09-22 13:36:48,4.43
HUB_SBY,PKG-00312,2026-09-10 15:12:00,2026-09-10 18:30:36,3.31
HUB_SBY,PKG-00313,2026-09-17 22:13:00,2026-09-18 01:31:00,3.3
HUB_SBY,PKG-00314,2026-09-19 18:14:00,2026-09-20 00:05:00,5.85
HUB_SBY,PKG-00315,2026-09-16 00:15:00,2026-09-16 03:15:36,3.01
HUB_SBY,PKG-00316,2026-09-21 11:16:00,2026-09-21 14:23:12,3.12
HUB_SBY,PKG-00317,2026-09-01 19:17:00,2026-09-02 01:41:00,6.4
HUB_SBY,PKG-00318,2026-09-21 13:18:00,2026-09-21 18:00:36,4.71
HUB_SBY,PKG-00319,2026-09-21 21:19:00,2026-09-22 01:11:48,3.88
HUB_SBY,PKG-00320,2026-09-19 00:20:00,2026-09-19 05:51:12,5.52
HUB_SBY,PKG-00321,2026-09-10 16:21:00,2026-09-10 20:19:48,3.98
HUB_SBY,PKG-00322,2026-09-19 21:22:00,2026-09-20 02:01:36,4.66
HUB_SBY,PKG-00323,2026-09-21 04:23:00,2026-09-21 07:23:36,3.01
HUB_SBY,PKG-00324,2026-09-23 17:24:00,2026-09-23 21:10:12,3.77
HUB_SBY,PKG-00325,2026-09-09 04:25:00,2026-09-09 10:04:00,5.65
HUB_SBY,PKG-00326,2026-09-06 03:26:00,2026-09-06 06:35:36,3.16
HUB_SBY,PKG-00327,2026-09-20 07:27:00,2026-09-20 13:20:24,5.89
HUB_SBY,PKG-00328,2026-09-25 13:28:00,2026-09-25 19:19:00,5.85
HUB_SBY,PKG-00329,2026-09-10 22:29:00,2026-09-11 04:18:48,5.83
HUB_SBY,PKG-00330,2026-09-07 05:30:00,2026-09-07 08:54:00,3.4
HUB_SBY,PKG-00331,2026-09-12 17:31:00,2026-09-12 21:50:48,4.33
HUB_SBY,PKG-00332,2026-09-02 21:32:00,2026-09-03 01:48:48,4.28
HUB_SBY,PKG-00333,2026-09-03 14:33:00,2026-09-03 20:13:48,5.68
HUB_SBY,PKG-00334,2026-09-20 09:34:00,2026-09-20 13:02:12,3.47
HUB_SBY,PKG-00335,2026-09-13 15:35:00,2026-09-13 20:56:36,5.36
HUB_SBY,PKG-00336,2026-09-21 16:36:00,2026-09-21 20:12:36,3.61
HUB_SBY,PKG-00337,2026-09-12 01:37:00,2026-09-12 08:31:36,6.91
HUB_SBY,PKG-00338,2026-09-22 16:38:00,2026-09-22 22:16:24,5.64
HUB_SBY,PKG-00339,2026-09-20 18:39:00,2026-09-21 00:12:36,5.56
HUB_SBY,PKG-00340,2026-09-02 04:40:00,2026-09-02 07:52:36,3.21
HUB_SBY,PKG-00341,2026-09-09 22:41:00,2026-09-10 05:19:24,6.64
HUB_SBY,PKG-00342,2026-09-26 04:42:00,2026-09-26 09:00:36,4.31
HUB_SBY,PKG-00343,2026-09-15 19:43:00,2026-09-16 02:11:48,6.48
HUB_SBY,PKG-00344,2026-09-13 23:44:00,2026-09-14 02:59:00,3.25
HUB_SBY,PKG-00345,2026-09-13 10:45:00,2026-09-13 17:23:24,6.64
HUB_SBY,PKG-00346,2026-09-16 08:46:00,2026-09-16 13:01:36,4.26
HUB_SBY,PKG-00347,2026-09-04 18:47:00,2026-09-05 00:00:48,5.23
HUB_SBY,PKG-00348,2026-09-18 23:48:00,2026-09-19 05:45:36,5.96
HUB_SBY,PKG-00349,2026-09-11 22:49:00,2026-09-12 01:59:12,3.17
HUB_SBY,PKG-00350,2026-09-11 04:50:00,2026-09-11 09:44:00,4.9
HUB_SBY,PKG-00351,2026-09-18 04:51:00,2026-09-18 10:49:48,5.98
HUB_SBY,PKG-00352,2026-09-14 23:52:00,2026-09-15 03:37:00,3.75
HUB_SBY,PKG-00353,2026-09-08 16:53:00,2026-09-08 20:05:00,3.2
HUB_SBY,PKG-00354,2026-09-14 19:54:00,2026-09-14 23:33:00,3.65
HUB_SBY,PKG-00355,2026-09-20 15:55:00,2026-09-20 22:41:48,6.78
HUB_SBY,PKG-00356,2026-09-07 18:56:00,2026-09-08 00:11:00,5.25
HUB_SBY,PKG-00357,2026-09-25 21:57:00,2026-09-26 04:38:24,6.69
HUB_SBY,PKG-00358,2026-09-02 07:58:00,2026-09-02 11:20:12,3.37
HUB_SBY,PKG-00359,2026-09-22 10:59:00,2026-09-22 17:50:00,6.85
HUB_SBY,PKG-00360,2026-09-24 13:00:00,2026-09-24 17:01:48,4.03
HUB_SBY,PKG-00361,2026-09-09 19:01:00,2026-09-10 00:18:24,5.29
HUB_SBY,PKG-00362,2026-09-07 10:02:00,2026-09-07 15:01:24,4.99
HUB_SBY,PKG-00363,2026-09-07 02:03:00,2026-09-07 06:28:48,4.43
HUB_SBY,PKG-00364,2026-09-01 08:04:00,2026-09-01 13:11:48,5.13
HUB_SBY,PKG-00365,2026-09-09 04:05:00,2026-09-09 10:56:36,6.86
HUB_SBY,PKG-00366,2026-09-25 00:06:00,2026-09-25 05:52:48,5.78
HUB_SBY,PKG-00367,2026-09-14 06:07:00,2026-09-14 11:07:36,5.01
HUB_SBY,PKG-00368,2026-09-08 04:08:00,2026-09-08 09:24:48,5.28
HUB_SBY,PKG-00369,2026-09-15 03:09:00,2026-09-15 08:25:12,5.27
HUB_SBY,PKG-00370,2026-09-03 20:10:00,2026-09-04 01:26:12,5.27
HUB_SBY,PKG-00371,2026-09-08 23:11:00,2026-09-09 04:54:48,5.73
HUB_SBY,PKG-00372,2026-09-13 03:12:00,2026-09-13 10:04:48,6.88
HUB_SBY,PKG-00373,2026-09-01 10:13:00,2026-09-01 13:28:00,3.25
HUB_SBY,PKG-00374,2026-09-18 11:14:00,2026-09-18 14:23:36,3.16
HUB_SBY,PKG-00375,2026-09-25 04:15:00,2026-09-25 10:54:36,6.66
HUB_SBY,PKG-00376,2026-09-10 03:16:00,2026-09-10 08:17:12,5.02
HUB_SBY,PKG-00377,2026-09-04 18:17:00,2026-09-05 00:18:12,6.02
HUB_SBY,PKG-00378,2026-09-02 08:18:00,2026-09-02 13:00:36,4.71
HUB_SBY,PKG-00379,2026-09-02 05:19:00,2026-09-02 11:45:24,6.44
HUB_SBY,PKG-00380,2026-09-16 20:20:00,2026-09-17 00:26:36,4.11
HUB_SBY,PKG-00381,2026-09-19 05:21:00,2026-09-19 10:37:48,5.28
HUB_SBY,PKG-00382,2026-09-15 09:22:00,2026-09-15 12:43:36,3.36
HUB_SBY,PKG-00383,2026-09-09 14:23:00,2026-09-09 20:51:12,6.47
HUB_SBY,PKG-00384,2026-09-15 08:24:00,2026-09-15 12:04:48,3.68
HUB_SBY,PKG-00385,2026-09-19 05:25:00,2026-09-19 11:55:00,6.5
HUB_SBY,PKG-00386,2026-09-01 11:26:00,2026-09-01 17:26:36,6.01
HUB_SBY,PKG-00387,2026-09-12 08:27:00,2026-09-12 13:08:24,4.69
HUB_SBY,PKG-00388,2026-09-06 02:28:00,2026-09-06 05:40:00,3.2
HUB_SBY,PKG-00389,2026-09-25 06:29:00,2026-09-25 13:26:00,6.95
HUB_SBY,PKG-00390,2026-09-23 03:30:00,2026-09-23 10:23:24,6.89
HUB_SBY,PKG-00391,2026-09-02 10:31:00,2026-09-02 16:16:36,5.76
HUB_SBY,PKG-00392,2026-09-23 11:32:00,2026-09-23 16:52:24,5.34
HUB_SBY,PKG-00393,2026-09-22 09:33:00,2026-09-22 16:06:36,6.56
HUB_SBY,PKG-00394,2026-09-16 11:34:00,2026-09-16 15:17:48,3.73
HUB_SBY,PKG-00395,2026-09-12 04:35:00,2026-09-12 10:11:00,5.6
HUB_SBY,PKG-00396,2026-09-20 01:36:00,2026-09-20 05:30:00,3.9
HUB_SBY,PKG-00397,2026-09-15 22:37:00,2026-09-16 01:38:12,3.02
HUB_SBY,PKG-00398,2026-09-19 18:38:00,2026-09-20 00:33:48,5.93
HUB_SBY,PKG-00399,2026-09-24 05:39:00,2026-09-24 11:12:36,5.56
HUB_SMG,PKG-00000,2026-09-21 00:00:00,2026-09-21 07:47:24,7.79
HUB_SMG,PKG-00001,2026-09-13 14:01:00,2026-09-13 22:09:24,8.14
HUB_SMG,PKG-00002,2026-09-17 16:02:00,2026-09-17 23:39:48,7.63
HUB_SMG,PKG-00003,2026-09-23 14:03:00,2026-09-23 19:05:24,5.04
HUB_SMG,PKG-00004,2026-09-14 12:04:00,2026-09-14 20:35:48,8.53
HUB_SMG,PKG-00005,2026-09-25 07:05:00,2026-09-25 14:02:36,6.96
HUB_SMG,PKG-00006,2026-09-10 11:06:00,2026-09-10 18:58:12,7.87
HUB_SMG,PKG-00007,2026-09-09 01:07:00,2026-09-09 06:10:36,5.06
HUB_SMG,PKG-00008,2026-09-25 09:08:00,2026-09-25 15:15:48,6.13
HUB_SMG,PKG-00009,2026-09-09 18:09:00,2026-09-10 01:43:48,7.58
HUB_SMG,PKG-00010,2026-09-05 08:10:00,2026-09-05 13:48:24,5.64
HUB_SMG,PKG-00011,2026-09-11 10:11:00,2026-09-11 16:40:24,6.49
HUB_SMG,PKG-00012,2026-09-21 15:12:00,2026-09-21 21:54:00,6.7
HUB_SMG,PKG-00013,2026-09-18 22:13:00,2026-09-19 05:39:24,7.44
HUB_SMG,PKG-00014,2026-09-03 12:14:00,2026-09-03 20:17:00,8.05
HUB_SMG,PKG-00015,2026-09-09 04:15:00,2026-09-09 10:01:12,5.77
HUB_SMG,PKG-00016,2026-09-04 02:16:00,2026-09-04 08:44:12,6.47
HUB_SMG,PKG-00017,2026-09-24 04:17:00,2026-09-24 12:32:00,8.25
HUB_SMG,PKG-00018,2026-09-05 17:18:00,2026-09-06 00:42:36,7.41
HUB_SMG,PKG-00019,2026-09-23 14:19:00,2026-09-23 20:54:24,6.59
HUB_SMG,PKG-00020,2026-09-01 14:20:00,2026-09-01 22:42:12,8.37
HUB_SMG,PKG-00021,2026-09-13 23:21:00,2026-09-14 06:12:00,6.85
HUB_SMG,PKG-00022,2026-09-08 05:22:00,2026-09-08 13:46:00,8.4
HUB_SMG,PKG-00023,2026-09-09 00:23:00,2026-09-09 06:11:36,5.81
HUB_SMG,PKG-00024,2026-09-23 11:24:00,2026-09-23 18:32:24,7.14
HUB_SMG,PKG-00025,2026-09-02 04:25:00,2026-09-02 09:56:48,5.53
HUB_SMG,PKG-00026,2026-09-08 21:26:00,2026-09-09 06:18:12,8.87
HUB_SMG,PKG-00027,2026-09-07 04:27:00,2026-09-07 09:31:12,5.07
HUB_SMG,PKG-00028,2026-09-04 11:28:00,2026-09-04 18:15:24,6.79
HUB_SMG,PKG-00029,2026-09-05 13:29:00,2026-09-05 21:42:48,8.23
HUB_SMG,PKG-00030,2026-09-19 19:30:00,2026-09-20 00:38:24,5.14
HUB_SMG,PKG-00031,2026-09-07 13:31:00,2026-09-07 19:08:12,5.62
HUB_SMG,PKG-00032,2026-09-06 13:32:00,2026-09-06 21:49:24,8.29
HUB_SMG,PKG-00033,2026-09-01 17:33:00,2026-09-02 00:47:24,7.24
HUB_SMG,PKG-00034,2026-09-20 19:34:00,2026-09-21 01:52:00,6.3
HUB_SMG,PKG-00035,2026-09-17 19:35:00,2026-09-18 01:32:36,5.96
HUB_SMG,PKG-00036,2026-09-14 09:36:00,2026-09-14 16:02:24,6.44
HUB_SMG,PKG-00037,2026-09-16 10:37:00,2026-09-16 16:19:00,5.7
HUB_SMG,PKG-00038,2026-09-04 04:38:00,2026-09-04 10:53:36,6.26
HUB_SMG,PKG-00039,2026-09-15 07:39:00,2026-09-15 13:40:12,6.02
HUB_SMG,PKG-00040,2026-09-10 02:40:00,2026-09-10 08:23:12,5.72
HUB_SMG,PKG-00041,2026-09-09 17:41:00,2026-09-10 00:08:36,6.46
HUB_SMG,PKG-00042,2026-09-12 01:42:00,2026-09-12 08:51:00,7.15
HUB_SMG,PKG-00043,2026-09-24 08:43:00,2026-09-24 15:19:36,6.61
HUB_SMG,PKG-00044,2026-09-18 20:44:00,2026-09-19 04:28:24,7.74
HUB_SMG,PKG-00045,2026-09-08 13:45:00,2026-09-08 21:23:24,7.64
HUB_SMG,PKG-00046,2026-09-22 21:46:00,2026-09-23 06:04:36,8.31
HUB_SMG,PKG-00047,2026-09-11 14:47:00,2026-09-11 19:59:36,5.21
HUB_SMG,PKG-00048,2026-09-15 12:48:00,2026-09-15 18:52:48,6.08
HUB_SMG,PKG-00049,2026-09-02 04:49:00,2026-09-02 09:52:00,5.05
HUB_SMG,PKG-00050,2026-09-06 12:50:00,2026-09-06 20:27:12,7.62
HUB_SMG,PKG-00051,2026-09-14 19:51:00,2026-09-15 03:21:00,7.5
HUB_SMG,PKG-00052,2026-09-11 06:52:00,2026-09-11 15:40:00,8.8
HUB_SMG,PKG-00053,2026-09-20 09:53:00,2026-09-20 16:51:48,6.98
HUB_SMG,PKG-00054,2026-09-07 12:54:00,2026-09-07 20:35:24,7.69
HUB_SMG,PKG-00055,2026-09-07 11:55:00,2026-09-07 20:43:36,8.81
HUB_SMG,PKG-00056,2026-09-21 07:56:00,2026-09-21 14:18:48,6.38
HUB_SMG,PKG-00057,2026-09-07 00:57:00,2026-09-07 09:16:48,8.33
HUB_SMG,PKG-00058,2026-09-04 12:58:00,2026-09-04 20:38:48,7.68
HUB_SMG,PKG-00059,2026-09-14 01:59:00,2026-09-14 09:42:48,7.73
HUB_SMG,PKG-00060,2026-09-02 19:00:00,2026-09-03 03:41:24,8.69
HUB_SMG,PKG-00061,2026-09-12 11:01:00,2026-09-12 17:19:36,6.31
HUB_SMG,PKG-00062,2026-09-25 07:02:00,2026-09-25 15:54:12,8.87
HUB_SMG,PKG-00063,2026-09-25 00:03:00,2026-09-25 06:35:24,6.54
HUB_SMG,PKG-00064,2026-09-18 15:04:00,2026-09-18 22:46:36,7.71
HUB_SMG,PKG-00065,2026-09-21 17:05:00,2026-09-22 00:57:48,7.88
HUB_SMG,PKG-00066,2026-09-01 23:06:00,2026-09-02 05:11:24,6.09
HUB_SMG,PKG-00067,2026-09-03 00:07:00,2026-09-03 05:11:48,5.08
HUB_SMG,PKG-00068,2026-09-25 03:08:00,2026-09-25 08:23:36,5.26
HUB_SMG,PKG-00069,2026-09-20 04:09:00,2026-09-20 11:55:48,7.78
HUB_SMG,PKG-00070,2026-09-22 23:10:00,2026-09-23 05:11:12,6.02
HUB_SMG,PKG-00071,2026-09-12 21:11:00,2026-09-13 05:42:48,8.53
HUB_SMG,PKG-00072,2026-09-13 01:12:00,2026-09-13 08:53:24,7.69
HUB_SMG,PKG-00073,2026-09-25 17:13:00,2026-09-25 22:56:12,5.72
HUB_SMG,PKG-00074,2026-09-23 18:14:00,2026-09-24 02:41:36,8.46
HUB_SMG,PKG-00075,2026-09-12 02:15:00,2026-09-12 11:01:12,8.77
HUB_SMG,PKG-00076,2026-09-05 11:16:00,2026-09-05 19:13:00,7.95
HUB_SMG,PKG-00077,2026-09-15 00:17:00,2026-09-15 05:47:00,5.5
HUB_SMG,PKG-00078,2026-09-19 12:18:00,2026-09-19 20:04:48,7.78
HUB_SMG,PKG-00079,2026-09-04 14:19:00,2026-09-04 19:24:24,5.09
HUB_SMG,PKG-00080,2026-09-19 00:20:00,2026-09-19 08:58:24,8.64
HUB_SMG,PKG-00081,2026-09-10 04:21:00,2026-09-10 11:59:24,7.64
HUB_SMG,PKG-00082,2026-09-03 17:22:00,2026-09-03 23:34:36,6.21
HUB_SMG,PKG-00083,2026-09-09 15:23:00,2026-09-09 22:26:00,7.05
HUB_SMG,PKG-00084,2026-09-15 11:24:00,2026-09-15 17:22:12,5.97
HUB_SMG,PKG-00085,2026-09-03 18:25:00,2026-09-04 01:29:12,7.07
HUB_SMG,PKG-00086,2026-09-22 21:26:00,2026-09-23 03:50:00,6.4
HUB_SMG,PKG-00087,2026-09-26 03:27:00,2026-09-26 10:00:00,6.55
HUB_SMG,PKG-00088,2026-09-15 18:28:00,2026-09-16 01:20:12,6.87
HUB_SMG,PKG-00089,2026-09-16 17:29:00,2026-09-17 02:18:12,8.82
HUB_SMG,PKG-00090,2026-09-08 01:30:00,2026-09-08 10:18:36,8.81
HUB_SMG,PKG-00091,2026-09-03 10:31:00,2026-09-03 19:07:36,8.61
HUB_SMG,PKG-00092,2026-09-20 18:32:00,2026-09-21 03:21:12,8.82
HUB_SMG,PKG-00093,2026-09-06 08:33:00,2026-09-06 13:41:24,5.14
HUB_SMG,PKG-00094,2026-09-02 22:34:00,2026-09-03 04:53:48,6.33
HUB_SMG,PKG-00095,2026-09-17 02:35:00,2026-09-17 11:32:36,8.96
HUB_SMG,PKG-00096,2026-09-20 16:36:00,2026-09-20 22:21:36,5.76
HUB_SMG,PKG-00097,2026-09-25 22:37:00,2026-09-26 07:16:00,8.65
HUB_SMG,PKG-00098,2026-09-09 07:38:00,2026-09-09 13:04:24,5.44
HUB_SMG,PKG-00099,2026-09-01 20:39:00,2026-09-02 03:11:24,6.54
HUB_SMG,PKG-00100,2026-09-17 10:40:00,2026-09-17 17:23:48,6.73
HUB_SMG,PKG-00101,2026-09-02 08:41:00,2026-09-02 17:24:12,8.72
HUB_SMG,PKG-00102,2026-09-17 05:42:00,2026-09-17 11:30:00,5.8
HUB_SMG,PKG-00103,2026-09-01 08:43:00,2026-09-01 15:38:48,6.93
HUB_SMG,PKG-00104,2026-09-24 00:44:00,2026-09-24 08:31:24,7.79
HUB_SMG,PKG-00105,2026-09-22 00:45:00,2026-09-22 05:48:00,5.05
HUB_SMG,PKG-00106,2026-09-19 22:46:00,2026-09-20 06:46:36,8.01
HUB_SMG,PKG-00107,2026-09-01 19:47:00,2026-09-02 02:19:24,6.54
HUB_SMG,PKG-00108,2026-09-17 13:48:00,2026-09-17 19:58:12,6.17
HUB_SMG,PKG-00109,2026-09-07 00:49:00,2026-09-07 08:02:12,7.22
HUB_SMG,PKG-00110,2026-09-07 03:50:00,2026-09-07 11:28:24,7.64
HUB_SMG,PKG-00111,2026-09-05 20:51:00,2026-09-06 02:57:36,6.11
HUB_SMG,PKG-00112,2026-09-18 21:52:00,2026-09-19 06:37:36,8.76
HUB_SMG,PKG-00113,2026-09-12 14:53:00,2026-09-12 23:17:00,8.4
HUB_SMG,PKG-00114,2026-09-18 20:54:00,2026-09-19 03:28:12,6.57
HUB_SMG,PKG-00115,2026-09-03 05:55:00,2026-09-03 13:59:48,8.08
HUB_SMG,PKG-00116,2026-09-02 19:56:00,2026-09-03 04:11:36,8.26
HUB_SMG,PKG-00117,2026-09-19 16:57:00,2026-09-20 01:10:12,8.22
HUB_SMG,PKG-00118,2026-09-10 13:58:00,2026-09-10 20:23:12,6.42
HUB_SMG,PKG-00119,2026-09-05 06:59:00,2026-09-05 15:51:48,8.88
HUB_SMG,PKG-00120,2026-09-04 00:00:00,2026-09-04 06:21:36,6.36
HUB_SMG,PKG-00121,2026-09-06 07:01:00,2026-09-06 13:27:24,6.44
HUB_SMG,PKG-00122,2026-09-11 02:02:00,2026-09-11 08:20:00,6.3
HUB_SMG,PKG-00123,2026-09-05 20:03:00,2026-09-06 03:03:00,7.0
HUB_SMG,PKG-00124,2026-09-14 23:04:00,2026-09-15 06:59:12,7.92
HUB_SMG,PKG-00125,2026-09-09 09:05:00,2026-09-09 17:07:24,8.04
HUB_SMG,PKG-00126,2026-09-04 19:06:00,2026-09-05 01:01:12,5.92
HUB_SMG,PKG-00127,2026-09-12 21:07:00,2026-09-13 05:04:00,7.95
HUB_SMG,PKG-00128,2026-09-25 11:08:00,2026-09-25 17:00:12,5.87
HUB_SMG,PKG-00129,2026-09-04 04:09:00,2026-09-04 09:45:36,5.61
HUB_SMG,PKG-00130,2026-09-09 04:10:00,2026-09-09 11:23:12,7.22
HUB_SMG,PKG-00131,2026-09-03 04:11:00,2026-09-03 10:31:24,6.34
HUB_SMG,PKG-00132,2026-09-03 06:12:00,2026-09-03 12:22:12,6.17
HUB_SMG,PKG-00133,2026-09-19 03:13:00,2026-09-19 10:07:00,6.9
HUB_SMG,PKG-00134,2026-09-24 15:14:00,2026-09-24 22:35:36,7.36
HUB_SMG,PKG-00135,2026-09-19 07:15:00,2026-09-19 12:40:12,5.42
HUB_SMG,PKG-00136,2026-09-13 21:16:00,2026-09-14 03:25:00,6.15
HUB_SMG,PKG-00137,2026-09-22 14:17:00,2026-09-22 20:29:36,6.21
HUB_SMG,PKG-00138,2026-09-10 20:18:00,2026-09-11 03:58:12,7.67
HUB_SMG,PKG-00139,2026-09-16 09:19:00,2026-09-16 18:10:36,8.86
HUB_SMG,PKG-00140,2026-09-04 06:20:00,2026-09-04 14:53:00,8.55
HUB_SMG,PKG-00141,2026-09-10 17:21:00,2026-09-11 01:31:12,8.17
HUB_SMG,PKG-00142,2026-09-08 09:22:00,2026-09-08 18:02:48,8.68
HUB_SMG,PKG-00143,2026-09-19 10:23:00,2026-09-19 18:40:24,8.29
HUB_SMG,PKG-00144,2026-09-18 00:24:00,2026-09-18 07:28:12,7.07
HUB_SMG,PKG-00145,2026-09-03 04:25:00,2026-09-03 12:07:36,7.71
HUB_SMG,PKG-00146,2026-09-06 06:26:00,2026-09-06 12:24:12,5.97
HUB_SMG,PKG-00147,2026-09-16 12:27:00,2026-09-16 20:57:36,8.51
HUB_SMG,PKG-00148,2026-09-20 10:28:00,2026-09-20 16:22:36,5.91
HUB_SMG,PKG-00149,2026-09-13 17:29:00,2026-09-14 01:17:00,7.8
HUB_SMG,PKG-00150,2026-09-16 10:30:00,2026-09-16 17:26:24,6.94
HUB_SMG,PKG-00151,2026-09-03 05:31:00,2026-09-03 10:59:48,5.48
HUB_SMG,PKG-00152,2026-09-08 17:32:00,2026-09-09 00:42:12,7.17
HUB_SMG,PKG-00153,2026-09-16 02:33:00,2026-09-16 08:21:00,5.8
HUB_SMG,PKG-00154,2026-09-18 23:34:00,2026-09-19 06:14:12,6.67
HUB_SMG,PKG-00155,2026-09-09 08:35:00,2026-09-09 16:17:36,7.71
HUB_SMG,PKG-00156,2026-09-03 18:36:00,2026-09-04 03:35:24,8.99
HUB_SMG,PKG-00157,2026-09-23 05:37:00,2026-09-23 11:50:12,6.22
HUB_SMG,PKG-00158,2026-09-24 03:38:00,2026-09-24 09:36:48,5.98
HUB_SMG,PKG-00159,2026-09-06 23:39:00,2026-09-07 07:01:48,7.38
HUB_SMG,PKG-00160,2026-09-19 07:40:00,2026-09-19 15:55:36,8.26
HUB_SMG,PKG-00161,2026-09-12 13:41:00,2026-09-12 22:11:36,8.51
HUB_SMG,PKG-00162,2026-09-07 17:42:00,2026-09-08 00:10:12,6.47
HUB_SMG,PKG-00163,2026-09-15 04:43:00,2026-09-15 09:49:36,5.11
HUB_SMG,PKG-00164,2026-09-20 06:44:00,2026-09-20 15:17:36,8.56
HUB_SMG,PKG-00165,2026-09-08 06:45:00,2026-09-08 15:36:36,8.86
HUB_SMG,PKG-00166,2026-09-01 11:46:00,2026-09-01 18:02:48,6.28
HUB_SMG,PKG-00167,2026-09-10 07:47:00,2026-09-10 15:14:00,7.45
HUB_SMG,PKG-00168,2026-09-21 05:48:00,2026-09-21 10:49:48,5.03
HUB_SMG,PKG-00169,2026-09-09 11:49:00,2026-09-09 17:56:12,6.12
HUB_SMG,PKG-00170,2026-09-13 00:50:00,2026-09-13 08:48:12,7.97
HUB_SMG,PKG-00171,2026-09-19 22:51:00,2026-09-20 04:27:00,5.6
HUB_SMG,PKG-00172,2026-09-23 04:52:00,2026-09-23 11:59:48,7.13
HUB_SMG,PKG-00173,2026-09-23 11:53:00,2026-09-23 18:53:00,7.0
HUB_SMG,PKG-00174,2026-09-01 17:54:00,2026-09-02 02:06:00,8.2
HUB_SMG,PKG-00175,2026-09-21 16:55:00,2026-09-21 23:01:36,6.11
HUB_SMG,PKG-00176,2026-09-21 16:56:00,2026-09-22 01:08:00,8.2
HUB_SMG,PKG-00177,2026-09-04 15:57:00,2026-09-04 22:29:24,6.54
HUB_SMG,PKG-00178,2026-09-22 03:58:00,2026-09-22 09:55:00,5.95
HUB_SMG,PKG-00179,2026-09-18 11:59:00,2026-09-18 20:03:12,8.07
HUB_SMG,PKG-00180,2026-09-25 01:00:00,2026-09-25 07:09:36,6.16
HUB_SMG,PKG-00181,2026-09-16 03:01:00,2026-09-16 10:23:48,7.38
HUB_SMG,PKG-00182,2026-09-01 16:02:00,2026-09-01 23:43:24,7.69
HUB_SMG,PKG-00183,2026-09-25 16:03:00,2026-09-25 23:35:24,7.54
HUB_SMG,PKG-00184,2026-09-06 09:04:00,2026-09-06 16:00:24,6.94
HUB_SMG,PKG-00185,2026-09-26 04:05:00,2026-09-26 12:23:00,8.3
HUB_SMG,PKG-00186,2026-09-24 09:06:00,2026-09-24 17:56:24,8.84
HUB_SMG,PKG-00187,2026-09-15 20:07:00,2026-09-16 03:44:12,7.62
HUB_SMG,PKG-00188,2026-09-03 10:08:00,2026-09-03 18:06:48,7.98
HUB_SMG,PKG-00189,2026-09-15 19:09:00,2026-09-16 00:54:36,5.76
HUB_SMG,PKG-00190,2026-09-09 22:10:00,2026-09-10 05:37:00,7.45
HUB_SMG,PKG-00191,2026-09-19 20:11:00,2026-09-20 04:23:36,8.21
HUB_SMG,PKG-00192,2026-09-19 22:12:00,2026-09-20 04:55:48,6.73
HUB_SMG,PKG-00193,2026-09-11 01:13:00,2026-09-11 10:07:36,8.91
HUB_SMG,PKG-00194,2026-09-13 08:14:00,2026-09-13 14:06:12,5.87
HUB_SMG,PKG-00195,2026-09-05 15:15:00,2026-09-05 21:17:24,6.04
HUB_SMG,PKG-00196,2026-09-25 18:16:00,2026-09-26 01:49:36,7.56
HUB_SMG,PKG-00197,2026-09-15 20:17:00,2026-09-16 05:14:36,8.96
HUB_SMG,PKG-00198,2026-09-03 01:18:00,2026-09-03 06:30:00,5.2
HUB_SMG,PKG-00199,2026-09-21 09:19:00,2026-09-21 16:38:12,7.32
HUB_SMG,PKG-00200,2026-09-09 03:20:00,2026-09-09 10:59:00,7.65
HUB_SMG,PKG-00201,2026-09-10 03:21:00,2026-09-10 10:18:00,6.95
HUB_SMG,PKG-00202,2026-09-01 16:22:00,2026-09-02 00:13:36,7.86
HUB_SMG,PKG-00203,2026-09-16 14:23:00,2026-09-16 21:51:12,7.47
HUB_SMG,PKG-00204,2026-09-07 00:24:00,2026-09-07 06:37:12,6.22
HUB_SMG,PKG-00205,2026-09-09 04:25:00,2026-09-09 11:31:00,7.1
HUB_SMG,PKG-00206,2026-09-10 21:26:00,2026-09-11 05:17:00,7.85
HUB_SMG,PKG-00207,2026-09-07 21:27:00,2026-09-08 02:49:48,5.38
HUB_SMG,PKG-00208,2026-09-13 21:28:00,2026-09-14 02:28:00,5.0
HUB_SMG,PKG-00209,2026-09-06 08:29:00,2026-09-06 17:07:24,8.64
HUB_SMG,PKG-00210,2026-09-13 11:30:00,2026-09-13 16:34:48,5.08
HUB_SMG,PKG-00211,2026-09-04 19:31:00,2026-09-05 01:13:36,5.71
HUB_SMG,PKG-00212,2026-09-09 04:32:00,2026-09-09 13:26:00,8.9
HUB_SMG,PKG-00213,2026-09-07 09:33:00,2026-09-07 15:06:00,5.55
HUB_SMG,PKG-00214,2026-09-16 06:34:00,2026-09-16 13:35:12,7.02
HUB_SMG,PKG-00215,2026-09-12 13:35:00,2026-09-12 21:38:36,8.06
HUB_SMG,PKG-00216,2026-09-21 21:36:00,2026-09-22 05:32:24,7.94
HUB_SMG,PKG-00217,2026-09-05 01:37:00,2026-09-05 07:11:12,5.57
HUB_SMG,PKG-00218,2026-09-16 03:38:00,2026-09-16 12:07:24,8.49
HUB_SMG,PKG-00219,2026-09-08 13:39:00,2026-09-08 21:58:48,8.33
HUB_SMG,PKG-00220,2026-09-18 22:40:00,2026-09-19 07:25:00,8.75
HUB_SMG,PKG-00221,2026-09-23 20:41:00,2026-09-24 02:32:36,5.86
HUB_SMG,PKG-00222,2026-09-21 04:42:00,2026-09-21 11:19:12,6.62
HUB_SMG,PKG-00223,2026-09-08 03:43:00,2026-09-08 11:34:00,7.85
HUB_SMG,PKG-00224,2026-09-15 21:44:00,2026-09-16 03:47:00,6.05
HUB_SMG,PKG-00225,2026-09-19 21:45:00,2026-09-20 04:50:24,7.09
HUB_SMG,PKG-00226,2026-09-09 21:46:00,2026-09-10 06:36:24,8.84
HUB_SMG,PKG-00227,2026-09-19 09:47:00,2026-09-19 15:38:36,5.86
HUB_SMG,PKG-00228,2026-09-07 11:48:00,2026-09-07 17:34:12,5.77
HUB_SMG,PKG-00229,2026-09-23 06:49:00,2026-09-23 14:32:48,7.73
HUB_SMG,PKG-00230,2026-09-16 20:50:00,2026-09-17 02:53:36,6.06
HUB_SMG,PKG-00231,2026-09-15 15:51:00,2026-09-15 21:33:36,5.71
HUB_SMG,PKG-00232,2026-09-10 21:52:00,2026-09-11 05:44:48,7.88
HUB_SMG,PKG-00233,2026-09-01 17:53:00,2026-09-02 01:11:00,7.3
HUB_SMG,PKG-00234,2026-09-18 11:54:00,2026-09-18 18:30:00,6.6
HUB_SMG,PKG-00235,2026-09-11 19:55:00,2026-09-12 03:10:36,7.26
HUB_SMG,PKG-00236,2026-09-09 22:56:00,2026-09-10 04:32:36,5.61
HUB_SMG,PKG-00237,2026-09-17 16:57:00,2026-09-17 22:28:48,5.53
HUB_SMG,PKG-00238,2026-09-02 23:58:00,2026-09-03 08:48:24,8.84
HUB_SMG,PKG-00239,2026-09-16 13:59:00,2026-09-16 22:14:00,8.25
HUB_SMG,PKG-00240,2026-09-22 18:00:00,2026-09-23 00:18:00,6.3
HUB_SMG,PKG-00241,2026-09-24 21:01:00,2026-09-25 02:07:00,5.1
HUB_SMG,PKG-00242,2026-09-07 12:02:00,2026-09-07 19:50:36,7.81
HUB_SMG,PKG-00243,2026-09-25 03:03:00,2026-09-25 11:36:36,8.56
HUB_SMG,PKG-00244,2026-09-11 19:04:00,2026-09-12 03:39:24,8.59
HUB_SMG,PKG-00245,2026-09-15 11:05:00,2026-09-15 17:36:12,6.52
HUB_SMG,PKG-00246,2026-09-01 22:06:00,2026-09-02 04:49:48,6.73
HUB_SMG,PKG-00247,2026-09-26 00:07:00,2026-09-26 05:47:12,5.67
HUB_SMG,PKG-00248,2026-09-25 14:08:00,2026-09-25 22:36:12,8.47
HUB_SMG,PKG-00249,2026-09-19 06:09:00,2026-09-19 13:28:12,7.32
