hub_id,package_id,event_type,timestamp
HUB_JKT,PKG-00043,ARRIVAL,2026-09-18T09:43:00Z
HUB_MKS,PKG-00029,ARRIVAL,2026-09-15T11:29:00Z
HUB_MKS,PKG-00228,ARRIVAL,2026-09-11T11:48:00Z
HUB_MKS,PKG-00097,DEPARTURE,2026-09-25T02:02:48Z
HUB_MED,PKG-00053,ARRIVAL,2026-09-18T01:53:00Z
HUB_JKT,PKG-00482,DEPARTURE,2026-09-18T23:46:24Z
HUB_SMG,PKG-00209,ARRIVAL,2026-09-06T01:29:00Z
HUB_MKS,PKG-00244,ARRIVAL,2026-09-18T05:04:00Z
HUB_SBY,PKG-00303,ARRIVAL,2026-09-18T01:03:00Z
HUB_SBY,PKG-00297,DEPARTURE,2026-09-03T16:03:36Z
HUB_JKT,PKG-00451,ARRIVAL,2026-09-23T04:31:00Z
HUB_MKS,PKG-00303,ARRIVAL,2026-09-18T05:03:00Z
HUB_DPS,PKG-00040,ARRIVAL,2026-09-11T01:40:00Z
HUB_SMG,PKG-00007,DEPARTURE,2026-09-08T23:10:36Z
HUB_SMG,PKG-00221,DEPARTURE,2026-09-23T19:32:36Z
HUB_SBY,PKG-00179,DEPARTURE,2026-09-23T23:56:00Z
HUB_SMG,PKG-00139,DEPARTURE,2026-09-16T11:10:36Z
HUB_SBY,PKG-00044,DEPARTURE,2026-09-06T00:18:48Z
HUB_JKT,PKG-00212,DEPARTURE,2026-09-11T12:14:36Z
HUB_MKS,PKG-00330,ARRIVAL,2026-09-23T19:30:00Z
HUB_JKT,PKG-00065,ARRIVAL,2026-09-04T05:05:00Z
HUB_SBY,PKG-00038,DEPARTURE,2026-09-14T13:46:24Z
HUB_DPS,PKG-00020,DEPARTURE,2026-09-18T15:39:12Z
HUB_JKT,PKG-00468,ARRIVAL,2026-09-02T11:48:00Z
HUB_JKT,PKG-00001,ARRIVAL,2026-09-15T14:01:00Z
HUB_BDG,PKG-00136,ARRIVAL,2026-09-06T19:16:00Z
HUB_SBY,PKG-00177,DEPARTURE,2026-09-15T10:43:12Z
HUB_MKS,PKG-00038,ARRIVAL,2026-09-24T19:38:00Z
HUB_MKS,PKG-00036,DEPARTURE,2026-09-11T06:28:48Z
HUB_SBY,PKG-00248,ARRIVAL,2026-09-18T01:08:00Z
HUB_BDG,PKG-00128,ARRIVAL,2026-09-05T13:08:00Z
HUB_JKT,PKG-00284,ARRIVAL,2026-09-05T10:44:00Z
HUB_BDG,PKG-00019,DEPARTURE,2026-09-03T00:09:24Z
HUB_SBY,PKG-00088,ARRIVAL,2026-09-20T10:28:00Z
HUB_JKT,PKG-00295,DEPARTURE,2026-09-14T20:25:36Z
HUB_JKT,PKG-00481,DEPARTURE,2026-09-02T15:43:00Z
HUB_JKT,PKG-00232,ARRIVAL,2026-09-13T02:52:00Z
HUB_SBY,PKG-00061,DEPARTURE,2026-09-24T18:00:24Z
HUB_SBY,PKG-00292,DEPARTURE,2026-09-05T15:50:12Z
HUB_MKS,PKG-00091,DEPARTURE,2026-09-09T12:13:36Z
HUB_JKT,PKG-00426,DEPARTURE,2026-09-08T11:42:00Z
HUB_MKS,PKG-00344,DEPARTURE,2026-09-06T18:08:00Z
HUB_SMG,PKG-00190,DEPARTURE,2026-09-09T22:37:00Z
HUB_JKT,PKG-00329,ARRIVAL,2026-09-09T09:29:00Z
HUB_BDG,PKG-00053,DEPARTURE,2026-09-18T06:08:36Z
HUB_BDG,PKG-00156,DEPARTURE,2026-09-01T19:03:00Z
HUB_MKS,PKG-00101,DEPARTURE,2026-09-16T19:12:12Z
HUB_MED,PKG-00045,ARRIVAL,2026-09-07T19:45:00Z
HUB_JKT,PKG-00265,ARRIVAL,2026-09-15T06:25:00Z
HUB_DPS,PKG-00098,ARRIVAL,2026-09-13T18:38:00Z
HUB_MKS,PKG-00280,ARRIVAL,2026-09-13T06:40:00Z
HUB_SBY,PKG-00178,ARRIVAL,2026-09-03T01:58:00Z
HUB_DPS,PKG-00104,DEPARTURE,2026-09-04T00:21:12Z
HUB_BDG,PKG-00192,DEPARTURE,2026-09-20T10:28:48Z
HUB_JKT,PKG-00066,DEPARTURE,2026-09-06T15:28:48Z
HUB_JKT,PKG-00251,DEPARTURE,2026-09-24T04:27:48Z
HUB_MED,PKG-00161,ARRIVAL,2026-09-16T18:41:00Z
HUB_JKT,PKG-00053,ARRIVAL,2026-09-14T21:53:00Z
HUB_SMG,PKG-00163,DEPARTURE,2026-09-15T02:49:36Z
HUB_SBY,PKG-00190,DEPARTURE,2026-09-25T23:44:12Z
HUB_JKT,PKG-00375,DEPARTURE,2026-09-22T07:06:36Z
HUB_MED,PKG-00114,ARRIVAL,2026-09-13T01:54:00Z
HUB_SBY,PKG-00083,DEPARTURE,2026-09-15T00:30:48Z
HUB_MED,PKG-00130,DEPARTURE,2026-09-17T21:52:00Z
HUB_SBY,PKG-00308,DEPARTURE,2026-09-12T09:23:36Z
HUB_JKT,PKG-00027,ARRIVAL,2026-09-15T08:27:00Z
HUB_JKT,PKG-00315,DEPARTURE,2026-09-22T23:34:12Z
HUB_JKT,PKG-00003,DEPARTURE,2026-09-10T13:21:36Z
HUB_SMG,PKG-00025,ARRIVAL,2026-09-01T21:25:00Z
HUB_JKT,PKG-00146,DEPARTURE,2026-09-13T04:00:12Z
HUB_BDG,PKG-00108,DEPARTURE,2026-09-23T21:35:24Z
HUB_MKS,PKG-00346,DEPARTURE,2026-09-10T03:58:36Z
HUB_SBY,PKG-00322,ARRIVAL,2026-09-19T14:22:00Z
HUB_SBY,PKG-00194,ARRIVAL,2026-09-11T05:14:00Z
HUB_SBY,PKG-00218,DEPARTURE,2026-09-25T10:18:48Z
HUB_DPS,BAD-TS-1,ARRIVAL,not-a-date
HUB_SBY,PKG-00007,ARRIVAL,2026-09-19T13:07:00Z
HUB_JKT,PKG-00193,ARRIVAL,2026-09-04T09:13:00Z
HUB_MKS,PKG-00288,DEPARTURE,2026-09-05T23:39:00Z
HUB_JKT,PKG-00448,ARRIVAL,2026-09-16T10:28:00Z
HUB_SBY,PKG-00296,DEPARTURE,2026-09-10T23:55:24Z
HUB_SBY,PKG-00359,DEPARTURE,2026-09-22T10:50:00Z
HUB_MKS,PKG-00137,DEPARTURE,2026-09-20T11:50:36Z
HUB_JKT,PKG-00453,DEPARTURE,2026-09-17T07:31:12Z
HUB_DPS,PKG-00142,DEPARTURE,2026-09-03T15:59:12Z
HUB_MED,PKG-00095,ARRIVAL,2026-09-25T15:35:00Z
HUB_BDG,PKG-00196,DEPARTURE,2026-09-10T08:25:00Z
HUB_JKT,PKG-00258,DEPARTURE,2026-09-06T11:16:12Z
HUB_BDG,PKG-00031,DEPARTURE,2026-09-10T05:49:00Z
HUB_SBY,PKG-00348,ARRIVAL,2026-09-18T16:48:00Z
HUB_MKS,PKG-00324,ARRIVAL,2026-09-02T14:24:00Z
HUB_BDG,AMBIGUOUS,ARRIVAL,2026-09-01T01:00:00Z
HUB_MKS,PKG-00012,DEPARTURE,2026-09-22T17:09:36Z
HUB_MKS,PKG-00117,ARRIVAL,2026-09-25T08:57:00Z
HUB_SBY,PKG-00236,DEPARTURE,2026-09-17T10:32:36Z
HUB_MED,PKG-00142,DEPARTURE,2026-09-23T21:23:48Z
HUB_SBY,PKG-00203,ARRIVAL,2026-09-05T21:23:00Z
HUB_MED,PKG-00110,DEPARTURE,2026-09-19T12:02:00Z
HUB_MKS,PKG-00034,ARRIVAL,2026-09-11T20:34:00Z
HUB_JKT,BAD-TS-0,ARRIVAL,not-a-date
HUB_JKT,PKG-00262,ARRIVAL,2026-09-16T14:22:00Z
HUB_DPS,UNKNOWN,SCAN_OTHER,2026-09-01T00:00:00Z
HUB_BDG,PKG-00260,ARRIVAL,2026-09-10T20:20:00Z
HUB_DPS,PKG-00035,DEPARTURE,2026-09-04T07:51:48Z
HUB_JKT,PKG-00467,ARRIVAL,2026-09-22T00:47:00Z
HUB_BDG,PKG-00037,DEPARTURE,2026-09-02T22:58:36Z
HUB_JKT,PKG-00394,ARRIVAL,2026-09-11T19:34:00Z
HUB_SMG,PKG-00217,DEPARTURE,2026-09-05T00:11:12Z
HUB_BDG,PKG-00212,DEPARTURE,2026-09-14T18:38:36Z
HUB_BDG,PKG-00004,DEPARTURE,2026-09-13T14:41:48Z
HUB_MED,PKG-00144,DEPARTURE,2026-09-15T05:24:00Z
HUB_MKS,PKG-00102,DEPARTURE,2026-09-05T09:18:00Z
HUB_DPS,PKG-00067,DEPARTURE,2026-09-21T02:42:24Z
HUB_SMG,PKG-00195,ARRIVAL,2026-09-05T08:15:00Z
HUB_SBY,UNKNOWN,ARRIVAL,2026-09-01T00:00:00Z
HUB_MKS,PKG-00306,ARRIVAL,2026-09-24T16:06:00Z
HUB_MED,PKG-00171,DEPARTURE,2026-09-14T15:13:12Z
HUB_DPS,PKG-00131,DEPARTURE,2026-09-17T18:54:48Z
HUB_JKT,PKG-00216,ARRIVAL,2026-09-10T21:36:00Z
HUB_MKS,PKG-00130,ARRIVAL,2026-09-07T19:10:00Z
HUB_SBY,PKG-00103,ARRIVAL,2026-09-22T23:43:00Z
HUB_MED,PKG-00095,DEPARTURE,2026-09-25T21:31:24Z
HUB_JKT,PKG-00002,ARRIVAL,2026-09-09T15:02:00Z
HUB_SMG,PKG-00112,DEPARTURE,2026-09-18T23:37:36Z
HUB_BDG,PKG-00059,DEPARTURE,2026-09-25T00:30:48Z
HUB_BDG,PKG-00220,DEPARTURE,2026-09-04T20:21:24Z
HUB_SMG,PKG-00182,ARRIVAL,2026-09-01T09:02:00Z
HUB_MKS,PKG-00187,ARRIVAL,2026-09-20T14:07:00Z
HUB_DPS,PKG-00189,DEPARTURE,2026-09-02T12:33:00Z
HUB_SBY,PKG-00125,DEPARTURE,2026-09-13T19:31:24Z
HUB_JKT,PKG-00331,ARRIVAL,2026-09-01T04:31:00Z
HUB_JKT,PKG-00088,DEPARTURE,2026-09-22T15:05:12Z
HUB_JKT,PKG-00206,ARRIVAL,2026-09-05T01:26:00Z
HUB_MKS,MISS-A-0,DEPARTURE,2026-09-01T03:00:00Z
HUB_JKT,PKG-00222,DEPARTURE,2026-09-18T10:43:48Z
HUB_BDG,PKG-00252,ARRIVAL,2026-09-14T22:12:00Z
HUB_MKS,PKG-00047,ARRIVAL,2026-09-02T07:47:00Z
HUB_DPS,PKG-00068,ARRIVAL,2026-09-21T22:08:00Z
HUB_BDG,PKG-00142,ARRIVAL,2026-09-12T02:22:00Z
HUB_MED,AMBIGUOUS,ARRIVAL,2026-09-01T01:00:00Z
HUB_BDG,PKG-00265,DEPARTURE,2026-09-25T10:14:12Z
HUB_SBY,PKG-00145,DEPARTURE,2026-09-18T05:10:00Z
HUB_DPS,PKG-00100,ARRIVAL,2026-09-16T06:40:00Z
HUB_MED,MISS-A-4,DEPARTURE,2026-09-01T03:00:00Z
HUB_MKS,PKG-00196,DEPARTURE,2026-09-25T13:01:00Z
HUB_SBY,PKG-00162,ARRIVAL,2026-09-04T05:42:00Z
HUB_SMG,PKG-00152,ARRIVAL,2026-09-08T10:32:00Z
HUB_SBY,BAD-TS-2,DEPARTURE,2026-09-01T03:00:00Z
HUB_MKS,MISS-D-2,ARRIVAL,2026-09-01T00:00:00Z
HUB_SMG,PKG-00228,ARRIVAL,2026-09-07T04:48:00Z
HUB_SMG,PKG-00061,DEPARTURE,2026-09-12T10:19:36Z
HUB_BDG,PKG-00159,ARRIVAL,2026-09-01T00:39:00Z
HUB_JKT,PKG-00317,DEPARTURE,2026-09-20T01:29:36Z
HUB_JKT,PKG-00270,DEPARTURE,2026-09-08T03:18:00Z
HUB_JKT,PKG-00422,ARRIVAL,2026-09-24T21:02:00Z
HUB_SMG,PKG-00079,DEPARTURE,2026-09-04T12:24:24Z
HUB_MKS,PKG-00127,ARRIVAL,2026-09-15T23:07:00Z
HUB_MED,PKG-00000,ARRIVAL,2026-09-13T03:00:00Z
HUB_SBY,PKG-00084,DEPARTURE,2026-09-11T16:59:24Z
HUB_MED,PKG-00028,ARRIVAL,2026-09-22T01:28:00Z
HUB_MKS,PKG-00076,ARRIVAL,2026-09-03T08:16:00Z
HUB_SMG,PKG-00140,DEPARTURE,2026-09-04T07:53:00Z
HUB_BDG,PKG-00276,ARRIVAL,2026-09-25T05:36:00Z
HUB_JKT,PKG-00263,DEPARTURE,2026-09-03T15:15:12Z
HUB_SBY,PKG-00230,DEPARTURE,2026-09-21T13:55:24Z
HUB_MED,PKG-00032,ARRIVAL,2026-09-10T14:32:00Z
HUB_SBY,PKG-00118,DEPARTURE,2026-09-24T06:57:24Z
HUB_SBY,PKG-00030,ARRIVAL,2026-09-05T22:30:00Z
HUB_JKT,PKG-00374,ARRIVAL,2026-09-02T23:14:00Z
HUB_BDG,PKG-00255,DEPARTURE,2026-09-10T17:34:12Z
HUB_SBY,PKG-00373,ARRIVAL,2026-09-01T03:13:00Z
HUB_MED,PKG-00051,DEPARTURE,2026-09-08T00:55:48Z
HUB_MKS,PKG-00016,ARRIVAL,2026-09-21T11:16:00Z
HUB_MED,PKG-00151,DEPARTURE,2026-09-23T06:16:00Z
HUB_SMG,PKG-00037,ARRIVAL,2026-09-16T03:37:00Z
HUB_JKT,PKG-00065,DEPARTURE,2026-09-04T07:20:36Z
HUB_JKT,UNKNOWN,SCAN_OTHER,2026-09-01T00:00:00Z
HUB_DPS,PKG-00169,ARRIVAL,2026-09-04T10:49:00Z
HUB_MKS,PKG-00241,DEPARTURE,2026-09-16T13:28:00Z
HUB_SBY,PKG-00072,ARRIVAL,2026-09-10T12:12:00Z
HUB_JKT,PKG-00098,DEPARTURE,2026-09-02T16:00:12Z
HUB_DPS,PKG-00143,DEPARTURE,2026-09-03T23:11:00Z
HUB_JKT,PKG-00291,DEPARTURE,2026-09-18T07:37:48Z
HUB_DPS,PKG-00054,ARRIVAL,2026-09-09T16:54:00Z
HUB_REMOTE,MISS-A-2,DEPARTURE,2026-09-01T03:00:00Z
HUB_MKS,BAD-TS-2,DEPARTURE,2026-09-01T03:00:00Z
HUB_SBY,PKG-00251,DEPARTURE,2026-09-01T13:20:36Z
HUB_BDG,PKG-00272,ARRIVAL,2026-09-12T02:32:00Z
HUB_BDG,PKG-00015,ARRIVAL,2026-09-03T00:15:00Z
HUB_DPS,PKG-00120,DEPARTURE,2026-09-06T09:46:48Z
HUB_MKS,PKG-00014,DEPARTURE,2026-09-14T23:24:12Z
HUB_MED,PKG-00158,ARRIVAL,2026-09-07T13:38:00Z
HUB_DPS,PKG-00151,ARRIVAL,2026-09-09T18:31:00Z
HUB_DPS,PKG-00079,DEPARTURE,2026-09-21T15:13:00Z
HUB_MED,PKG-00071,DEPARTURE,2026-09-23T21:07:24Z
HUB_SMG,PKG-00177,DEPARTURE,2026-09-04T15:29:24Z
HUB_SBY,PKG-00196,ARRIVAL,2026-09-20T13:16:00Z
HUB_SBY,PKG-00147,ARRIVAL,2026-09-15T06:27:00Z
HUB_MED,MISS-A-0,DEPARTURE,2026-09-01T03:00:00Z
HUB_MKS,PKG-00272,DEPARTURE,2026-09-17T17:03:48Z
HUB_DPS,PKG-00171,DEPARTURE,2026-09-18T07:22:12Z
HUB_JKT,PKG-00354,DEPARTURE,2026-09-15T17:34:12Z
HUB_BDG,PKG-00146,DEPARTURE,2026-09-11T17:57:48Z
HUB_MED,PKG-00079,ARRIVAL,2026-09-05T16:19:00Z
HUB_DPS,PKG-00135,DEPARTURE,2026-09-15T02:16:48Z
HUB_MKS,PKG-00235,ARRIVAL,2026-09-23T01:55:00Z
HUB_JKT,PKG-00013,ARRIVAL,2026-09-02T07:13:00Z
HUB_BDG,UNKNOWN,SCAN_OTHER,2026-09-01T00:00:00Z
HUB_SMG,PKG-00041,ARRIVAL,2026-09-09T10:41:00Z
HUB_MED,PKG-00033,ARRIVAL,2026-09-03T02:33:00Z
HUB_MKS,PKG-00075,DEPARTURE,2026-09-15T14:31:12Z
HUB_MED,PKG-00146,ARRIVAL,2026-09-05T13:26:00Z
HUB_BDG,PKG-00015,DEPARTURE,2026-09-03T04:21:36Z
HUB_MKS,PKG-00300,ARRIVAL,2026-09-24T03:00:00Z
HUB_MKS,PKG-00176,DEPARTURE,2026-09-02T12:18:48Z
HUB_SMG,PKG-00054,ARRIVAL,2026-09-07T05:54:00Z
HUB_JKT,PKG-00309,DEPARTURE,2026-09-10T21:24:00Z
HUB_SMG,PKG-00116,ARRIVAL,2026-09-02T12:56:00Z
HUB_SBY,PKG-00366,ARRIVAL,2026-09-24T17:06:00Z
HUB_JKT,PKG-00174,ARRIVAL,2026-09-15T20:54:00Z
HUB_SBY,PKG-00097,DEPARTURE,2026-09-10T10:52:36Z
HUB_SBY,PKG-00207,ARRIVAL,2026-09-20T12:27:00Z
HUB_JKT,PKG-00128,DEPARTURE,2026-09-12T00:28:24Z
HUB_SBY,PKG-00362,ARRIVAL,2026-09-07T03:02:00Z
HUB_MKS,PKG-00172,ARRIVAL,2026-09-04T02:52:00Z
HUB_JKT,PKG-00280,ARRIVAL,2026-09-11T08:40:00Z
HUB_SMG,PKG-00179,ARRIVAL,2026-09-18T04:59:00Z
HUB_MKS,PKG-00302,DEPARTURE,2026-09-08T19:29:00Z
HUB_SBY,PKG-00252,DEPARTURE,2026-09-03T17:21:36Z
HUB_MKS,PKG-00018,DEPARTURE,2026-09-05T08:02:24Z
HUB_SBY,PKG-00212,ARRIVAL,2026-09-24T20:32:00Z
HUB_MKS,PKG-00229,DEPARTURE,2026-09-09T00:19:00Z
HUB_DPS,PKG-00144,DEPARTURE,2026-09-17T23:45:36Z
HUB_SMG,PKG-00014,ARRIVAL,2026-09-03T05:14:00Z
HUB_JKT,PKG-00427,ARRIVAL,2026-09-18T02:07:00Z
HUB_JKT,PKG-00459,DEPARTURE,2026-09-06T14:13:48Z
HUB_JKT,PKG-00448,DEPARTURE,2026-09-16T12:54:24Z
HUB_JKT,PKG-00339,ARRIVAL,2026-09-13T20:39:00Z
HUB_BDG,PKG-00152,DEPARTURE,2026-09-22T23:18:48Z
HUB_SMG,PKG-00152,DEPARTURE,2026-09-08T17:42:12Z
HUB_JKT,PKG-00472,DEPARTURE,2026-09-07T08:36:24Z
HUB_SBY,PKG-00227,ARRIVAL,2026-09-23T01:47:00Z
HUB_SMG,PKG-00213,ARRIVAL,2026-09-07T02:33:00Z
HUB_JKT,PKG-00256,ARRIVAL,2026-09-25T21:16:00Z
HUB_SBY,PKG-00246,ARRIVAL,2026-09-19T02:06:00Z
HUB_SBY,PKG-00076,DEPARTURE,2026-09-02T21:22:36Z
HUB_MKS,PKG-00266,DEPARTURE,2026-09-22T13:30:48Z
HUB_MED,PKG-00160,DEPARTURE,2026-09-03T18:01:36Z
HUB_SBY,PKG-00040,DEPARTURE,2026-09-18T04:13:00Z
HUB_JKT,PKG-00414,ARRIVAL,2026-09-04T19:54:00Z
HUB_SBY,PKG-00010,ARRIVAL,2026-09-14T21:10:00Z
HUB_BDG,PKG-00122,DEPARTURE,2026-09-04T01:18:12Z
HUB_SBY,PKG-00219,ARRIVAL,2026-09-14T16:39:00Z
HUB_MKS,PKG-00086,DEPARTURE,2026-09-24T10:55:24Z
HUB_MKS,PKG-00291,DEPARTURE,2026-09-23T16:55:12Z
HUB_SBY,PKG-00070,DEPARTURE,2026-09-22T23:26:12Z
HUB_SBY,REVERSE-1,DEPARTURE,2026-09-01T00:00:00Z
HUB_MKS,PKG-00202,DEPARTURE,2026-09-04T12:32:12Z
HUB_SMG,PKG-00103,ARRIVAL,2026-09-01T01:43:00Z
HUB_MED,PKG-00019,ARRIVAL,2026-09-25T12:19:00Z
HUB_MKS,PKG-00086,ARRIVAL,2026-09-24T00:26:00Z
HUB_MKS,PKG-00125,ARRIVAL,2026-09-13T01:05:00Z
HUB_MKS,PKG-00269,DEPARTURE,2026-09-18T09:49:24Z
HUB_BDG,PKG-00072,ARRIVAL,2026-09-23T23:12:00Z
HUB_SBY,PKG-00154,DEPARTURE,2026-09-18T05:11:12Z
HUB_JKT,PKG-00328,ARRIVAL,2026-09-15T13:28:00Z
HUB_SBY,PKG-00123,ARRIVAL,2026-09-17T20:03:00Z
HUB_MKS,PKG-00042,ARRIVAL,2026-09-16T23:42:00Z
HUB_SMG,PKG-00035,DEPARTURE,2026-09-17T18:32:36Z
HUB_JKT,PKG-00446,ARRIVAL,2026-09-14T07:26:00Z
HUB_BDG,PKG-00147,ARRIVAL,2026-09-13T16:27:00Z
HUB_SBY,PKG-00387,DEPARTURE,2026-09-12T06:08:24Z
HUB_JKT,PKG-00492,ARRIVAL,2026-09-14T04:12:00Z
HUB_SMG,BAD-TS-0,ARRIVAL,not-a-date
HUB_BDG,PKG-00219,ARRIVAL,2026-09-10T06:39:00Z
HUB_SBY,PKG-00393,DEPARTURE,2026-09-22T09:06:36Z
HUB_BDG,PKG-00249,DEPARTURE,2026-09-15T01:15:00Z
HUB_JKT,PKG-00388,ARRIVAL,2026-09-21T22:28:00Z
HUB_SBY,PKG-00211,DEPARTURE,2026-09-12T05:46:36Z
HUB_DPS,PKG-00093,ARRIVAL,2026-09-18T04:33:00Z
HUB_MED,PKG-00120,DEPARTURE,2026-09-05T05:06:00Z
HUB_BDG,PKG-00027,DEPARTURE,2026-09-06T22:06:36Z
HUB_MKS,PKG-00248,ARRIVAL,2026-09-12T18:08:00Z
HUB_BDG,PKG-00139,ARRIVAL,2026-09-03T17:19:00Z
HUB_DPS,PKG-00110,ARRIVAL,2026-09-21T08:50:00Z
HUB_BDG,PKG-00117,DEPARTURE,2026-09-19T23:33:00Z
HUB_JKT,PKG-00341,ARRIVAL,2026-09-20T20:41:00Z
HUB_BDG,PKG-00274,DEPARTURE,2026-09-07T21:54:24Z
HUB_JKT,PKG-00409,ARRIVAL,2026-09-17T16:49:00Z
HUB_MKS,PKG-00153,ARRIVAL,2026-09-21T07:33:00Z
HUB_MKS,PKG-00274,DEPARTURE,2026-09-18T10:06:24Z
HUB_MED,PKG-00086,DEPARTURE,2026-09-06T12:01:24Z
HUB_SBY,PKG-00239,DEPARTURE,2026-09-02T22:59:36Z
HUB_MKS,PKG-00043,ARRIVAL,2026-09-05T08:43:00Z
HUB_JKT,PKG-00304,DEPARTURE,2026-09-01T13:01:36Z
HUB_SMG,PKG-00021,DEPARTURE,2026-09-13T23:12:00Z
HUB_MED,PKG-00044,ARRIVAL,2026-09-02T21:44:00Z
HUB_DPS,PKG-00031,ARRIVAL,2026-09-24T05:31:00Z
HUB_BDG,PKG-00109,ARRIVAL,2026-09-14T13:49:00Z
HUB_MKS,PKG-00128,ARRIVAL,2026-09-15T21:08:00Z
HUB_JKT,PKG-00138,DEPARTURE,2026-09-23T03:52:12Z
HUB_MED,PKG-00129,ARRIVAL,2026-09-16T15:09:00Z
HUB_MKS,MISS-A-4,DEPARTURE,2026-09-01T03:00:00Z
HUB_MED,PKG-00097,ARRIVAL,2026-09-11T15:37:00Z
HUB_DPS,PKG-00148,DEPARTURE,2026-09-06T22:58:36Z
HUB_SBY,PKG-00241,DEPARTURE,2026-09-06T22:56:12Z
HUB_JKT,PKG-00316,DEPARTURE,2026-09-17T03:10:36Z
HUB_MKS,PKG-00064,ARRIVAL,2026-09-10T12:04:00Z
HUB_DPS,PKG-00002,ARRIVAL,2026-09-11T19:02:00Z
HUB_MKS,PKG-00312,ARRIVAL,2026-09-11T07:12:00Z
HUB_DPS,PKG-00092,DEPARTURE,2026-09-10T14:07:24Z
HUB_JKT,PKG-00371,DEPARTURE,2026-09-14T16:00:12Z
HUB_SBY,PKG-00357,DEPARTURE,2026-09-25T21:38:24Z
HUB_BDG,PKG-00298,ARRIVAL,2026-09-17T03:58:00Z
HUB_MKS,PKG-00028,DEPARTURE,2026-09-16T07:49:00Z
HUB_MED,PKG-00058,ARRIVAL,2026-09-07T19:58:00Z
HUB_DPS,PKG-00175,DEPARTURE,2026-09-04T00:35:48Z
HUB_JKT,PKG-00170,ARRIVAL,2026-09-08T12:50:00Z
HUB_SBY,UNKNOWN,DEPARTURE,2026-09-01T03:00:00Z
HUB_MED,UNKNOWN,SCAN_OTHER,2026-09-01T00:00:00Z
HUB_JKT,PKG-00035,DEPARTURE,2026-09-22T10:44:00Z
HUB_SBY,PKG-00305,ARRIVAL,2026-09-15T00:05:00Z
HUB_BDG,PKG-00148,ARRIVAL,2026-09-22T18:28:00Z
HUB_SBY,PKG-00161,ARRIVAL,2026-09-18T08:41:00Z
HUB_JKT,PKG-00458,ARRIVAL,2026-09-10T02:38:00Z
HUB_MKS,PKG-00013,ARRIVAL,2026-09-10T12:13:00Z
HUB_SMG,PKG-00049,DEPARTURE,2026-09-02T02:52:00Z
HUB_MKS,REVERSE-1,ARRIVAL,2026-09-01T03:00:00Z
HUB_DPS,PKG-00015,ARRIVAL,2026-09-16T23:15:00Z
HUB_MKS,PKG-00193,ARRIVAL,2026-09-22T09:13:00Z
HUB_BDG,PKG-00088,DEPARTURE,2026-09-16T23:43:36Z
HUB_JKT,PKG-00195,ARRIVAL,2026-09-22T12:15:00Z
HUB_JKT,PKG-00236,ARRIVAL,2026-09-08T18:56:00Z
HUB_SMG,PKG-00237,DEPARTURE,2026-09-17T15:28:48Z
HUB_MED,PKG-00100,DEPARTURE,2026-09-23T03:59:12Z
HUB_MKS,PKG-00239,ARRIVAL,2026-09-11T15:59:00Z
HUB_MKS,PKG-00059,ARRIVAL,2026-09-11T04:59:00Z
HUB_SBY,PKG-00071,ARRIVAL,2026-09-08T13:11:00Z
HUB_MED,PKG-00013,DEPARTURE,2026-09-11T15:01:00Z
HUB_BDG,PKG-00113,DEPARTURE,2026-09-18T22:59:00Z
HUB_SBY,PKG-00389,DEPARTURE,2026-09-25T06:26:00Z
HUB_BDG,PKG-00146,ARRIVAL,2026-09-11T13:26:00Z
HUB_BDG,PKG-00087,ARRIVAL,2026-09-24T09:27:00Z
HUB_SBY,PKG-00228,DEPARTURE,2026-09-12T18:50:24Z
HUB_MED,PKG-00093,ARRIVAL,2026-09-21T18:33:00Z
HUB_BDG,PKG-00086,ARRIVAL,2026-09-01T17:26:00Z
HUB_MKS,PKG-00113,ARRIVAL,2026-09-22T04:53:00Z
HUB_JKT,PKG-00323,DEPARTURE,2026-09-20T21:51:12Z
HUB_SBY,PKG-00156,ARRIVAL,2026-09-14T13:36:00Z
HUB_JKT,PKG-00187,DEPARTURE,2026-09-05T05:19:00Z
HUB_SMG,PKG-00231,DEPARTURE,2026-09-15T14:33:36Z
HUB_MKS,PKG-00209,ARRIVAL,2026-09-12T08:29:00Z
HUB_SMG,PKG-00024,ARRIVAL,2026-09-23T04:24:00Z
HUB_DPS,PKG-00025,DEPARTURE,2026-09-01T23:05:48Z
HUB_MKS,PKG-00213,ARRIVAL,2026-09-03T17:33:00Z
HUB_BDG,PKG-00296,ARRIVAL,2026-09-23T14:56:00Z
HUB_SBY,PKG-00253,ARRIVAL,2026-09-11T05:13:00Z
HUB_DPS,PKG-00011,ARRIVAL,2026-09-21T04:11:00Z
HUB_SBY,PKG-00398,DEPARTURE,2026-09-19T17:33:48Z
HUB_SBY,PKG-00393,ARRIVAL,2026-09-22T02:33:00Z
HUB_SMG,PKG-00068,ARRIVAL,2026-09-24T20:08:00Z
HUB_SMG,PKG-00010,DEPARTURE,2026-09-05T06:48:24Z
HUB_JKT,PKG-00038,ARRIVAL,2026-09-10T01:38:00Z
HUB_JKT,PKG-00399,ARRIVAL,2026-09-12T01:39:00Z
HUB_JKT,PKG-00437,DEPARTURE,2026-09-14T00:22:24Z
HUB_MKS,PKG-00076,DEPARTURE,2026-09-03T19:01:36Z
HUB_JKT,PKG-00036,DEPARTURE,2026-09-16T17:27:36Z
HUB_MED,PKG-00042,ARRIVAL,2026-09-15T12:42:00Z
HUB_SBY,PKG-00108,DEPARTURE,2026-09-08T22:10:12Z
HUB_BDG,PKG-00260,DEPARTURE,2026-09-10T23:42:48Z
HUB_MED,BAD-TS-2,DEPARTURE,2026-09-01T03:00:00Z
HUB_JKT,PKG-00224,DEPARTURE,2026-09-16T16:40:24Z
HUB_MKS,PKG-00165,DEPARTURE,2026-09-05T05:50:24Z
HUB_SBY,PKG-00216,ARRIVAL,2026-09-05T21:36:00Z
HUB_BDG,PKG-00228,ARRIVAL,2026-09-07T03:48:00Z
HUB_JKT,PKG-00412,ARRIVAL,2026-09-06T01:52:00Z
HUB_MED,PKG-00003,ARRIVAL,2026-09-08T15:03:00Z
HUB_SMG,PKG-00137,ARRIVAL,2026-09-22T07:17:00Z
HUB_DPS,PKG-00132,DEPARTURE,2026-09-20T22:11:24Z
HUB_SMG,PKG-00215,ARRIVAL,2026-09-12T06:35:00Z
HUB_DPS,AMBIGUOUS,ARRIVAL,2026-09-01T00:00:00Z
HUB_MKS,PKG-00104,DEPARTURE,2026-09-07T11:11:36Z
HUB_JKT,PKG-00427,DEPARTURE,2026-09-18T06:07:00Z
HUB_MKS,PKG-00057,DEPARTURE,2026-09-18T14:22:12Z
HUB_MKS,PKG-00101,ARRIVAL,2026-09-16T07:41:00Z
HUB_JKT,PKG-00475,ARRIVAL,2026-09-21T05:55:00Z
HUB_DPS,PKG-00112,DEPARTURE,2026-09-18T12:53:48Z
HUB_BDG,PKG-00063,DEPARTURE,2026-09-16T20:19:12Z
HUB_BDG,PKG-00237,DEPARTURE,2026-09-11T00:27:00Z
HUB_SBY,PKG-00264,DEPARTURE,2026-09-14T15:16:48Z
HUB_SMG,PKG-00013,DEPARTURE,2026-09-18T22:39:24Z
HUB_SBY,PKG-00180,ARRIVAL,2026-09-11T15:00:00Z
HUB_SBY,PKG-00285,ARRIVAL,2026-09-25T12:45:00Z
HUB_JKT,PKG-00443,ARRIVAL,2026-09-15T21:23:00Z
HUB_MKS,PKG-00114,ARRIVAL,2026-09-16T12:54:00Z
HUB_JKT,PKG-00055,ARRIVAL,2026-09-01T03:55:00Z
HUB_MKS,PKG-00068,ARRIVAL,2026-09-09T23:08:00Z
HUB_SMG,PKG-00132,ARRIVAL,2026-09-02T23:12:00Z
HUB_JKT,UNKNOWN,ARRIVAL,2026-09-01T00:00:00Z
HUB_MKS,PKG-00090,DEPARTURE,2026-09-13T13:00:00Z
HUB_SMG,PKG-00060,ARRIVAL,2026-09-02T12:00:00Z
HUB_MED,PKG-00164,ARRIVAL,2026-09-22T06:44:00Z
HUB_DPS,PKG-00044,DEPARTURE,2026-09-17T22:35:00Z
HUB_SMG,PKG-00236,DEPARTURE,2026-09-09T21:32:36Z
HUB_SBY,PKG-00324,DEPARTURE,2026-09-23T14:10:12Z
HUB_BDG,PKG-00061,ARRIVAL,2026-09-06T07:01:00Z
HUB_BDG,BAD-TS-2,ARRIVAL,not-a-date
HUB_SMG,PKG-00214,DEPARTURE,2026-09-16T06:35:12Z
HUB_DPS,PKG-00168,DEPARTURE,2026-09-15T13:25:12Z
HUB_SBY,PKG-00299,DEPARTURE,2026-09-06T14:27:12Z
HUB_SMG,PKG-00091,ARRIVAL,2026-09-03T03:31:00Z
HUB_DPS,BAD-TS-2,ARRIVAL,not-a-date
HUB_BDG,PKG-00234,DEPARTURE,2026-09-24T13:34:12Z
HUB_SBY,PKG-00229,DEPARTURE,2026-09-01T11:29:48Z
HUB_DPS,PKG-00056,ARRIVAL,2026-09-14T14:56:00Z
HUB_DPS,PKG-00182,DEPARTURE,2026-09-16T02:58:24Z
HUB_MKS,PKG-00217,ARRIVAL,2026-09-18T09:37:00Z
HUB_REMOTE,BAD-TS-2,DEPARTURE,2026-09-01T03:00:00Z
HUB_JKT,PKG-00010,ARRIVAL,2026-09-03T09:10:00Z
HUB_DPS,PKG-00147,DEPARTURE,2026-09-03T05:53:24Z
HUB_JKT,PKG-00035,ARRIVAL,2026-09-22T08:35:00Z
HUB_SBY,PKG-00271,DEPARTURE,2026-09-17T17:11:48Z
HUB_MKS,PKG-00032,ARRIVAL,2026-09-20T09:32:00Z
HUB_JKT,PKG-00379,DEPARTURE,2026-09-15T06:25:36Z
HUB_BDG,PKG-00181,ARRIVAL,2026-09-20T08:01:00Z
HUB_JKT,PKG-00309,ARRIVAL,2026-09-10T18:09:00Z
HUB_SBY,PKG-00335,DEPARTURE,2026-09-13T13:56:36Z
HUB_DPS,PKG-00071,ARRIVAL,2026-09-08T07:11:00Z
HUB_BDG,PKG-00158,DEPARTURE,2026-09-16T14:05:36Z
HUB_JKT,PKG-00061,ARRIVAL,2026-09-11T06:01:00Z
HUB_JKT,PKG-00383,ARRIVAL,2026-09-15T12:23:00Z
HUB_MED,PKG-00139,ARRIVAL,2026-09-12T00:19:00Z
HUB_MED,PKG-00102,DEPARTURE,2026-09-06T00:02:24Z
HUB_BDG,PKG-00043,DEPARTURE,2026-09-13T00:52:00Z
HUB_SMG,PKG-00198,DEPARTURE,2026-09-02T23:30:00Z
HUB_SMG,PKG-00203,DEPARTURE,2026-09-16T14:51:12Z
HUB_MED,PKG-00091,DEPARTURE,2026-09-16T12:37:00Z
HUB_MED,PKG-00055,ARRIVAL,2026-09-04T00:55:00Z
HUB_BDG,PKG-00118,DEPARTURE,2026-09-17T21:29:12Z
HUB_SBY,PKG-00054,ARRIVAL,2026-09-05T19:54:00Z
HUB_REMOTE,PKG-00001,ARRIVAL,2026-09-07T09:01:00Z
HUB_SBY,PKG-00058,ARRIVAL,2026-09-21T09:58:00Z
HUB_SBY,PKG-00039,ARRIVAL,2026-09-25T02:39:00Z
HUB_BDG,PKG-00058,DEPARTURE,2026-09-10T04:40:36Z
HUB_MKS,PKG-00225,DEPARTURE,2026-09-03T12:50:24Z
HUB_MKS,PKG-00146,DEPARTURE,2026-09-05T00:14:00Z
HUB_JKT,PKG-00098,ARRIVAL,2026-09-02T12:38:00Z
HUB_JKT,PKG-00041,DEPARTURE,2026-09-06T08:03:12Z
HUB_MKS,PKG-00191,ARRIVAL,2026-09-22T10:11:00Z
HUB_BDG,PKG-00138,ARRIVAL,2026-09-01T11:18:00Z
HUB_DPS,UNKNOWN,DEPARTURE,2026-09-01T03:00:00Z
HUB_MED,PKG-00024,DEPARTURE,2026-09-21T01:39:36Z
HUB_JKT,PKG-00320,ARRIVAL,2026-09-02T09:20:00Z
HUB_SBY,PKG-00006,ARRIVAL,2026-09-13T05:06:00Z
HUB_SBY,PKG-00372,ARRIVAL,2026-09-12T20:12:00Z
HUB_MED,PKG-00036,DEPARTURE,2026-09-16T09:01:48Z
HUB_SBY,PKG-00231,DEPARTURE,2026-09-12T09:20:24Z
HUB_SMG,PKG-00002,ARRIVAL,2026-09-17T09:02:00Z
HUB_JKT,PKG-00094,ARRIVAL,2026-09-20T16:34:00Z
HUB_SBY,PKG-00169,DEPARTURE,2026-09-03T22:28:00Z
HUB_SBY,PKG-00321,ARRIVAL,2026-09-10T09:21:00Z
HUB_SBY,PKG-00367,ARRIVAL,2026-09-13T23:07:00Z
HUB_MED,PKG-00117,ARRIVAL,2026-09-04T08:57:00Z
HUB_BDG,PKG-00003,DEPARTURE,2026-09-08T05:36:36Z
HUB_JKT,PKG-00408,DEPARTURE,2026-09-15T02:24:00Z
HUB_BDG,PKG-00226,ARRIVAL,2026-09-22T18:46:00Z
HUB_DPS,PKG-00072,DEPARTURE,2026-09-05T17:11:24Z
HUB_MED,PKG-00080,ARRIVAL,2026-09-18T05:20:00Z
HUB_BDG,PKG-00283,ARRIVAL,2026-09-18T16:43:00Z
HUB_JKT,PKG-00128,ARRIVAL,2026-09-11T22:08:00Z
HUB_SBY,PKG-00027,ARRIVAL,2026-09-22T21:27:00Z
HUB_MKS,PKG-00262,DEPARTURE,2026-09-10T20:03:24Z
HUB_SMG,PKG-00173,ARRIVAL,2026-09-23T04:53:00Z
HUB_MKS,PKG-00155,DEPARTURE,2026-09-13T09:01:24Z
HUB_MKS,PKG-00291,ARRIVAL,2026-09-23T05:51:00Z
HUB_JKT,PKG-00337,DEPARTURE,2026-09-02T08:02:48Z
HUB_JKT,PKG-00212,ARRIVAL,2026-09-11T08:32:00Z
HUB_MKS,PKG-00150,ARRIVAL,2026-09-07T18:30:00Z
HUB_JKT,PKG-00033,ARRIVAL,2026-09-21T17:33:00Z
HUB_SMG,PKG-00201,DEPARTURE,2026-09-10T03:18:00Z
HUB_DPS,PKG-00198,DEPARTURE,2026-09-04T06:45:36Z
HUB_DPS,PKG-00060,ARRIVAL,2026-09-12T15:00:00Z
HUB_JKT,PKG-00312,DEPARTURE,2026-09-15T17:36:36Z
HUB_BDG,PKG-00219,DEPARTURE,2026-09-10T09:45:36Z
HUB_MKS,PKG-00279,DEPARTURE,2026-09-22T22:35:24Z
HUB_BDG,PKG-00259,ARRIVAL,2026-09-17T21:19:00Z
HUB_MED,PKG-00077,ARRIVAL,2026-09-03T01:17:00Z
HUB_JKT,PKG-00342,ARRIVAL,2026-09-10T05:42:00Z
HUB_JKT,PKG-00209,ARRIVAL,2026-09-13T21:29:00Z
HUB_JKT,PKG-00344,ARRIVAL,2026-09-20T11:44:00Z
HUB_JKT,PKG-00311,ARRIVAL,2026-09-10T20:11:00Z
HUB_SMG,PKG-00153,DEPARTURE,2026-09-16T01:21:00Z
HUB_MKS,PKG-00175,DEPARTURE,2026-09-15T07:47:12Z
HUB_JKT,PKG-00188,DEPARTURE,2026-09-15T14:23:00Z
HUB_BDG,PKG-00120,DEPARTURE,2026-09-09T06:28:12Z
HUB_SBY,PKG-00042,DEPARTURE,2026-09-16T20:01:12Z
HUB_MKS,PKG-00083,ARRIVAL,2026-09-10T14:23:00Z
HUB_BDG,PKG-00155,ARRIVAL,2026-09-23T19:35:00Z
HUB_JKT,PKG-00051,ARRIVAL,2026-09-13T10:51:00Z
HUB_SBY,PKG-00323,DEPARTURE,2026-09-21T00:23:36Z
HUB_DPS,PKG-00188,ARRIVAL,2026-09-12T22:08:00Z
HUB_JKT,PKG-00136,ARRIVAL,2026-09-22T19:16:00Z
HUB_MKS,PKG-00044,DEPARTURE,2026-09-05T18:45:12Z
HUB_SBY,PKG-00331,ARRIVAL,2026-09-12T10:31:00Z
HUB_JKT,PKG-00127,DEPARTURE,2026-09-15T03:42:24Z
HUB_SMG,PKG-00245,DEPARTURE,2026-09-15T10:36:12Z
HUB_JKT,PKG-00024,ARRIVAL,2026-09-11T19:24:00Z
HUB_SBY,PKG-00226,DEPARTURE,2026-09-18T19:37:36Z
HUB_JKT,PKG-00164,DEPARTURE,2026-09-07T06:37:24Z
HUB_MKS,PKG-00059,DEPARTURE,2026-09-11T17:41:00Z
HUB_JKT,PKG-00015,DEPARTURE,2026-09-06T10:45:36Z
HUB_MKS,PKG-00224,DEPARTURE,2026-09-18T19:39:12Z
HUB_MKS,PKG-00222,ARRIVAL,2026-09-13T12:42:00Z
HUB_MED,PKG-00116,ARRIVAL,2026-09-01T17:56:00Z
HUB_SMG,PKG-00210,DEPARTURE,2026-09-13T09:34:48Z
HUB_DPS,PKG-00084,DEPARTURE,2026-09-20T22:36:36Z
HUB_SBY,PKG-00228,ARRIVAL,2026-09-12T14:48:00Z
HUB_MED,PKG-00052,DEPARTURE,2026-09-09T04:23:48Z
HUB_SBY,PKG-00149,DEPARTURE,2026-09-09T20:56:00Z
HUB_JKT,PKG-00391,ARRIVAL,2026-09-01T20:31:00Z
HUB_SMG,PKG-00130,DEPARTURE,2026-09-09T04:23:12Z
HUB_MKS,PKG-00238,DEPARTURE,2026-09-06T15:58:36Z
HUB_BDG,PKG-00032,DEPARTURE,2026-09-21T06:50:00Z
HUB_SBY,PKG-00140,ARRIVAL,2026-09-22T04:20:00Z
HUB_SBY,PKG-00242,ARRIVAL,2026-09-22T15:02:00Z
HUB_JKT,PKG-00478,ARRIVAL,2026-09-23T20:58:00Z
,MISSING-HUB,ARRIVAL,2026-09-01T00:00:00Z
HUB_SBY,PKG-00388,DEPARTURE,2026-09-05T22:40:00Z
HUB_BDG,PKG-00096,DEPARTURE,2026-09-21T02:53:24Z
HUB_JKT,REVERSE-0,ARRIVAL,2026-09-01T03:00:00Z
HUB_JKT,MISS-A-4,DEPARTURE,2026-09-01T03:00:00Z
HUB_JKT,PKG-00298,DEPARTURE,2026-09-05T14:26:48Z
HUB_JKT,PKG-00281,DEPARTURE,2026-09-08T10:13:24Z
HUB_SMG,PKG-00144,ARRIVAL,2026-09-17T17:24:00Z
HUB_JKT,PKG-00196,DEPARTURE,2026-09-24T10:30:24Z
HUB_SMG,PKG-00051,ARRIVAL,2026-09-14T12:51:00Z
HUB_BDG,PKG-00218,ARRIVAL,2026-09-02T15:38:00Z
HUB_JKT,PKG-00096,ARRIVAL,2026-09-08T19:36:00Z
HUB_MKS,PKG-00215,DEPARTURE,2026-09-15T12:32:00Z
HUB_SBY,PKG-00119,ARRIVAL,2026-09-18T00:59:00Z
HUB_SMG,PKG-00029,ARRIVAL,2026-09-05T06:29:00Z
HUB_MKS,PKG-00300,DEPARTURE,2026-09-24T14:14:24Z
HUB_MKS,PKG-00033,ARRIVAL,2026-09-21T22:33:00Z
HUB_DPS,PKG-00115,ARRIVAL,2026-09-05T06:55:00Z
HUB_JKT,PKG-00283,ARRIVAL,2026-09-21T00:43:00Z
HUB_MED,PKG-00143,DEPARTURE,2026-09-04T13:27:12Z
HUB_JKT,PKG-00141,DEPARTURE,2026-09-01T19:17:24Z
HUB_SBY,PKG-00022,DEPARTURE,2026-09-03T12:17:48Z
HUB_MKS,PKG-00014,ARRIVAL,2026-09-14T11:14:00Z
HUB_DPS,PKG-00045,DEPARTURE,2026-09-13T06:27:36Z
HUB_JKT,PKG-00454,DEPARTURE,2026-09-19T12:31:00Z
HUB_SBY,PKG-00309,DEPARTURE,2026-09-06T05:46:12Z
HUB_MED,PKG-00006,DEPARTURE,2026-09-05T10:48:00Z
HUB_DPS,REVERSE-1,DEPARTURE,2026-09-01T00:00:00Z
HUB_SBY,PKG-00257,DEPARTURE,2026-09-04T04:25:24Z
HUB_BDG,PKG-00007,ARRIVAL,2026-09-18T09:07:00Z
HUB_BDG,PKG-00134,ARRIVAL,2026-09-11T02:14:00Z
HUB_JKT,PKG-00349,ARRIVAL,2026-09-20T01:49:00Z
HUB_JKT,PKG-00400,DEPARTURE,2026-09-22T17:11:48Z
HUB_DPS,PKG-00042,ARRIVAL,2026-09-13T06:42:00Z
HUB_JKT,PKG-00103,ARRIVAL,2026-09-03T13:43:00Z
HUB_BDG,PKG-00195,DEPARTURE,2026-09-18T22:28:12Z
HUB_JKT,PKG-00379,ARRIVAL,2026-09-15T03:19:00Z
HUB_BDG,PKG-00200,ARRIVAL,2026-09-24T13:20:00Z
HUB_BDG,PKG-00177,DEPARTURE,2026-09-23T12:12:36Z
HUB_BDG,PKG-00127,DEPARTURE,2026-09-12T13:06:24Z
HUB_JKT,BAD-TS-2,DEPARTURE,2026-09-01T03:00:00Z
HUB_JKT,PKG-00248,ARRIVAL,2026-09-04T14:08:00Z
HUB_SBY,PKG-00318,ARRIVAL,2026-09-21T06:18:00Z
HUB_MED,PKG-00050,ARRIVAL,2026-09-11T08:50:00Z
HUB_MKS,PKG-00170,ARRIVAL,2026-09-06T10:50:00Z
HUB_SMG,PKG-00078,DEPARTURE,2026-09-19T13:04:48Z
HUB_MKS,PKG-00000,ARRIVAL,2026-09-02T09:00:00Z
HUB_JKT,PKG-00163,DEPARTURE,2026-09-08T03:39:24Z
HUB_JKT,PKG-00350,ARRIVAL,2026-09-24T09:50:00Z
HUB_DPS,PKG-00197,DEPARTURE,2026-09-20T08:11:00Z
HUB_SMG,PKG-00033,ARRIVAL,2026-09-01T10:33:00Z
HUB_SBY,PKG-00342,DEPARTURE,2026-09-26T02:00:36Z
HUB_MED,PKG-00170,ARRIVAL,2026-09-24T05:50:00Z
HUB_JKT,PKG-00353,DEPARTURE,2026-09-05T20:56:36Z
HUB_SMG,PKG-00226,ARRIVAL,2026-09-09T14:46:00Z
HUB_MED,PKG-00163,ARRIVAL,2026-09-01T14:43:00Z
HUB_DPS,PKG-00066,DEPARTURE,2026-09-24T02:39:36Z
HUB_MKS,PKG-00286,DEPARTURE,2026-09-04T00:09:24Z
HUB_JKT,PKG-00259,DEPARTURE,2026-09-05T13:27:24Z
HUB_JKT,PKG-00007,DEPARTURE,2026-09-21T17:46:36Z
HUB_JKT,PKG-00389,DEPARTURE,2026-09-06T03:09:48Z
HUB_SMG,PKG-00065,DEPARTURE,2026-09-21T17:57:48Z
HUB_JKT,PKG-00034,DEPARTURE,2026-09-15T11:52:36Z
HUB_DPS,BAD-TS-0,ARRIVAL,not-a-date
HUB_JKT,PKG-00238,ARRIVAL,2026-09-24T22:58:00Z
HUB_SBY,PKG-00283,ARRIVAL,2026-09-07T17:43:00Z
HUB_BDG,PKG-00065,ARRIVAL,2026-09-24T02:05:00Z
HUB_MKS,PKG-00211,ARRIVAL,2026-09-15T10:31:00Z
HUB_SBY,PKG-00249,ARRIVAL,2026-09-13T09:09:00Z
HUB_MED,PKG-00074,DEPARTURE,2026-09-06T14:41:00Z
HUB_DPS,PKG-00000,ARRIVAL,2026-09-09T15:00:00Z
HUB_DPS,PKG-00118,DEPARTURE,2026-09-06T08:20:48Z
HUB_BDG,PKG-00102,DEPARTURE,2026-09-10T08:01:48Z
HUB_BDG,PKG-00016,ARRIVAL,2026-09-18T09:16:00Z
HUB_SBY,PKG-00012,DEPARTURE,2026-09-25T19:37:12Z
HUB_JKT,PKG-00302,DEPARTURE,2026-09-11T01:54:12Z
HUB_MED,PKG-00159,ARRIVAL,2026-09-03T12:39:00Z
HUB_MKS,PKG-00111,ARRIVAL,2026-09-07T16:51:00Z
HUB_SBY,PKG-00191,DEPARTURE,2026-09-25T08:54:12Z
HUB_MKS,PKG-00293,DEPARTURE,2026-09-11T10:20:00Z
HUB_MKS,PKG-00220,DEPARTURE,2026-09-23T16:17:48Z
HUB_BDG,PKG-00215,ARRIVAL,2026-09-19T03:35:00Z
HUB_BDG,PKG-00037,ARRIVAL,2026-09-02T18:37:00Z
HUB_SMG,PKG-00143,DEPARTURE,2026-09-19T11:40:24Z
HUB_MKS,PKG-00327,ARRIVAL,2026-09-15T18:27:00Z
HUB_SBY,PKG-00149,ARRIVAL,2026-09-09T15:29:00Z
HUB_BDG,PKG-00092,ARRIVAL,2026-09-25T12:32:00Z
HUB_SMG,PKG-00088,ARRIVAL,2026-09-15T11:28:00Z
HUB_MKS,PKG-00000,ARRIVAL,2026-09-02T09:00:00Z
HUB_SBY,PKG-00125,ARRIVAL,2026-09-13T14:05:00Z
HUB_MKS,PKG-00328,ARRIVAL,2026-09-17T13:28:00Z
HUB_BDG,PKG-00175,DEPARTURE,2026-09-20T10:37:36Z
HUB_DPS,PKG-00051,ARRIVAL,2026-09-22T08:51:00Z
HUB_DPS,PKG-00102,ARRIVAL,2026-09-01T20:42:00Z
HUB_BDG,PKG-00052,ARRIVAL,2026-09-19T07:52:00Z
HUB_DPS,PKG-00079,ARRIVAL,2026-09-21T06:19:00Z
HUB_BDG,PKG-00014,ARRIVAL,2026-09-11T22:14:00Z
HUB_BDG,PKG-00205,ARRIVAL,2026-09-14T17:25:00Z
HUB_MKS,PKG-00275,DEPARTURE,2026-09-22T20:36:12Z
HUB_REMOTE,UNKNOWN,ARRIVAL,2026-09-01T00:00:00Z
HUB_SBY,PKG-00218,ARRIVAL,2026-09-25T04:38:00Z
HUB_SBY,PKG-00024,DEPARTURE,2026-09-07T14:33:00Z
HUB_JKT,PKG-00358,DEPARTURE,2026-09-07T01:36:24Z
HUB_JKT,PKG-00279,ARRIVAL,2026-09-17T12:39:00Z
HUB_MKS,PKG-00103,DEPARTURE,2026-09-12T02:13:36Z
HUB_SMG,PKG-00120,DEPARTURE,2026-09-03T23:21:36Z
HUB_SMG,PKG-00202,ARRIVAL,2026-09-01T09:22:00Z
HUB_MKS,PKG-00258,ARRIVAL,2026-09-12T23:18:00Z
HUB_DPS,PKG-00078,DEPARTURE,2026-09-06T00:34:12Z
HUB_JKT,PKG-00197,ARRIVAL,2026-09-23T04:17:00Z
HUB_SMG,PKG-00036,ARRIVAL,2026-09-14T02:36:00Z
HUB_DPS,PKG-00026,ARRIVAL,2026-09-20T18:26:00Z
HUB_REMOTE,UNKNOWN,DEPARTURE,2026-09-01T03:00:00Z
HUB_SBY,PKG-00057,DEPARTURE,2026-09-10T12:28:48Z
HUB_JKT,PKG-00043,DEPARTURE,2026-09-18T12:17:48Z
HUB_JKT,PKG-00464,ARRIVAL,2026-09-19T06:44:00Z
HUB_BDG,PKG-00178,ARRIVAL,2026-09-14T19:58:00Z
HUB_SBY,PKG-00011,DEPARTURE,2026-09-06T23:38:36Z
HUB_JKT,PKG-00241,ARRIVAL,2026-09-21T23:01:00Z
HUB_MKS,PKG-00254,ARRIVAL,2026-09-12T15:14:00Z
HUB_BDG,UNKNOWN,ARRIVAL,2026-09-01T00:00:00Z
HUB_MED,PKG-00012,DEPARTURE,2026-09-05T13:30:36Z
HUB_SBY,PKG-00316,DEPARTURE,2026-09-21T07:23:12Z
HUB_SBY,PKG-00239,ARRIVAL,2026-09-02T17:59:00Z
HUB_JKT,PKG-00266,DEPARTURE,2026-09-02T10:33:48Z
HUB_SBY,AMBIGUOUS,ARRIVAL,2026-09-01T01:00:00Z
HUB_SBY,PKG-00319,ARRIVAL,2026-09-21T14:19:00Z
HUB_SMG,PKG-00072,ARRIVAL,2026-09-12T18:12:00Z
HUB_SBY,PKG-00214,ARRIVAL,2026-09-20T16:34:00Z
HUB_JKT,PKG-00152,DEPARTURE,2026-09-02T10:38:36Z
HUB_SBY,PKG-00396,DEPARTURE,2026-09-19T22:30:00Z
HUB_SMG,PKG-00134,ARRIVAL,2026-09-24T08:14:00Z
HUB_MED,PKG-00074,ARRIVAL,2026-09-06T07:14:00Z
HUB_MED,UNKNOWN,ARRIVAL,2026-09-01T00:00:00Z
HUB_MED,REVERSE-0,ARRIVAL,2026-09-01T03:00:00Z
HUB_SMG,PKG-00000,ARRIVAL,2026-09-20T17:00:00Z
HUB_JKT,PKG-00220,ARRIVAL,2026-09-24T13:40:00Z
HUB_SMG,MISS-A-3,DEPARTURE,2026-09-01T03:00:00Z
HUB_MED,PKG-00069,DEPARTURE,2026-09-06T00:12:00Z
HUB_SBY,PKG-00073,ARRIVAL,2026-09-08T07:13:00Z
HUB_DPS,PKG-00109,ARRIVAL,2026-09-10T13:49:00Z
HUB_MED,PKG-00066,ARRIVAL,2026-09-20T01:06:00Z
HUB_BDG,PKG-00131,ARRIVAL,2026-09-23T07:11:00Z
HUB_JKT,PKG-00278,DEPARTURE,2026-09-09T09:26:36Z
HUB_JKT,PKG-00288,ARRIVAL,2026-09-07T06:48:00Z
HUB_SMG,PKG-00126,DEPARTURE,2026-09-04T18:01:12Z
HUB_BDG,PKG-00076,DEPARTURE,2026-09-19T17:07:00Z
HUB_MKS,PKG-00326,ARRIVAL,2026-09-08T12:26:00Z
HUB_SBY,PKG-00333,DEPARTURE,2026-09-03T13:13:48Z
HUB_SMG,PKG-00034,ARRIVAL,2026-09-20T12:34:00Z
HUB_SBY,PKG-00008,ARRIVAL,2026-09-05T17:08:00Z
HUB_DPS,PKG-00070,DEPARTURE,2026-09-09T21:12:24Z
HUB_MKS,PKG-00051,ARRIVAL,2026-09-05T05:51:00Z
HUB_REMOTE,PKG-00000,ARRIVAL,2026-09-02T07:00:00Z
HUB_SMG,PKG-00201,ARRIVAL,2026-09-09T20:21:00Z
HUB_DPS,PKG-00185,DEPARTURE,2026-09-23T18:07:24Z
HUB_JKT,PKG-00203,DEPARTURE,2026-09-16T11:06:48Z
HUB_JKT,PKG-00155,DEPARTURE,2026-09-14T14:55:24Z
HUB_DPS,PKG-00198,ARRIVAL,2026-09-03T20:18:00Z
HUB_MKS,PKG-00169,DEPARTURE,2026-09-18T11:33:24Z
HUB_SBY,PKG-00075,DEPARTURE,2026-09-11T13:21:00Z
HUB_BDG,PKG-00222,DEPARTURE,2026-09-16T04:26:24Z
HUB_MKS,PKG-00195,ARRIVAL,2026-09-20T18:15:00Z
HUB_SBY,PKG-00194,DEPARTURE,2026-09-11T08:23:00Z
HUB_SMG,PKG-00240,DEPARTURE,2026-09-22T17:18:00Z
HUB_DPS,PKG-00096,DEPARTURE,2026-09-03T17:11:24Z
HUB_BDG,PKG-00003,ARRIVAL,2026-09-08T02:03:00Z
HUB_BDG,PKG-00050,DEPARTURE,2026-09-13T20:44:36Z
HUB_MED,PKG-00082,DEPARTURE,2026-09-14T06:50:48Z
HUB_MED,PKG-00040,DEPARTURE,2026-09-19T02:47:48Z
HUB_DPS,PKG-00089,ARRIVAL,2026-09-25T21:29:00Z
HUB_MKS,PKG-00179,ARRIVAL,2026-09-10T17:59:00Z
HUB_MKS,PKG-00189,ARRIVAL,2026-09-13T09:09:00Z
HUB_MKS,PKG-00205,DEPARTURE,2026-09-08T12:12:24Z
HUB_JKT,PKG-00073,DEPARTURE,2026-09-18T15:36:24Z
HUB_BDG,PKG-00055,DEPARTURE,2026-09-13T02:23:12Z
HUB_SBY,PKG-00127,DEPARTURE,2026-09-13T02:30:24Z
HUB_SBY,PKG-00095,DEPARTURE,2026-09-25T07:11:36Z
HUB_SBY,PKG-00289,ARRIVAL,2026-09-14T18:49:00Z
HUB_SMG,PKG-00246,DEPARTURE,2026-09-01T21:49:48Z
HUB_JKT,PKG-00260,ARRIVAL,2026-09-12T18:20:00Z
HUB_MKS,PKG-00096,DEPARTURE,2026-09-17T12:30:36Z
HUB_BDG,PKG-00185,ARRIVAL,2026-09-07T11:05:00Z
HUB_JKT,PKG-00345,DEPARTURE,2026-09-22T08:54:00Z
HUB_MED,PKG-00022,ARRIVAL,2026-09-11T02:22:00Z
HUB_BDG,PKG-00166,DEPARTURE,2026-09-16T22:25:36Z
HUB_MED,PKG-00029,ARRIVAL,2026-09-11T15:29:00Z
HUB_MED,PKG-00085,ARRIVAL,2026-09-08T10:25:00Z
HUB_JKT,PKG-00093,ARRIVAL,2026-09-04T02:33:00Z
HUB_JKT,PKG-00360,ARRIVAL,2026-09-20T14:00:00Z
HUB_REMOTE,BAD-TS-0,DEPARTURE,2026-09-01T03:00:00Z
HUB_SBY,PKG-00167,ARRIVAL,2026-09-08T18:47:00Z
HUB_JKT,PKG-00397,DEPARTURE,2026-09-16T22:28:36Z
HUB_JKT,PKG-00346,ARRIVAL,2026-09-16T03:46:00Z
HUB_JKT,PKG-00181,ARRIVAL,2026-09-14T12:01:00Z
HUB_JKT,PKG-00011,ARRIVAL,2026-09-22T22:11:00Z
HUB_DPS,PKG-00195,ARRIVAL,2026-09-20T20:15:00Z
HUB_SBY,PKG-00241,ARRIVAL,2026-09-06T19:01:00Z
HUB_SMG,PKG-00168,ARRIVAL,2026-09-20T22:48:00Z
HUB_JKT,PKG-00428,ARRIVAL,2026-09-14T05:08:00Z
HUB_BDG,PKG-00220,ARRIVAL,2026-09-04T15:40:00Z
HUB_MKS,PKG-00184,ARRIVAL,2026-09-25T07:04:00Z
HUB_BDG,PKG-00119,DEPARTURE,2026-09-23T04:07:24Z
HUB_JKT,PKG-00062,DEPARTURE,2026-09-18T10:14:36Z
HUB_MKS,PKG-00288,ARRIVAL,2026-09-05T13:48:00Z
HUB_SBY,PKG-00259,DEPARTURE,2026-09-14T04:04:36Z
HUB_MKS,PKG-00157,DEPARTURE,2026-09-09T23:38:48Z
HUB_MKS,PKG-00142,ARRIVAL,2026-09-03T19:22:00Z
HUB_BDG,PKG-00281,DEPARTURE,2026-09-03T13:50:36Z
HUB_MKS,PKG-00336,DEPARTURE,2026-09-22T21:23:24Z
HUB_SMG,PKG-00122,DEPARTURE,2026-09-11T01:20:00Z
HUB_SMG,PKG-00091,DEPARTURE,2026-09-03T12:07:36Z
HUB_DPS,PKG-00187,ARRIVAL,2026-09-03T21:07:00Z
HUB_MED,PKG-00038,ARRIVAL,2026-09-20T05:38:00Z
HUB_BDG,PKG-00158,ARRIVAL,2026-09-16T09:38:00Z
HUB_DPS,PKG-00086,ARRIVAL,2026-09-01T06:26:00Z
HUB_SBY,MISS-D-1,ARRIVAL,2026-09-01T00:00:00Z
HUB_MED,PKG-00009,ARRIVAL,2026-09-25T15:09:00Z
HUB_BDG,MISS-A-1,DEPARTURE,2026-09-01T03:00:00Z
HUB_REMOTE,MISS-A-4,DEPARTURE,2026-09-01T03:00:00Z
HUB_DPS,MISS-A-4,DEPARTURE,2026-09-01T03:00:00Z
HUB_MKS,PKG-00211,DEPARTURE,2026-09-15T22:11:48Z
HUB_BDG,PKG-00270,ARRIVAL,2026-09-18T02:30:00Z
HUB_JKT,PKG-00231,ARRIVAL,2026-09-01T10:51:00Z
HUB_JKT,PKG-00219,DEPARTURE,2026-09-14T11:40:48Z
HUB_JKT,PKG-00023,ARRIVAL,2026-09-13T17:23:00Z
HUB_SMG,PKG-00242,DEPARTURE,2026-09-07T12:50:36Z
HUB_SBY,PKG-00173,ARRIVAL,2026-09-04T23:53:00Z
HUB_JKT,PKG-00037,DEPARTURE,2026-09-16T15:39:24Z
HUB_JKT,PKG-00243,DEPARTURE,2026-09-24T21:01:48Z
HUB_BDG,PKG-00295,DEPARTURE,2026-09-07T09:28:36Z
HUB_MKS,PKG-00108,ARRIVAL,2026-09-13T02:48:00Z
HUB_JKT,PKG-00338,DEPARTURE,2026-09-25T00:44:00Z
HUB_SMG,PKG-00032,DEPARTURE,2026-09-06T14:49:24Z
HUB_BDG,PKG-00285,ARRIVAL,2026-09-08T06:45:00Z
HUB_BDG,PKG-00117,ARRIVAL,2026-09-19T18:57:00Z
HUB_SBY,PKG-00385,ARRIVAL,2026-09-18T22:25:00Z
HUB_BDG,PKG-00104,ARRIVAL,2026-09-11T13:44:00Z
HUB_MED,PKG-00127,ARRIVAL,2026-09-20T14:07:00Z
HUB_MED,PKG-00031,ARRIVAL,2026-09-23T23:31:00Z
HUB_BDG,PKG-00083,ARRIVAL,2026-09-03T03:23:00Z
HUB_SBY,PKG-00185,ARRIVAL,2026-09-16T10:05:00Z
HUB_SBY,PKG-00242,DEPARTURE,2026-09-22T20:30:12Z
HUB_JKT,PKG-00188,ARRIVAL,2026-09-15T12:08:00Z
HUB_BDG,PKG-00256,DEPARTURE,2026-09-21T19:58:36Z
HUB_BDG,PKG-00111,ARRIVAL,2026-09-23T03:51:00Z
HUB_SMG,PKG-00117,DEPARTURE,2026-09-19T18:10:12Z
HUB_BDG,PKG-00224,ARRIVAL,2026-09-19T17:44:00Z
HUB_MKS,PKG-00025,DEPARTURE,2026-09-07T12:14:12Z
HUB_MKS,PKG-00223,ARRIVAL,2026-09-11T10:43:00Z
HUB_JKT,PKG-00190,ARRIVAL,2026-09-13T16:10:00Z
HUB_SMG,PKG-00233,DEPARTURE,2026-09-01T18:11:00Z
HUB_DPS,PKG-00029,DEPARTURE,2026-09-20T23:34:24Z
HUB_SBY,PKG-00102,DEPARTURE,2026-09-06T06:40:48Z
HUB_MKS,PKG-00159,ARRIVAL,2026-09-05T14:39:00Z
HUB_BDG,PKG-00040,ARRIVAL,2026-09-09T15:40:00Z
HUB_MED,PKG-00140,DEPARTURE,2026-09-10T20:01:24Z
HUB_SBY,PKG-00307,DEPARTURE,2026-09-22T19:38:12Z
HUB_DPS,PKG-00159,ARRIVAL,2026-09-12T04:39:00Z
HUB_SBY,PKG-00165,DEPARTURE,2026-09-13T21:31:12Z
HUB_SBY,PKG-00352,ARRIVAL,2026-09-14T16:52:00Z
HUB_MKS,PKG-00223,DEPARTURE,2026-09-11T20:26:12Z
HUB_JKT,PKG-00105,DEPARTURE,2026-09-19T07:30:36Z
HUB_BDG,PKG-00189,DEPARTURE,2026-09-04T11:20:24Z
HUB_DPS,PKG-00074,ARRIVAL,2026-09-03T20:14:00Z
HUB_JKT,PKG-00295,ARRIVAL,2026-09-14T17:55:00Z
HUB_SMG,PKG-00215,DEPARTURE,2026-09-12T14:38:36Z
HUB_BDG,PKG-00210,ARRIVAL,2026-09-25T22:30:00Z
HUB_BDG,PKG-00180,DEPARTURE,2026-09-02T08:54:36Z
HUB_BDG,PKG-00194,DEPARTURE,2026-09-22T08:17:36Z
HUB_SMG,PKG-00223,DEPARTURE,2026-09-08T04:34:00Z
HUB_JKT,PKG-00183,DEPARTURE,2026-09-13T04:57:00Z
HUB_MKS,PKG-00309,DEPARTURE,2026-09-16T02:50:24Z
HUB_SBY,MISS-A-2,DEPARTURE,2026-09-01T03:00:00Z
HUB_BDG,PKG-00060,ARRIVAL,2026-09-11T11:00:00Z
HUB_MKS,PKG-00065,DEPARTURE,2026-09-05T23:09:12Z
HUB_MKS,PKG-00183,ARRIVAL,2026-09-08T14:03:00Z
HUB_MKS,PKG-00007,ARRIVAL,2026-09-13T01:07:00Z
HUB_BDG,PKG-00181,DEPARTURE,2026-09-20T12:28:00Z
HUB_BDG,PKG-00213,DEPARTURE,2026-09-25T07:08:24Z
HUB_SBY,PKG-00060,DEPARTURE,2026-09-09T01:57:00Z
HUB_SMG,PKG-00090,DEPARTURE,2026-09-08T03:18:36Z
HUB_BDG,PKG-00243,DEPARTURE,2026-09-21T11:27:00Z
HUB_DPS,PKG-00136,DEPARTURE,2026-09-03T16:05:12Z
HUB_SBY,PKG-00350,DEPARTURE,2026-09-11T02:44:00Z
HUB_MED,PKG-00089,ARRIVAL,2026-09-18T21:29:00Z
HUB_JKT,PKG-00109,DEPARTURE,2026-09-02T19:11:48Z
HUB_SBY,PKG-00316,ARRIVAL,2026-09-21T04:16:00Z
HUB_JKT,PKG-00178,DEPARTURE,2026-09-25T11:19:00Z
HUB_DPS,PKG-00025,ARRIVAL,2026-09-01T14:25:00Z
HUB_JKT,PKG-00350,DEPARTURE,2026-09-24T12:56:00Z
HUB_JKT,PKG-00072,ARRIVAL,2026-09-03T03:12:00Z
HUB_BDG,PKG-00203,ARRIVAL,2026-09-07T15:23:00Z
HUB_SBY,PKG-00255,ARRIVAL,2026-09-22T13:15:00Z
HUB_JKT,PKG-00382,ARRIVAL,2026-09-24T19:22:00Z
HUB_JKT,PKG-00066,ARRIVAL,2026-09-06T13:06:00Z
HUB_DPS,PKG-00003,DEPARTURE,2026-09-24T17:37:12Z
HUB_JKT,PKG-00200,ARRIVAL,2026-09-08T11:20:00Z
HUB_JKT,PKG-00202,ARRIVAL,2026-09-10T18:22:00Z
HUB_DPS,PKG-00065,DEPARTURE,2026-09-19T13:18:48Z
HUB_DPS,PKG-00009,ARRIVAL,2026-09-03T06:09:00Z
HUB_MED,PKG-00026,ARRIVAL,2026-09-09T11:26:00Z
HUB_MKS,PKG-00341,DEPARTURE,2026-09-16T17:57:12Z
HUB_DPS,PKG-00008,ARRIVAL,2026-09-23T18:08:00Z
HUB_DPS,MISS-D-0,ARRIVAL,2026-09-01T00:00:00Z
HUB_BDG,PKG-00004,ARRIVAL,2026-09-13T11:04:00Z
HUB_SMG,PKG-00154,ARRIVAL,2026-09-18T16:34:00Z
HUB_BDG,PKG-00047,ARRIVAL,2026-09-14T03:47:00Z
HUB_SBY,PKG-00117,ARRIVAL,2026-09-08T20:57:00Z
HUB_SBY,PKG-00262,DEPARTURE,2026-09-03T09:09:24Z
HUB_SBY,PKG-00105,ARRIVAL,2026-09-19T23:45:00Z
HUB_MED,MISS-D-3,ARRIVAL,2026-09-01T00:00:00Z
HUB_BDG,PKG-00068,ARRIVAL,2026-09-02T23:08:00Z
HUB_SBY,PKG-00141,DEPARTURE,2026-09-09T03:04:12Z
HUB_JKT,PKG-00420,DEPARTURE,2026-09-25T23:47:24Z
HUB_SMG,PKG-00150,DEPARTURE,2026-09-16T10:26:24Z
HUB_JKT,PKG-00176,ARRIVAL,2026-09-22T19:56:00Z
HUB_SBY,PKG-00073,DEPARTURE,2026-09-08T14:10:36Z
HUB_JKT,PKG-00077,ARRIVAL,2026-09-24T12:17:00Z
HUB_MKS,PKG-00164,ARRIVAL,2026-09-04T00:44:00Z
HUB_SBY,PKG-00297,ARRIVAL,2026-09-03T11:57:00Z
HUB_MED,PKG-00046,ARRIVAL,2026-09-16T02:46:00Z
HUB_SMG,PKG-00220,ARRIVAL,2026-09-18T15:40:00Z
HUB_SMG,PKG-00176,DEPARTURE,2026-09-21T18:08:00Z
HUB_MED,PKG-00086,ARRIVAL,2026-09-06T07:26:00Z
HUB_BDG,PKG-00242,ARRIVAL,2026-09-07T16:02:00Z
HUB_SBY,PKG-00351,DEPARTURE,2026-09-18T03:49:48Z
HUB_MKS,PKG-00303,DEPARTURE,2026-09-18T14:31:12Z
HUB_JKT,PKG-00155,ARRIVAL,2026-09-14T11:35:00Z
HUB_MKS,PKG-00021,ARRIVAL,2026-09-20T02:21:00Z
HUB_JKT,PKG-00030,ARRIVAL,2026-09-20T12:30:00Z
HUB_SBY,PKG-00156,DEPARTURE,2026-09-14T17:58:48Z
HUB_JKT,PKG-00444,ARRIVAL,2026-09-04T02:24:00Z
HUB_MKS,PKG-00064,DEPARTURE,2026-09-10T23:20:12Z
HUB_DPS,PKG-00053,ARRIVAL,2026-09-20T22:53:00Z
HUB_BDG,PKG-00038,DEPARTURE,2026-09-02T06:23:00Z
HUB_SBY,PKG-00203,DEPARTURE,2026-09-06T02:25:24Z
HUB_MED,PKG-00134,ARRIVAL,2026-09-15T17:14:00Z
HUB_SBY,PKG-00293,DEPARTURE,2026-09-06T23:51:48Z
HUB_SBY,PKG-00370,ARRIVAL,2026-09-03T13:10:00Z
HUB_BDG,PKG-00164,DEPARTURE,2026-09-02T18:27:48Z
HUB_SBY,PKG-00026,DEPARTURE,2026-09-05T02:43:24Z
HUB_SMG,PKG-00104,DEPARTURE,2026-09-24T01:31:24Z
HUB_MED,PKG-00014,ARRIVAL,2026-09-24T10:14:00Z
HUB_MKS,PKG-00260,DEPARTURE,2026-09-22T22:01:24Z
HUB_SBY,PKG-00150,DEPARTURE,2026-09-10T02:36:00Z
HUB_MED,PKG-00055,DEPARTURE,2026-09-04T06:26:48Z
HUB_JKT,PKG-00136,DEPARTURE,2026-09-22T21:16:00Z
HUB_SMG,PKG-00185,DEPARTURE,2026-09-26T05:23:00Z
HUB_MKS,PKG-00006,DEPARTURE,2026-09-03T17:00:00Z
HUB_JKT,PKG-00078,ARRIVAL,2026-09-06T01:18:00Z
HUB_BDG,PKG-00153,ARRIVAL,2026-09-05T08:33:00Z
HUB_SMG,PKG-00174,DEPARTURE,2026-09-01T19:06:00Z
HUB_JKT,PKG-00264,DEPARTURE,2026-09-14T12:42:36Z
HUB_SBY,PKG-00204,DEPARTURE,2026-09-10T19:21:00Z
HUB_MKS,PKG-00270,ARRIVAL,2026-09-24T11:30:00Z
HUB_JKT,PKG-00455,ARRIVAL,2026-09-07T15:35:00Z
HUB_JKT,PKG-00119,DEPARTURE,2026-09-06T15:02:00Z
HUB_MED,PKG-00076,ARRIVAL,2026-09-21T11:16:00Z
HUB_SBY,PKG-00329,DEPARTURE,2026-09-10T21:18:48Z
HUB_BDG,PKG-00151,ARRIVAL,2026-09-10T01:31:00Z
HUB_MKS,PKG-00253,ARRIVAL,2026-09-18T09:13:00Z
HUB_JKT,PKG-00242,DEPARTURE,2026-09-06T19:48:48Z
HUB_DPS,PKG-00039,DEPARTURE,2026-09-16T19:24:00Z
HUB_MKS,PKG-00243,ARRIVAL,2026-09-19T21:03:00Z
HUB_MED,MISS-D-1,ARRIVAL,2026-09-01T00:00:00Z
HUB_SMG,PKG-00027,DEPARTURE,2026-09-07T02:31:12Z
HUB_MKS,PKG-00055,DEPARTURE,2026-09-22T11:55:36Z
HUB_DPS,PKG-00125,ARRIVAL,2026-09-22T01:05:00Z
HUB_MED,PKG-00136,ARRIVAL,2026-09-16T21:16:00Z
HUB_BDG,PKG-00081,DEPARTURE,2026-09-09T08:26:24Z
HUB_SMG,PKG-00192,ARRIVAL,2026-09-19T15:12:00Z
HUB_SBY,PKG-00100,DEPARTURE,2026-09-06T14:54:24Z
HUB_SBY,PKG-00051,DEPARTURE,2026-09-14T14:52:12Z
HUB_BDG,PKG-00285,DEPARTURE,2026-09-08T10:34:12Z
HUB_BDG,PKG-00254,DEPARTURE,2026-09-04T06:26:36Z
HUB_JKT,BAD-TS-2,ARRIVAL,not-a-date
HUB_MED,PKG-00047,DEPARTURE,2026-09-04T03:20:36Z
HUB_SBY,PKG-00366,DEPARTURE,2026-09-24T22:52:48Z
HUB_JKT,PKG-00384,ARRIVAL,2026-09-09T13:24:00Z
HUB_MKS,PKG-00219,DEPARTURE,2026-09-18T04:27:36Z
HUB_SBY,PKG-00096,ARRIVAL,2026-09-16T04:36:00Z
HUB_SMG,PKG-00223,ARRIVAL,2026-09-07T20:43:00Z
HUB_JKT,PKG-00403,ARRIVAL,2026-09-10T09:43:00Z
HUB_SMG,PKG-00196,DEPARTURE,2026-09-25T18:49:36Z
HUB_JKT,PKG-00462,ARRIVAL,2026-09-20T16:42:00Z
HUB_SBY,PKG-00113,DEPARTURE,2026-09-03T04:06:12Z
HUB_MED,PKG-00167,ARRIVAL,2026-09-18T19:47:00Z
HUB_SBY,PKG-00065,DEPARTURE,2026-09-19T13:37:24Z
HUB_BDG,PKG-00235,DEPARTURE,2026-09-17T20:30:24Z
HUB_BDG,PKG-00297,ARRIVAL,2026-09-15T03:57:00Z
HUB_JKT,PKG-00246,ARRIVAL,2026-09-13T21:06:00Z
HUB_MKS,PKG-00325,ARRIVAL,2026-09-02T07:25:00Z
HUB_BDG,PKG-00061,DEPARTURE,2026-09-06T11:12:24Z
HUB_BDG,PKG-00121,ARRIVAL,2026-09-08T12:01:00Z
HUB_BDG,PKG-00236,DEPARTURE,2026-09-12T03:05:00Z
HUB_SBY,PKG-00260,DEPARTURE,2026-09-21T02:35:36Z
HUB_JKT,PKG-00396,DEPARTURE,2026-09-08T09:57:00Z
HUB_BDG,PKG-00167,DEPARTURE,2026-09-25T00:48:12Z
HUB_MKS,PKG-00255,DEPARTURE,2026-09-17T23:36:00Z
HUB_SMG,PKG-00073,ARRIVAL,2026-09-25T10:13:00Z
HUB_JKT,PKG-00179,DEPARTURE,2026-09-12T17:21:12Z
HUB_SMG,PKG-00247,DEPARTURE,2026-09-25T22:47:12Z
HUB_SBY,PKG-00056,DEPARTURE,2026-09-18T19:33:12Z
HUB_MKS,PKG-00085,ARRIVAL,2026-09-15T12:25:00Z
HUB_BDG,PKG-00175,ARRIVAL,2026-09-20T06:55:00Z
HUB_MKS,PKG-00113,DEPARTURE,2026-09-22T16:27:12Z
HUB_BDG,PKG-00263,ARRIVAL,2026-09-18T04:23:00Z
HUB_JKT,PKG-00075,ARRIVAL,2026-09-20T02:15:00Z
HUB_DPS,PKG-00154,DEPARTURE,2026-09-03T23:30:24Z
HUB_REMOTE,REVERSE-1,ARRIVAL,2026-09-01T03:00:00Z
HUB_MKS,PKG-00017,ARRIVAL,2026-09-14T00:17:00Z
HUB_JKT,PKG-00360,DEPARTURE,2026-09-20T17:53:24Z
HUB_MED,PKG-00030,ARRIVAL,2026-09-18T01:30:00Z
HUB_SBY,PKG-00132,ARRIVAL,2026-09-07T15:12:00Z
HUB_MKS,PKG-00296,ARRIVAL,2026-09-02T13:56:00Z
HUB_MED,PKG-00003,DEPARTURE,2026-09-08T19:22:12Z
HUB_MKS,PKG-00115,DEPARTURE,2026-09-02T20:01:36Z
HUB_MKS,PKG-00285,DEPARTURE,2026-09-05T14:31:48Z
HUB_JKT,PKG-00090,ARRIVAL,2026-09-19T01:30:00Z
HUB_BDG,PKG-00116,ARRIVAL,2026-09-18T04:56:00Z
HUB_DPS,PKG-00028,DEPARTURE,2026-09-24T03:48:24Z
HUB_SBY,PKG-00139,ARRIVAL,2026-09-15T21:19:00Z
HUB_BDG,PKG-00010,DEPARTURE,2026-09-05T05:48:24Z
HUB_SBY,PKG-00162,DEPARTURE,2026-09-04T12:18:36Z
HUB_SBY,PKG-00287,ARRIVAL,2026-09-08T09:47:00Z
HUB_SMG,PKG-00063,DEPARTURE,2026-09-24T23:35:24Z
HUB_BDG,PKG-00206,ARRIVAL,2026-09-21T02:26:00Z
HUB_DPS,PKG-00163,ARRIVAL,2026-09-02T00:43:00Z
HUB_MKS,PKG-00287,ARRIVAL,2026-09-16T20:47:00Z
HUB_JKT,PKG-00493,ARRIVAL,2026-09-13T02:13:00Z
HUB_MKS,PKG-00145,ARRIVAL,2026-09-23T08:25:00Z
HUB_BDG,PKG-00178,DEPARTURE,2026-09-14T23:08:12Z
HUB_SBY,MISS-D-3,ARRIVAL,2026-09-01T00:00:00Z
HUB_SMG,PKG-00134,DEPARTURE,2026-09-24T15:35:36Z
HUB_JKT,PKG-00024,DEPARTURE,2026-09-11T21:51:00Z
HUB_JKT,PKG-00365,DEPARTURE,2026-09-17T01:06:12Z
HUB_JKT,PKG-00005,ARRIVAL,2026-09-05T04:05:00Z
HUB_BDG,PKG-00166,ARRIVAL,2026-09-16T18:46:00Z
HUB_JKT,PKG-00077,DEPARTURE,2026-09-24T14:36:12Z
HUB_SMG,PKG-00155,DEPARTURE,2026-09-09T09:17:36Z
HUB_DPS,PKG-00196,DEPARTURE,2026-09-09T19:16:36Z
HUB_BDG,MISS-D-3,ARRIVAL,2026-09-01T00:00:00Z
HUB_MKS,PKG-00319,ARRIVAL,2026-09-04T04:19:00Z
HUB_MKS,PKG-00155,ARRIVAL,2026-09-12T20:35:00Z
HUB_DPS,MISS-D-2,ARRIVAL,2026-09-01T00:00:00Z
HUB_SBY,PKG-00202,ARRIVAL,2026-09-24T16:22:00Z
HUB_JKT,PKG-00175,DEPARTURE,2026-09-20T07:14:12Z
HUB_SBY,PKG-00090,DEPARTURE,2026-09-19T10:40:48Z
HUB_BDG,PKG-00090,ARRIVAL,2026-09-20T20:30:00Z
HUB_SBY,BAD-TS-0,ARRIVAL,not-a-date
HUB_MKS,PKG-00109,ARRIVAL,2026-09-16T18:49:00Z
HUB_MED,PKG-00103,ARRIVAL,2026-09-13T14:43:00Z
HUB_SBY,PKG-00081,ARRIVAL,2026-09-12T13:21:00Z
HUB_MKS,PKG-00216,ARRIVAL,2026-09-24T22:36:00Z
HUB_MKS,PKG-00035,DEPARTURE,2026-09-11T18:38:00Z
HUB_MED,PKG-00007,ARRIVAL,2026-09-21T21:07:00Z
HUB_BDG,MISS-D-1,ARRIVAL,2026-09-01T00:00:00Z
HUB_JKT,PKG-00364,DEPARTURE,2026-09-10T22:11:48Z
HUB_BDG,PKG-00063,ARRIVAL,2026-09-16T16:03:00Z
HUB_SBY,PKG-00386,ARRIVAL,2026-09-01T04:26:00Z
HUB_JKT,PKG-00410,DEPARTURE,2026-09-09T03:49:24Z
HUB_MKS,PKG-00135,DEPARTURE,2026-09-03T07:42:36Z
HUB_DPS,PKG-00107,DEPARTURE,2026-09-04T04:32:00Z
HUB_SBY,PKG-00344,ARRIVAL,2026-09-13T16:44:00Z
HUB_MKS,PKG-00053,ARRIVAL,2026-09-12T13:53:00Z
HUB_SMG,PKG-00149,DEPARTURE,2026-09-13T18:17:00Z
HUB_SBY,PKG-00043,ARRIVAL,2026-09-10T08:43:00Z
HUB_SBY,PKG-00008,DEPARTURE,2026-09-05T21:17:00Z
HUB_SBY,PKG-00057,ARRIVAL,2026-09-10T07:57:00Z
HUB_SMG,PKG-00231,ARRIVAL,2026-09-15T08:51:00Z
HUB_SBY,PKG-00004,DEPARTURE,2026-09-18T03:27:24Z
HUB_MKS,PKG-00056,DEPARTURE,2026-09-25T06:59:00Z
HUB_SMG,PKG-00153,ARRIVAL,2026-09-15T19:33:00Z
HUB_MKS,PKG-00035,ARRIVAL,2026-09-11T09:35:00Z
HUB_REMOTE,BAD-TS-1,ARRIVAL,not-a-date
HUB_DPS,MISS-A-1,DEPARTURE,2026-09-01T03:00:00Z
HUB_BDG,PKG-00054,DEPARTURE,2026-09-02T21:10:12Z
HUB_JKT,REVERSE-1,DEPARTURE,2026-09-01T00:00:00Z
HUB_SMG,PKG-00084,ARRIVAL,2026-09-15T04:24:00Z
HUB_JKT,PKG-00214,ARRIVAL,2026-09-12T09:34:00Z
HUB_MED,PKG-00100,ARRIVAL,2026-09-22T20:40:00Z
HUB_MKS,BAD-TS-1,DEPARTURE,2026-09-01T03:00:00Z
HUB_SBY,PKG-00380,DEPARTURE,2026-09-16T17:26:36Z
HUB_BDG,REVERSE-1,ARRIVAL,2026-09-01T03:00:00Z
HUB_JKT,PKG-00232,DEPARTURE,2026-09-13T06:47:12Z
HUB_DPS,PKG-00187,DEPARTURE,2026-09-04T04:26:12Z
HUB_JKT,PKG-00489,DEPARTURE,2026-09-09T05:15:36Z
HUB_SMG,PKG-00093,DEPARTURE,2026-09-06T06:41:24Z
HUB_JKT,PKG-00208,DEPARTURE,2026-09-03T15:04:00Z
HUB_BDG,PKG-00073,ARRIVAL,2026-09-12T14:13:00Z
HUB_DPS,PKG-00062,ARRIVAL,2026-09-16T16:02:00Z
HUB_JKT,PKG-00433,ARRIVAL,2026-09-06T17:13:00Z
HUB_DPS,PKG-00195,DEPARTURE,2026-09-21T07:14:24Z
HUB_JKT,PKG-00023,DEPARTURE,2026-09-13T21:11:00Z
HUB_JKT,PKG-00149,DEPARTURE,2026-09-22T08:09:48Z
HUB_BDG,PKG-00275,ARRIVAL,2026-09-02T10:35:00Z
HUB_REMOTE,REVERSE-1,DEPARTURE,2026-09-01T00:00:00Z
HUB_SBY,PKG-00007,DEPARTURE,2026-09-19T16:30:24Z
HUB_SBY,PKG-00005,DEPARTURE,2026-09-20T11:09:48Z
HUB_MKS,PKG-00270,DEPARTURE,2026-09-24T22:16:48Z
HUB_DPS,BAD-TS-2,DEPARTURE,2026-09-01T03:00:00Z
HUB_DPS,PKG-00181,DEPARTURE,2026-09-01T13:39:24Z
HUB_BDG,PKG-00033,ARRIVAL,2026-09-09T14:33:00Z
HUB_DPS,PKG-00124,DEPARTURE,2026-09-22T02:55:36Z
HUB_DPS,PKG-00112,ARRIVAL,2026-09-18T05:52:00Z
HUB_SMG,PKG-00075,DEPARTURE,2026-09-12T04:01:12Z
HUB_MED,PKG-00114,DEPARTURE,2026-09-13T06:37:48Z
HUB_JKT,PKG-00476,DEPARTURE,2026-09-13T11:45:12Z
HUB_JKT,PKG-00249,DEPARTURE,2026-09-25T03:07:48Z
HUB_SBY,PKG-00392,ARRIVAL,2026-09-23T04:32:00Z
HUB_REMOTE,BAD-TS-1,DEPARTURE,2026-09-01T03:00:00Z
HUB_MKS,PKG-00096,ARRIVAL,2026-09-17T00:36:00Z
HUB_SMG,PKG-00123,DEPARTURE,2026-09-05T20:03:00Z
HUB_SMG,PKG-00043,ARRIVAL,2026-09-24T01:43:00Z
HUB_SBY,PKG-00352,DEPARTURE,2026-09-14T20:37:00Z
HUB_SBY,PKG-00385,DEPARTURE,2026-09-19T04:55:00Z
HUB_MKS,PKG-00173,DEPARTURE,2026-09-03T07:08:36Z
HUB_JKT,PKG-00421,ARRIVAL,2026-09-11T01:01:00Z
HUB_MKS,PKG-00314,ARRIVAL,2026-09-01T07:14:00Z
HUB_JKT,PKG-00039,ARRIVAL,2026-09-05T03:39:00Z
HUB_MKS,PKG-00100,ARRIVAL,2026-09-12T20:40:00Z
HUB_BDG,PKG-00183,ARRIVAL,2026-09-02T14:03:00Z
HUB_MKS,PKG-00194,DEPARTURE,2026-09-05T15:37:24Z
HUB_SMG,PKG-00218,DEPARTURE,2026-09-16T05:07:24Z
HUB_MED,PKG-00128,DEPARTURE,2026-09-16T13:20:00Z
HUB_JKT,PKG-00131,DEPARTURE,2026-09-24T05:38:36Z
HUB_BDG,PKG-00073,DEPARTURE,2026-09-12T17:23:48Z
HUB_JKT,PKG-00187,ARRIVAL,2026-09-05T02:07:00Z
HUB_MKS,PKG-00143,DEPARTURE,2026-09-18T20:06:48Z
HUB_BDG,PKG-00188,DEPARTURE,2026-09-15T09:51:12Z
HUB_BDG,PKG-00023,DEPARTURE,2026-09-26T00:44:36Z
HUB_JKT,PKG-00064,DEPARTURE,2026-09-02T17:41:12Z
HUB_JKT,PKG-00154,ARRIVAL,2026-09-05T03:34:00Z
HUB_MKS,PKG-00009,ARRIVAL,2026-09-18T01:09:00Z
HUB_JKT,PKG-00100,ARRIVAL,2026-09-07T23:40:00Z
HUB_JKT,PKG-00304,ARRIVAL,2026-09-01T10:04:00Z
HUB_BDG,PKG-00090,DEPARTURE,2026-09-21T00:31:12Z
HUB_SMG,PKG-00004,DEPARTURE,2026-09-14T13:35:48Z
HUB_JKT,PKG-00022,ARRIVAL,2026-09-13T08:22:00Z
HUB_BDG,PKG-00033,DEPARTURE,2026-09-09T19:04:48Z
HUB_SBY,PKG-00355,ARRIVAL,2026-09-20T08:55:00Z
HUB_SBY,PKG-00378,DEPARTURE,2026-09-02T06:00:36Z
HUB_DPS,PKG-00186,ARRIVAL,2026-09-11T14:06:00Z
HUB_MKS,PKG-00143,ARRIVAL,2026-09-18T07:23:00Z
HUB_DPS,PKG-00199,DEPARTURE,2026-09-14T04:10:36Z
HUB_MKS,MISS-D-0,ARRIVAL,2026-09-01T00:00:00Z
HUB_MKS,PKG-00105,ARRIVAL,2026-09-10T21:45:00Z
HUB_SMG,PKG-00066,ARRIVAL,2026-09-01T16:06:00Z
HUB_JKT,PKG-00294,ARRIVAL,2026-09-22T19:54:00Z
HUB_SMG,PKG-00143,ARRIVAL,2026-09-19T03:23:00Z
HUB_DPS,PKG-00085,DEPARTURE,2026-09-22T16:10:00Z
HUB_SBY,PKG-00390,DEPARTURE,2026-09-23T03:23:24Z
HUB_JKT,PKG-00139,DEPARTURE,2026-09-18T19:31:00Z
HUB_DPS,REVERSE-0,DEPARTURE,2026-09-01T00:00:00Z
HUB_JKT,PKG-00179,ARRIVAL,2026-09-12T13:59:00Z
HUB_SBY,PKG-00197,ARRIVAL,2026-09-07T04:17:00Z
HUB_MED,PKG-00018,ARRIVAL,2026-09-02T07:18:00Z
HUB_MED,PKG-00149,DEPARTURE,2026-09-18T18:28:24Z
HUB_MED,PKG-00136,DEPARTURE,2026-09-17T03:50:48Z
HUB_SMG,PKG-00003,ARRIVAL,2026-09-23T07:03:00Z
HUB_JKT,PKG-00277,ARRIVAL,2026-09-14T15:37:00Z
HUB_BDG,PKG-00052,DEPARTURE,2026-09-19T11:36:24Z
HUB_SBY,PKG-00068,ARRIVAL,2026-09-21T13:08:00Z
HUB_JKT,PKG-00318,ARRIVAL,2026-09-18T18:18:00Z
HUB_SBY,PKG-00281,DEPARTURE,2026-09-25T11:12:48Z
HUB_JKT,PKG-00025,DEPARTURE,2026-09-12T23:26:48Z
HUB_JKT,PKG-00085,ARRIVAL,2026-09-17T02:25:00Z
HUB_DPS,PKG-00191,ARRIVAL,2026-09-19T17:11:00Z
HUB_BDG,PKG-00113,ARRIVAL,2026-09-18T18:53:00Z
HUB_JKT,PKG-00392,ARRIVAL,2026-09-11T04:32:00Z
HUB_DPS,PKG-00116,ARRIVAL,2026-09-10T10:56:00Z
HUB_MKS,PKG-00186,DEPARTURE,2026-09-06T10:05:24Z
HUB_DPS,PKG-00193,DEPARTURE,2026-09-23T09:59:12Z
HUB_MED,PKG-00034,DEPARTURE,2026-09-03T05:30:24Z
HUB_SBY,PKG-00111,ARRIVAL,2026-09-02T21:51:00Z
HUB_MKS,PKG-00226,DEPARTURE,2026-09-09T06:06:24Z
HUB_DPS,PKG-00019,DEPARTURE,2026-09-16T21:58:00Z
HUB_BDG,PKG-00286,DEPARTURE,2026-09-23T13:37:00Z
HUB_JKT,PKG-00396,ARRIVAL,2026-09-08T06:36:00Z
HUB_MKS,PKG-00185,ARRIVAL,2026-09-16T06:05:00Z
HUB_BDG,PKG-00170,DEPARTURE,2026-09-15T18:51:12Z
HUB_SBY,PKG-00029,ARRIVAL,2026-09-09T10:29:00Z
HUB_DPS,PKG-00083,DEPARTURE,2026-09-05T12:48:48Z
HUB_SMG,PKG-00240,ARRIVAL,2026-09-22T11:00:00Z
HUB_JKT,PKG-00054,ARRIVAL,2026-09-03T06:54:00Z
HUB_JKT,PKG-00418,DEPARTURE,2026-09-25T17:26:12Z
HUB_SBY,PKG-00099,DEPARTURE,2026-09-22T01:31:48Z
HUB_BDG,PKG-00174,DEPARTURE,2026-09-08T11:39:00Z
HUB_SBY,PKG-00307,ARRIVAL,2026-09-22T16:07:00Z
HUB_MKS,PKG-00214,DEPARTURE,2026-09-23T06:58:00Z
HUB_SMG,PKG-00022,DEPARTURE,2026-09-08T06:46:00Z
HUB_SBY,PKG-00214,DEPARTURE,2026-09-20T20:59:12Z
HUB_MKS,PKG-00153,DEPARTURE,2026-09-21T17:07:48Z
HUB_JKT,PKG-00466,DEPARTURE,2026-09-12T13:29:48Z
HUB_JKT,PKG-00397,ARRIVAL,2026-09-16T19:37:00Z
HUB_DPS,PKG-00101,DEPARTURE,2026-09-08T17:56:36Z
HUB_SBY,PKG-00195,DEPARTURE,2026-09-10T15:20:24Z
HUB_JKT,PKG-00180,ARRIVAL,2026-09-08T09:00:00Z
HUB_MKS,PKG-00084,ARRIVAL,2026-09-25T03:24:00Z
HUB_MKS,PKG-00201,DEPARTURE,2026-09-07T07:00:00Z
HUB_SMG,PKG-00052,DEPARTURE,2026-09-11T08:40:00Z
HUB_SMG,PKG-00136,ARRIVAL,2026-09-13T14:16:00Z
HUB_MED,PKG-00054,DEPARTURE,2026-09-01T14:42:36Z
HUB_SMG,MISS-A-0,DEPARTURE,2026-09-01T03:00:00Z
HUB_JKT,PKG-00242,ARRIVAL,2026-09-06T16:02:00Z
HUB_MKS,PKG-00246,DEPARTURE,2026-09-04T06:47:24Z
HUB_MED,PKG-00024,ARRIVAL,2026-09-20T18:24:00Z
HUB_MKS,PKG-00168,ARRIVAL,2026-09-02T01:48:00Z
HUB_MKS,PKG-00204,ARRIVAL,2026-09-03T07:24:00Z
HUB_SMG,PKG-00162,DEPARTURE,2026-09-07T17:10:12Z
HUB_SMG,REVERSE-0,ARRIVAL,2026-09-01T03:00:00Z
HUB_BDG,PKG-00271,ARRIVAL,2026-09-05T19:31:00Z
HUB_SBY,PKG-00013,ARRIVAL,2026-09-06T01:13:00Z
HUB_SBY,PKG-00104,ARRIVAL,2026-09-20T04:44:00Z
HUB_SBY,PKG-00050,ARRIVAL,2026-09-23T17:50:00Z
HUB_MED,PKG-00172,ARRIVAL,2026-09-02T02:52:00Z
HUB_DPS,PKG-00184,DEPARTURE,2026-09-08T19:18:24Z
HUB_MED,PKG-00048,ARRIVAL,2026-09-13T09:48:00Z
HUB_SMG,PKG-00020,DEPARTURE,2026-09-01T15:42:12Z
HUB_MKS,PKG-00123,DEPARTURE,2026-09-20T09:04:48Z
HUB_SMG,PKG-00165,DEPARTURE,2026-09-08T08:36:36Z
HUB_JKT,PKG-00142,DEPARTURE,2026-09-09T04:59:12Z
HUB_JKT,PKG-00162,DEPARTURE,2026-09-11T19:28:12Z
HUB_MKS,PKG-00163,ARRIVAL,2026-09-14T21:43:00Z
HUB_MKS,PKG-00055,ARRIVAL,2026-09-21T23:55:00Z
HUB_BDG,PKG-00161,DEPARTURE,2026-09-17T12:56:36Z
HUB_JKT,PKG-00483,ARRIVAL,2026-09-23T10:03:00Z
HUB_SBY,PKG-00375,DEPARTURE,2026-09-25T03:54:36Z
HUB_MED,PKG-00154,DEPARTURE,2026-09-23T16:40:00Z
HUB_SMG,PKG-00105,DEPARTURE,2026-09-21T22:48:00Z
HUB_DPS,PKG-00023,ARRIVAL,2026-09-01T21:23:00Z
HUB_DPS,PKG-00164,ARRIVAL,2026-09-12T19:44:00Z
HUB_DPS,PKG-00012,DEPARTURE,2026-09-17T06:06:36Z
HUB_JKT,PKG-00140,ARRIVAL,2026-09-04T14:20:00Z
HUB_MKS,PKG-00183,DEPARTURE,2026-09-09T02:03:00Z
HUB_SBY,PKG-00107,ARRIVAL,2026-09-16T02:47:00Z
HUB_BDG,PKG-00029,ARRIVAL,2026-09-17T04:29:00Z
HUB_JKT,PKG-00059,DEPARTURE,2026-09-19T23:56:00Z
HUB_MED,PKG-00093,DEPARTURE,2026-09-22T01:46:48Z
HUB_DPS,PKG-00090,DEPARTURE,2026-09-18T14:12:36Z
HUB_BDG,PKG-00244,DEPARTURE,2026-09-24T01:43:36Z
HUB_JKT,PKG-00087,ARRIVAL,2026-09-17T01:27:00Z
HUB_SMG,PKG-00019,DEPARTURE,2026-09-23T13:54:24Z
HUB_MKS,PKG-00349,ARRIVAL,2026-09-07T20:49:00Z
HUB_BDG,PKG-00046,ARRIVAL,2026-09-07T10:46:00Z
HUB_JKT,PKG-00275,ARRIVAL,2026-09-13T06:35:00Z
HUB_MKS,PKG-00191,DEPARTURE,2026-09-22T22:53:00Z
HUB_MKS,PKG-00347,DEPARTURE,2026-09-14T03:57:48Z
HUB_SMG,PKG-00078,ARRIVAL,2026-09-19T05:18:00Z
HUB_SBY,PKG-00114,DEPARTURE,2026-09-03T23:01:48Z
HUB_MKS,PKG-00027,ARRIVAL,2026-09-03T08:27:00Z
HUB_BDG,PKG-00204,ARRIVAL,2026-09-14T18:24:00Z
HUB_SBY,PKG-00182,ARRIVAL,2026-09-23T18:02:00Z
HUB_SBY,PKG-00389,ARRIVAL,2026-09-24T23:29:00Z
HUB_MKS,PKG-00267,DEPARTURE,2026-09-07T00:52:12Z
HUB_SBY,PKG-00255,DEPARTURE,2026-09-22T19:01:12Z
HUB_JKT,PKG-00280,DEPARTURE,2026-09-11T12:35:48Z
HUB_MKS,MISS-D-1,ARRIVAL,2026-09-01T00:00:00Z
HUB_BDG,PKG-00100,DEPARTURE,2026-09-13T11:45:24Z
HUB_JKT,MISS-D-0,ARRIVAL,2026-09-01T00:00:00Z
HUB_SBY,PKG-00301,ARRIVAL,2026-09-02T17:01:00Z
HUB_BDG,PKG-00143,DEPARTURE,2026-09-13T06:58:24Z
HUB_MKS,PKG-00118,DEPARTURE,2026-09-06T07:02:12Z
HUB_MKS,PKG-00019,ARRIVAL,2026-09-13T00:19:00Z
HUB_DPS,PKG-00014,DEPARTURE,2026-09-20T18:11:36Z
HUB_JKT,PKG-00102,DEPARTURE,2026-09-03T07:18:00Z
HUB_SBY,PKG-00134,ARRIVAL,2026-09-11T20:14:00Z
HUB_MKS,PKG-00045,ARRIVAL,2026-09-13T13:45:00Z
HUB_SMG,PKG-00110,ARRIVAL,2026-09-06T20:50:00Z
HUB_MKS,PKG-00142,DEPARTURE,2026-09-04T07:47:12Z
HUB_BDG,PKG-00245,DEPARTURE,2026-09-20T02:12:48Z
HUB_SBY,PKG-00205,DEPARTURE,2026-09-15T00:47:48Z
HUB_BDG,PKG-00159,DEPARTURE,2026-09-01T05:03:36Z
HUB_JKT,PKG-00056,DEPARTURE,2026-09-15T14:58:24Z
HUB_JKT,PKG-00113,DEPARTURE,2026-09-14T01:19:24Z
HUB_SBY,PKG-00235,ARRIVAL,2026-09-25T02:55:00Z
HUB_JKT,PKG-00440,DEPARTURE,2026-09-04T08:53:00Z
HUB_SBY,PKG-00222,ARRIVAL,2026-09-06T13:42:00Z
HUB_MKS,PKG-00152,ARRIVAL,2026-09-13T10:32:00Z
HUB_DPS,PKG-00138,ARRIVAL,2026-09-11T09:18:00Z
HUB_MED,PKG-00178,DEPARTURE,2026-09-04T09:37:00Z
HUB_JKT,PKG-00282,ARRIVAL,2026-09-23T06:42:00Z
HUB_JKT,PKG-00380,ARRIVAL,2026-09-06T12:20:00Z
HUB_MKS,PKG-00337,ARRIVAL,2026-09-18T22:37:00Z
HUB_MED,PKG-00173,DEPARTURE,2026-09-09T19:12:12Z
HUB_JKT,PKG-00048,DEPARTURE,2026-09-22T02:34:12Z
HUB_JKT,PKG-00039,DEPARTURE,2026-09-05T05:41:24Z
HUB_SMG,PKG-00179,DEPARTURE,2026-09-18T13:03:12Z
HUB_JKT,PKG-00246,DEPARTURE,2026-09-14T00:19:12Z
HUB_SBY,PKG-00139,DEPARTURE,2026-09-16T02:59:48Z
HUB_MKS,PKG-00225,ARRIVAL,2026-09-03T03:45:00Z
HUB_SMG,PKG-00056,DEPARTURE,2026-09-21T07:18:48Z
HUB_BDG,PKG-00282,ARRIVAL,2026-09-03T12:42:00Z
HUB_JKT,PKG-00088,ARRIVAL,2026-09-22T11:28:00Z
HUB_MKS,PKG-00107,DEPARTURE,2026-09-14T15:22:24Z
HUB_MED,PKG-00097,DEPARTURE,2026-09-11T21:51:24Z
HUB_MKS,PKG-00178,DEPARTURE,2026-09-06T11:14:48Z
HUB_BDG,PKG-00233,ARRIVAL,2026-09-02T03:53:00Z
HUB_SBY,PKG-00325,DEPARTURE,2026-09-09T03:04:00Z
HUB_SMG,PKG-00087,DEPARTURE,2026-09-26T03:00:00Z
HUB_MKS,PKG-00154,ARRIVAL,2026-09-23T15:34:00Z
HUB_BDG,PKG-00020,DEPARTURE,2026-09-13T21:15:48Z
HUB_SBY,PKG-00298,ARRIVAL,2026-09-01T07:58:00Z
HUB_SMG,PKG-00142,DEPARTURE,2026-09-08T11:02:48Z
HUB_BDG,PKG-00018,ARRIVAL,2026-09-24T17:18:00Z
HUB_BDG,PKG-00294,ARRIVAL,2026-09-17T17:54:00Z
HUB_MKS,PKG-00156,ARRIVAL,2026-09-03T16:36:00Z
HUB_MKS,PKG-00236,ARRIVAL,2026-09-13T07:56:00Z
HUB_SMG,PKG-00045,DEPARTURE,2026-09-08T14:23:24Z
HUB_MKS,PKG-00140,ARRIVAL,2026-09-08T09:20:00Z
HUB_SMG,PKG-00059,DEPARTURE,2026-09-14T02:42:48Z
HUB_MKS,PKG-00150,DEPARTURE,2026-09-08T04:11:24Z
HUB_MED,PKG-00105,ARRIVAL,2026-09-17T07:45:00Z
HUB_MKS,PKG-00157,ARRIVAL,2026-09-09T11:37:00Z
HUB_JKT,PKG-00228,DEPARTURE,2026-09-19T14:18:00Z
HUB_JKT,MISS-D-4,ARRIVAL,2026-09-01T00:00:00Z
HUB_SBY,PKG-00397,ARRIVAL,2026-09-15T15:37:00Z
HUB_SBY,PKG-00020,ARRIVAL,2026-09-15T06:20:00Z
HUB_SMG,PKG-00193,ARRIVAL,2026-09-10T18:13:00Z
HUB_JKT,PKG-00355,ARRIVAL,2026-09-02T12:55:00Z
HUB_SMG,PKG-00111,ARRIVAL,2026-09-05T13:51:00Z
HUB_MKS,PKG-00089,DEPARTURE,2026-09-15T18:05:36Z
HUB_JKT,PKG-00442,DEPARTURE,2026-09-07T12:18:24Z
HUB_JKT,PKG-00182,DEPARTURE,2026-09-23T00:14:36Z
HUB_JKT,PKG-00300,ARRIVAL,2026-09-05T21:00:00Z
HUB_BDG,PKG-00197,DEPARTURE,2026-09-07T18:37:24Z
HUB_MKS,PKG-00321,DEPARTURE,2026-09-21T16:31:12Z
HUB_SMG,PKG-00224,DEPARTURE,2026-09-15T20:47:00Z
HUB_SBY,PKG-00143,DEPARTURE,2026-09-12T23:14:36Z
HUB_MED,PKG-00177,ARRIVAL,2026-09-15T09:57:00Z
HUB_MED,PKG-00137,DEPARTURE,2026-09-26T01:48:12Z
HUB_JKT,PKG-00161,DEPARTURE,2026-09-12T16:24:12Z
HUB_BDG,PKG-00225,ARRIVAL,2026-09-21T10:45:00Z
HUB_BDG,PKG-00298,DEPARTURE,2026-09-17T08:28:36Z
HUB_DPS,PKG-00113,ARRIVAL,2026-09-06T04:53:00Z
HUB_MKS,PKG-00232,ARRIVAL,2026-09-21T06:52:00Z
HUB_SMG,PKG-00139,ARRIVAL,2026-09-16T02:19:00Z
HUB_SBY,PKG-00049,DEPARTURE,2026-09-20T00:14:12Z
HUB_MKS,PKG-00000,ARRIVAL,2026-09-02T09:00:00Z
HUB_BDG,PKG-00280,ARRIVAL,2026-09-05T12:40:00Z
HUB_JKT,PKG-00211,DEPARTURE,2026-09-19T14:35:12Z
HUB_JKT,PKG-00363,DEPARTURE,2026-09-05T12:39:36Z
HUB_JKT,PKG-00171,ARRIVAL,2026-09-11T18:51:00Z
HUB_DPS,BAD-TS-0,DEPARTURE,2026-09-01T03:00:00Z
HUB_BDG,PKG-00150,ARRIVAL,2026-09-08T19:30:00Z
HUB_JKT,PKG-00293,ARRIVAL,2026-09-20T03:53:00Z
HUB_SBY,PKG-00323,ARRIVAL,2026-09-20T21:23:00Z
HUB_JKT,PKG-00462,DEPARTURE,2026-09-20T20:31:12Z
HUB_BDG,PKG-00216,ARRIVAL,2026-09-14T17:36:00Z
HUB_JKT,PKG-00213,DEPARTURE,2026-09-22T07:19:12Z
HUB_BDG,PKG-00140,DEPARTURE,2026-09-06T13:57:12Z
HUB_SMG,PKG-00184,DEPARTURE,2026-09-06T09:00:24Z
HUB_JKT,PKG-00424,DEPARTURE,2026-09-08T22:08:48Z
HUB_MKS,PKG-00295,DEPARTURE,2026-09-02T19:52:36Z
HUB_JKT,AMBIGUOUS,ARRIVAL,2026-09-01T00:00:00Z
HUB_JKT,PKG-00108,DEPARTURE,2026-09-08T17:49:12Z
HUB_MKS,PKG-00138,ARRIVAL,2026-09-01T11:18:00Z
HUB_BDG,PKG-00011,DEPARTURE,2026-09-16T07:50:36Z
HUB_SBY,PKG-00290,DEPARTURE,2026-09-23T02:26:00Z
HUB_JKT,PKG-00471,ARRIVAL,2026-09-16T21:51:00Z
HUB_SMG,PKG-00205,ARRIVAL,2026-09-08T21:25:00Z
HUB_MED,PKG-00138,ARRIVAL,2026-09-20T10:18:00Z
HUB_SBY,PKG-00391,ARRIVAL,2026-09-02T03:31:00Z
HUB_SMG,PKG-00210,ARRIVAL,2026-09-13T04:30:00Z
HUB_MKS,PKG-00219,ARRIVAL,2026-09-17T15:39:00Z
HUB_SBY,PKG-00244,DEPARTURE,2026-09-15T04:52:00Z
HUB_JKT,PKG-00147,DEPARTURE,2026-09-21T11:06:00Z
HUB_SBY,PKG-00322,DEPARTURE,2026-09-19T19:01:36Z
HUB_SBY,PKG-00240,DEPARTURE,2026-09-15T18:04:48Z
HUB_JKT,PKG-00317,ARRIVAL,2026-09-19T23:17:00Z
HUB_BDG,PKG-00238,ARRIVAL,2026-09-01T13:58:00Z
HUB_JKT,PKG-00395,DEPARTURE,2026-09-07T08:50:00Z
HUB_SBY,PKG-00339,ARRIVAL,2026-09-20T11:39:00Z
HUB_SBY,PKG-00349,DEPARTURE,2026-09-11T18:59:12Z
HUB_BDG,PKG-00180,ARRIVAL,2026-09-02T05:00:00Z
HUB_SBY,PKG-00300,DEPARTURE,2026-09-09T21:34:48Z
HUB_MKS,PKG-00263,ARRIVAL,2026-09-25T04:23:00Z
HUB_MKS,PKG-00135,ARRIVAL,2026-09-02T22:15:00Z
HUB_BDG,PKG-00296,DEPARTURE,2026-09-23T18:41:00Z
HUB_JKT,PKG-00184,ARRIVAL,2026-09-24T05:04:00Z
HUB_JKT,PKG-00000,ARRIVAL,2026-09-08T00:00:00Z
HUB_SMG,PKG-00216,ARRIVAL,2026-09-21T14:36:00Z
HUB_SMG,PKG-00016,ARRIVAL,2026-09-03T19:16:00Z
HUB_SMG,AMBIGUOUS,ARRIVAL,2026-09-01T01:00:00Z
HUB_JKT,PKG-00037,ARRIVAL,2026-09-16T13:37:00Z
HUB_MKS,PKG-00214,ARRIVAL,2026-09-22T19:34:00Z
HUB_DPS,PKG-00106,ARRIVAL,2026-09-21T10:46:00Z
HUB_SBY,MISS-D-0,ARRIVAL,2026-09-01T00:00:00Z
HUB_SBY,PKG-00171,DEPARTURE,2026-09-12T16:48:36Z
HUB_MKS,PKG-00304,DEPARTURE,2026-09-19T19:26:48Z
HUB_JKT,PKG-00352,DEPARTURE,2026-09-03T21:19:00Z
HUB_BDG,PKG-00044,DEPARTURE,2026-09-07T09:50:36Z
HUB_JKT,PKG-00123,ARRIVAL,2026-09-10T22:03:00Z
HUB_JKT,PKG-00250,ARRIVAL,2026-09-07T23:10:00Z
HUB_MED,PKG-00010,ARRIVAL,2026-09-08T11:10:00Z
HUB_BDG,PKG-00179,DEPARTURE,2026-09-14T14:42:48Z
HUB_SBY,PKG-00085,DEPARTURE,2026-09-10T22:52:00Z
HUB_SBY,PKG-00090,ARRIVAL,2026-09-19T07:30:00Z
HUB_MKS,PKG-00171,DEPARTURE,2026-09-05T06:34:48Z
HUB_JKT,PKG-00307,DEPARTURE,2026-09-02T03:41:48Z
HUB_MKS,PKG-00056,ARRIVAL,2026-09-24T21:56:00Z
HUB_MKS,PKG-00194,ARRIVAL,2026-09-05T04:14:00Z
HUB_DPS,PKG-00081,ARRIVAL,2026-09-02T01:21:00Z
HUB_SBY,PKG-00375,ARRIVAL,2026-09-24T21:15:00Z
HUB_MKS,PKG-00060,ARRIVAL,2026-09-02T11:00:00Z
HUB_SMG,MISS-D-3,ARRIVAL,2026-09-01T00:00:00Z
HUB_SMG,AMBIGUOUS,ARRIVAL,2026-09-01T00:00:00Z
HUB_BDG,PKG-00230,ARRIVAL,2026-09-20T14:50:00Z
HUB_MKS,PKG-00077,DEPARTURE,2026-09-14T00:33:48Z
HUB_MKS,PKG-00228,DEPARTURE,2026-09-11T23:54:00Z
HUB_SBY,PKG-00314,ARRIVAL,2026-09-19T11:14:00Z
HUB_MKS,PKG-00061,ARRIVAL,2026-09-23T13:01:00Z
HUB_JKT,PKG-00229,ARRIVAL,2026-09-21T11:49:00Z
HUB_SMG,PKG-00096,ARRIVAL,2026-09-20T09:36:00Z
HUB_DPS,PKG-00073,DEPARTURE,2026-09-16T21:00:24Z
HUB_MED,PKG-00087,DEPARTURE,2026-09-19T02:52:12Z
HUB_JKT,PKG-00319,DEPARTURE,2026-09-24T21:53:48Z
HUB_JKT,PKG-00102,ARRIVAL,2026-09-03T04:42:00Z
HUB_SMG,PKG-00204,DEPARTURE,2026-09-06T23:37:12Z
HUB_MED,PKG-00122,ARRIVAL,2026-09-06T23:02:00Z
HUB_JKT,PKG-00041,ARRIVAL,2026-09-06T04:41:00Z
HUB_SMG,PKG-00080,DEPARTURE,2026-09-19T01:58:24Z
HUB_SBY,PKG-00067,ARRIVAL,2026-09-12T22:07:00Z
HUB_JKT,PKG-00201,DEPARTURE,2026-09-18T04:14:24Z
HUB_MKS,PKG-00171,ARRIVAL,2026-09-04T18:51:00Z
HUB_SBY,PKG-00189,DEPARTURE,2026-09-21T06:30:36Z
HUB_JKT,PKG-00407,ARRIVAL,2026-09-08T19:47:00Z
HUB_JKT,PKG-00222,ARRIVAL,2026-09-18T07:42:00Z
HUB_MED,PKG-00102,ARRIVAL,2026-09-05T17:42:00Z
HUB_DPS,PKG-00099,ARRIVAL,2026-09-07T10:39:00Z
HUB_SMG,PKG-00214,ARRIVAL,2026-09-15T23:34:00Z
HUB_JKT,PKG-00284,DEPARTURE,2026-09-05T14:11:00Z
HUB_BDG,PKG-00190,ARRIVAL,2026-09-05T00:10:00Z
HUB_JKT,PKG-00235,DEPARTURE,2026-09-04T13:47:12Z
HUB_MED,PKG-00113,ARRIVAL,2026-09-24T23:53:00Z
HUB_SMG,PKG-00224,ARRIVAL,2026-09-15T14:44:00Z
HUB_SBY,PKG-00062,ARRIVAL,2026-09-15T04:02:00Z
HUB_MED,PKG-00148,DEPARTURE,2026-09-04T09:20:12Z
HUB_SMG,PKG-00138,ARRIVAL,2026-09-10T13:18:00Z
HUB_JKT,PKG-00014,DEPARTURE,2026-09-16T07:58:24Z
HUB_BDG,UNKNOWN,DEPARTURE,2026-09-01T03:00:00Z
HUB_BDG,PKG-00092,DEPARTURE,2026-09-25T16:56:00Z
HUB_JKT,PKG-00327,ARRIVAL,2026-09-06T07:27:00Z
HUB_JKT,PKG-00340,ARRIVAL,2026-09-14T19:40:00Z
HUB_MED,PKG-00142,ARRIVAL,2026-09-23T14:22:00Z
HUB_JKT,PKG-00321,ARRIVAL,2026-09-01T11:21:00Z
HUB_BDG,PKG-00042,DEPARTURE,2026-09-04T02:59:24Z
HUB_JKT,PKG-00195,DEPARTURE,2026-09-22T14:50:24Z
HUB_SMG,PKG-00199,DEPARTURE,2026-09-21T09:38:12Z
HUB_MED,PKG-00157,DEPARTURE,2026-09-17T08:02:12Z
HUB_DPS,PKG-00141,ARRIVAL,2026-09-18T07:21:00Z
HUB_DPS,PKG-00094,DEPARTURE,2026-09-07T19:29:12Z
HUB_DPS,PKG-00114,DEPARTURE,2026-09-12T10:14:24Z
HUB_BDG,PKG-00263,DEPARTURE,2026-09-18T08:07:24Z
HUB_MKS,PKG-00091,ARRIVAL,2026-09-09T00:31:00Z
HUB_SMG,PKG-00248,DEPARTURE,2026-09-25T15:36:12Z
HUB_BDG,PKG-00198,DEPARTURE,2026-09-04T21:56:24Z
HUB_JKT,PKG-00013,DEPARTURE,2026-09-02T09:34:36Z
HUB_MKS,PKG-00060,DEPARTURE,2026-09-02T22:12:00Z
HUB_JKT,PKG-00477,DEPARTURE,2026-09-23T20:54:36Z
HUB_BDG,PKG-00124,DEPARTURE,2026-09-04T07:47:48Z
HUB_MKS,PKG-00307,ARRIVAL,2026-09-18T04:07:00Z
HUB_SMG,PKG-00095,DEPARTURE,2026-09-17T04:32:36Z
HUB_JKT,PKG-00343,DEPARTURE,2026-09-01T14:53:12Z
HUB_JKT,PKG-00322,DEPARTURE,2026-09-11T03:57:24Z
HUB_MKS,PKG-00330,DEPARTURE,2026-09-24T06:33:00Z
HUB_BDG,PKG-00267,DEPARTURE,2026-09-08T02:42:36Z
HUB_JKT,PKG-00298,ARRIVAL,2026-09-05T10:58:00Z
HUB_JKT,PKG-00042,ARRIVAL,2026-09-16T09:42:00Z
HUB_SBY,PKG-00395,ARRIVAL,2026-09-11T21:35:00Z
HUB_MKS,PKG-00104,ARRIVAL,2026-09-06T22:44:00Z
HUB_MKS,PKG-00085,DEPARTURE,2026-09-16T00:20:12Z
HUB_SMG,MISS-D-2,ARRIVAL,2026-09-01T00:00:00Z
HUB_SMG,PKG-00149,ARRIVAL,2026-09-13T10:29:00Z
HUB_MED,PKG-00098,DEPARTURE,2026-09-22T05:45:12Z
HUB_SBY,PKG-00022,ARRIVAL,2026-09-03T05:22:00Z
HUB_JKT,PKG-00021,ARRIVAL,2026-09-02T07:21:00Z
HUB_MED,PKG-00025,DEPARTURE,2026-09-04T04:40:00Z
HUB_MKS,MISS-A-1,DEPARTURE,2026-09-01T03:00:00Z
HUB_SMG,PKG-00164,ARRIVAL,2026-09-19T23:44:00Z
HUB_SMG,PKG-00086,ARRIVAL,2026-09-22T14:26:00Z
HUB_BDG,PKG-00221,DEPARTURE,2026-09-21T12:22:24Z
HUB_BDG,PKG-00223,ARRIVAL,2026-09-25T23:43:00Z
HUB_JKT,PKG-00292,ARRIVAL,2026-09-21T14:52:00Z
HUB_MED,PKG-00123,DEPARTURE,2026-09-25T16:00:36Z
HUB_BDG,PKG-00201,DEPARTURE,2026-09-07T16:42:36Z
HUB_JKT,PKG-00069,ARRIVAL,2026-09-08T06:09:00Z
HUB_SBY,PKG-00055,DEPARTURE,2026-09-05T12:10:36Z
HUB_MKS,PKG-00193,DEPARTURE,2026-09-22T20:28:36Z
HUB_SBY,PKG-00047,ARRIVAL,2026-09-20T22:47:00Z
HUB_DPS,PKG-00090,ARRIVAL,2026-09-18T05:30:00Z
HUB_MKS,PKG-00025,ARRIVAL,2026-09-07T00:25:00Z
HUB_BDG,PKG-00009,DEPARTURE,2026-09-10T18:43:12Z
HUB_DPS,PKG-00121,DEPARTURE,2026-09-25T06:32:48Z
HUB_JKT,PKG-00086,DEPARTURE,2026-09-11T12:24:48Z
HUB_JKT,PKG-00129,ARRIVAL,2026-09-18T13:09:00Z
HUB_SBY,PKG-00268,ARRIVAL,2026-09-07T22:28:00Z
HUB_BDG,PKG-00000,ARRIVAL,2026-09-13T03:00:00Z
HUB_JKT,PKG-00416,DEPARTURE,2026-09-08T04:00:48Z
HUB_SBY,PKG-00345,ARRIVAL,2026-09-13T03:45:00Z
HUB_JKT,PKG-00467,DEPARTURE,2026-09-22T04:05:36Z
HUB_SMG,MISS-A-2,DEPARTURE,2026-09-01T03:00:00Z
HUB_JKT,PKG-00378,DEPARTURE,2026-09-21T21:37:12Z
HUB_MED,PKG-00174,ARRIVAL,2026-09-11T18:54:00Z
HUB_SBY,PKG-00069,DEPARTURE,2026-09-19T22:31:12Z
HUB_SBY,PKG-00025,ARRIVAL,2026-09-14T16:25:00Z
HUB_SMG,PKG-00076,ARRIVAL,2026-09-05T04:16:00Z
HUB_MED,PKG-00062,DEPARTURE,2026-09-19T00:47:00Z
HUB_BDG,PKG-00057,DEPARTURE,2026-09-18T06:24:36Z
HUB_SBY,PKG-00129,DEPARTURE,2026-09-24T06:58:48Z
HUB_SMG,PKG-00120,ARRIVAL,2026-09-03T17:00:00Z
HUB_BDG,PKG-00156,ARRIVAL,2026-09-01T15:36:00Z
HUB_REMOTE,PKG-00000,ARRIVAL,2026-09-02T07:00:00Z
HUB_JKT,PKG-00493,DEPARTURE,2026-09-13T04:32:48Z
HUB_BDG,PKG-00114,ARRIVAL,2026-09-15T03:54:00Z
HUB_SBY,PKG-00266,ARRIVAL,2026-09-06T11:26:00Z
HUB_SBY,PKG-00395,DEPARTURE,2026-09-12T03:11:00Z
HUB_JKT,PKG-00399,DEPARTURE,2026-09-12T05:24:36Z
HUB_JKT,PKG-00044,DEPARTURE,2026-09-09T21:00:48Z
HUB_JKT,PKG-00209,DEPARTURE,2026-09-14T00:36:48Z
HUB_MED,PKG-00104,DEPARTURE,2026-09-17T09:16:24Z
HUB_JKT,PKG-00355,DEPARTURE,2026-09-02T16:14:12Z
HUB_DPS,PKG-00139,ARRIVAL,2026-09-18T00:19:00Z
HUB_MED,PKG-00000,ARRIVAL,2026-09-13T03:00:00Z
HUB_MKS,PKG-00248,DEPARTURE,2026-09-13T03:51:48Z
HUB_JKT,PKG-00234,ARRIVAL,2026-09-14T07:54:00Z
HUB_MED,PKG-00146,DEPARTURE,2026-09-05T18:02:36Z
HUB_DPS,PKG-00197,ARRIVAL,2026-09-19T23:17:00Z
HUB_JKT,PKG-00293,DEPARTURE,2026-09-20T06:35:00Z
HUB_SMG,PKG-00108,ARRIVAL,2026-09-17T06:48:00Z
HUB_SMG,PKG-00237,ARRIVAL,2026-09-17T09:57:00Z
HUB_MKS,PKG-00176,ARRIVAL,2026-09-02T01:56:00Z
HUB_SMG,PKG-00218,ARRIVAL,2026-09-15T20:38:00Z
HUB_SBY,PKG-00066,DEPARTURE,2026-09-11T13:22:48Z
HUB_BDG,PKG-00174,ARRIVAL,2026-09-08T07:54:00Z
HUB_JKT,PKG-00244,ARRIVAL,2026-09-14T21:04:00Z
HUB_SBY,PKG-00262,ARRIVAL,2026-09-03T04:22:00Z
HUB_SMG,PKG-00121,DEPARTURE,2026-09-06T06:27:24Z
HUB_DPS,PKG-00130,ARRIVAL,2026-09-13T20:10:00Z
HUB_BDG,PKG-00283,DEPARTURE,2026-09-18T20:41:12Z
HUB_DPS,PKG-00160,DEPARTURE,2026-09-06T22:12:24Z
HUB_JKT,PKG-00220,DEPARTURE,2026-09-24T15:47:48Z
HUB_SBY,PKG-00302,DEPARTURE,2026-09-09T14:08:36Z
HUB_BDG,PKG-00021,DEPARTURE,2026-09-06T17:00:00Z
HUB_BDG,PKG-00142,DEPARTURE,2026-09-12T07:00:24Z
HUB_DPS,PKG-00114,ARRIVAL,2026-09-11T23:54:00Z
HUB_SMG,PKG-00157,ARRIVAL,2026-09-22T22:37:00Z
HUB_SBY,PKG-00361,ARRIVAL,2026-09-09T12:01:00Z
HUB_SMG,PKG-00000,ARRIVAL,2026-09-20T17:00:00Z
HUB_MED,PKG-00108,DEPARTURE,2026-09-22T01:34:48Z
HUB_DPS,PKG-00049,ARRIVAL,2026-09-11T00:49:00Z
HUB_JKT,PKG-00003,ARRIVAL,2026-09-10T11:03:00Z
HUB_JKT,PKG-00296,ARRIVAL,2026-09-19T11:56:00Z
HUB_SBY,PKG-00062,DEPARTURE,2026-09-15T08:29:36Z
HUB_DPS,PKG-00185,ARRIVAL,2026-09-23T11:05:00Z
HUB_JKT,PKG-00482,ARRIVAL,2026-09-18T20:02:00Z
HUB_SBY,PKG-00210,DEPARTURE,2026-09-24T18:19:12Z
HUB_JKT,PKG-00381,ARRIVAL,2026-09-08T17:21:00Z
HUB_DPS,PKG-00196,ARRIVAL,2026-09-09T11:16:00Z
HUB_SMG,PKG-00019,ARRIVAL,2026-09-23T07:19:00Z
HUB_SBY,PKG-00379,DEPARTURE,2026-09-02T04:45:24Z
HUB_JKT,PKG-00015,ARRIVAL,2026-09-06T07:15:00Z
HUB_DPS,PKG-00086,DEPARTURE,2026-09-01T16:08:36Z
HUB_SBY,PKG-00110,DEPARTURE,2026-09-11T15:51:12Z
HUB_JKT,PKG-00034,ARRIVAL,2026-09-15T09:34:00Z
HUB_DPS,PKG-00037,ARRIVAL,2026-09-09T01:37:00Z
HUB_MKS,PKG-00128,DEPARTURE,2026-09-16T07:18:48Z
HUB_MKS,PKG-00005,ARRIVAL,2026-09-03T10:05:00Z
HUB_JKT,PKG-00197,DEPARTURE,2026-09-23T07:17:36Z
HUB_MED,PKG-00150,DEPARTURE,2026-09-25T01:59:24Z
HUB_MKS,PKG-00284,DEPARTURE,2026-09-15T10:53:36Z
HUB_MKS,PKG-00294,DEPARTURE,2026-09-16T22:12:36Z
HUB_JKT,PKG-00442,ARRIVAL,2026-09-07T09:22:00Z
HUB_BDG,PKG-00229,ARRIVAL,2026-09-06T04:49:00Z
HUB_BDG,PKG-00264,ARRIVAL,2026-09-07T22:24:00Z
HUB_SMG,REVERSE-1,DEPARTURE,2026-09-01T00:00:00Z
HUB_MKS,PKG-00178,ARRIVAL,2026-09-05T23:58:00Z
HUB_JKT,PKG-00354,ARRIVAL,2026-09-15T14:54:00Z
HUB_MKS,PKG-00003,DEPARTURE,2026-09-14T10:22:12Z
HUB_MKS,PKG-00051,DEPARTURE,2026-09-05T15:19:48Z
HUB_SMG,PKG-00212,DEPARTURE,2026-09-09T06:26:00Z
HUB_DPS,PKG-00134,ARRIVAL,2026-09-01T14:14:00Z
HUB_MKS,PKG-00160,DEPARTURE,2026-09-08T18:15:24Z
HUB_JKT,PKG-00221,DEPARTURE,2026-09-06T15:28:24Z
HUB_MKS,PKG-00224,ARRIVAL,2026-09-18T06:44:00Z
HUB_SBY,PKG-00272,ARRIVAL,2026-09-02T20:32:00Z
HUB_MKS,PKG-00316,DEPARTURE,2026-09-22T00:17:48Z
HUB_MKS,PKG-00151,ARRIVAL,2026-09-14T11:31:00Z
HUB_BDG,PKG-00271,DEPARTURE,2026-09-05T23:30:24Z
HUB_BDG,PKG-00269,DEPARTURE,2026-09-02T01:05:00Z
HUB_SBY,PKG-00043,DEPARTURE,2026-09-10T12:46:00Z
HUB_BDG,PKG-00287,DEPARTURE,2026-09-12T14:11:00Z
HUB_MED,PKG-00020,DEPARTURE,2026-09-05T18:12:48Z
HUB_JKT,PKG-00300,DEPARTURE,2026-09-05T23:51:00Z
HUB_SBY,PKG-00132,DEPARTURE,2026-09-07T21:00:00Z
HUB_SBY,PKG-00063,DEPARTURE,2026-09-03T04:52:12Z
HUB_DPS,PKG-00017,ARRIVAL,2026-09-20T21:17:00Z
HUB_SMG,PKG-00016,DEPARTURE,2026-09-04T01:44:12Z
HUB_SBY,PKG-00315,ARRIVAL,2026-09-15T17:15:00Z
HUB_SMG,PKG-00194,ARRIVAL,2026-09-13T01:14:00Z
HUB_BDG,PKG-00244,ARRIVAL,2026-09-23T21:04:00Z
HUB_DPS,PKG-00140,DEPARTURE,2026-09-09T07:09:48Z
HUB_MKS,PKG-00149,DEPARTURE,2026-09-10T10:26:00Z
HUB_DPS,PKG-00007,ARRIVAL,2026-09-10T05:07:00Z
HUB_BDG,PKG-00116,DEPARTURE,2026-09-18T08:24:12Z
HUB_BDG,PKG-00160,DEPARTURE,2026-09-25T09:11:48Z
HUB_SBY,PKG-00233,ARRIVAL,2026-09-05T14:53:00Z
HUB_JKT,PKG-00335,DEPARTURE,2026-09-19T23:51:12Z
HUB_MED,PKG-00125,ARRIVAL,2026-09-10T12:05:00Z
HUB_BDG,PKG-00097,DEPARTURE,2026-09-06T23:56:48Z
HUB_JKT,PKG-00084,DEPARTURE,2026-09-15T00:33:36Z
HUB_MKS,PKG-00162,DEPARTURE,2026-09-08T22:51:00Z
HUB_MED,PKG-00004,DEPARTURE,2026-09-13T07:40:36Z
HUB_MED,PKG-00039,ARRIVAL,2026-09-13T10:39:00Z
HUB_SBY,PKG-00263,ARRIVAL,2026-09-23T14:23:00Z
HUB_BDG,PKG-00236,ARRIVAL,2026-09-11T23:56:00Z
HUB_DPS,PKG-00180,ARRIVAL,2026-09-10T08:00:00Z
HUB_JKT,PKG-00465,ARRIVAL,2026-09-22T00:45:00Z
HUB_MED,PKG-00090,ARRIVAL,2026-09-23T11:30:00Z
HUB_MKS,PKG-00320,ARRIVAL,2026-09-17T00:20:00Z
HUB_JKT,PKG-00487,DEPARTURE,2026-09-19T16:14:48Z
HUB_MED,PKG-00121,ARRIVAL,2026-09-13T13:01:00Z
HUB_SMG,PKG-00167,ARRIVAL,2026-09-10T00:47:00Z
HUB_JKT,PKG-00265,DEPARTURE,2026-09-15T08:36:24Z
HUB_JKT,PKG-00443,DEPARTURE,2026-09-15T23:48:12Z
HUB_MED,PKG-00044,DEPARTURE,2026-09-03T03:32:36Z
HUB_JKT,PKG-00166,DEPARTURE,2026-09-14T15:25:36Z
HUB_JKT,PKG-00447,ARRIVAL,2026-09-11T09:27:00Z
HUB_JKT,PKG-00430,ARRIVAL,2026-09-11T21:10:00Z
HUB_JKT,PKG-00275,DEPARTURE,2026-09-13T10:21:12Z
HUB_SBY,PKG-00217,DEPARTURE,2026-09-08T10:33:24Z
HUB_SBY,PKG-00339,DEPARTURE,2026-09-20T17:12:36Z
HUB_MKS,PKG-00045,DEPARTURE,2026-09-14T02:17:24Z
HUB_BDG,PKG-00227,DEPARTURE,2026-09-14T00:50:00Z
HUB_SMG,PKG-00013,ARRIVAL,2026-09-18T15:13:00Z
HUB_JKT,PKG-00435,ARRIVAL,2026-09-01T17:15:00Z
HUB_DPS,PKG-00083,ARRIVAL,2026-09-05T05:23:00Z
HUB_MKS,PKG-00192,DEPARTURE,2026-09-03T09:19:48Z
HUB_MKS,PKG-00314,DEPARTURE,2026-09-01T19:54:48Z
HUB_MKS,PKG-00120,DEPARTURE,2026-09-22T12:16:48Z
HUB_SMG,PKG-00109,ARRIVAL,2026-09-06T17:49:00Z
HUB_JKT,PKG-00168,ARRIVAL,2026-09-24T22:48:00Z
HUB_MKS,PKG-00232,DEPARTURE,2026-09-21T18:19:00Z
HUB_DPS,PKG-00007,DEPARTURE,2026-09-10T15:20:48Z
HUB_BDG,PKG-00095,ARRIVAL,2026-09-14T22:35:00Z
HUB_SBY,PKG-00264,ARRIVAL,2026-09-14T11:24:00Z
HUB_MKS,PKG-00335,DEPARTURE,2026-09-11T04:17:36Z
HUB_BDG,PKG-00126,DEPARTURE,2026-09-08T12:16:12Z
HUB_JKT,PKG-00169,DEPARTURE,2026-09-13T14:44:48Z
HUB_MED,PKG-00106,ARRIVAL,2026-09-24T23:46:00Z
HUB_JKT,PKG-00160,DEPARTURE,2026-09-18T02:31:36Z
HUB_SMG,PKG-00050,ARRIVAL,2026-09-06T05:50:00Z
HUB_BDG,PKG-00084,DEPARTURE,2026-09-20T21:25:48Z
HUB_SBY,PKG-00117,DEPARTURE,2026-09-09T00:25:48Z
HUB_MKS,PKG-00164,DEPARTURE,2026-09-04T13:33:48Z
HUB_SMG,PKG-00188,DEPARTURE,2026-09-03T11:06:48Z
HUB_MKS,PKG-00034,DEPARTURE,2026-09-12T07:35:48Z
HUB_BDG,PKG-00066,ARRIVAL,2026-09-07T07:06:00Z
HUB_MKS,PKG-00294,ARRIVAL,2026-09-16T11:54:00Z
HUB_SBY,PKG-00045,DEPARTURE,2026-09-11T22:57:36Z
HUB_BDG,PKG-00068,DEPARTURE,2026-09-03T03:00:12Z
HUB_MED,PKG-00162,DEPARTURE,2026-09-19T01:42:00Z
HUB_MKS,PKG-00041,ARRIVAL,2026-09-14T14:41:00Z
HUB_MKS,PKG-00058,DEPARTURE,2026-09-26T05:11:12Z
HUB_MKS,PKG-00182,ARRIVAL,2026-09-23T20:02:00Z
HUB_JKT,PKG-00225,ARRIVAL,2026-09-10T12:45:00Z
HUB_JKT,PKG-00308,DEPARTURE,2026-09-23T22:09:12Z
HUB_DPS,PKG-00138,DEPARTURE,2026-09-11T16:44:24Z
HUB_SBY,PKG-00110,ARRIVAL,2026-09-11T10:50:00Z
HUB_SBY,PKG-00188,DEPARTURE,2026-09-09T03:49:24Z
HUB_SMG,PKG-00064,DEPARTURE,2026-09-18T15:46:36Z
HUB_JKT,PKG-00168,DEPARTURE,2026-09-25T01:45:36Z
HUB_JKT,PKG-00026,ARRIVAL,2026-09-14T07:26:00Z
HUB_SBY,PKG-00109,ARRIVAL,2026-09-12T20:49:00Z
HUB_SBY,PKG-00167,DEPARTURE,2026-09-09T01:12:48Z
HUB_DPS,PKG-00150,ARRIVAL,2026-09-13T09:30:00Z
HUB_JKT,PKG-00417,ARRIVAL,2026-09-01T23:57:00Z
HUB_JKT,PKG-00151,ARRIVAL,2026-09-12T22:31:00Z
HUB_JKT,PKG-00347,DEPARTURE,2026-09-03T08:51:48Z
HUB_MKS,PKG-00081,DEPARTURE,2026-09-06T03:22:12Z
HUB_JKT,PKG-00223,ARRIVAL,2026-09-14T10:43:00Z
HUB_JKT,PKG-00191,ARRIVAL,2026-09-03T22:11:00Z
HUB_MKS,PKG-00275,ARRIVAL,2026-09-22T11:35:00Z
HUB_MKS,PKG-00173,ARRIVAL,2026-09-02T19:53:00Z
HUB_SMG,PKG-00081,ARRIVAL,2026-09-09T21:21:00Z
HUB_BDG,PKG-00008,ARRIVAL,2026-09-15T19:08:00Z
HUB_SBY,PKG-00354,DEPARTURE,2026-09-14T16:33:00Z
HUB_JKT,PKG-00391,DEPARTURE,2026-09-01T23:47:48Z
HUB_MKS,PKG-00192,ARRIVAL,2026-09-02T22:12:00Z
HUB_SBY,PKG-00103,DEPARTURE,2026-09-23T02:53:48Z
HUB_SBY,PKG-00102,ARRIVAL,2026-09-06T01:42:00Z
HUB_SMG,PKG-00157,DEPARTURE,2026-09-23T04:50:12Z
HUB_SMG,PKG-00106,ARRIVAL,2026-09-19T15:46:00Z
HUB_DPS,PKG-00075,ARRIVAL,2026-09-03T02:15:00Z
HUB_MKS,PKG-00298,DEPARTURE,2026-09-12T12:45:24Z
HUB_SBY,PKG-00305,DEPARTURE,2026-09-15T03:40:24Z
HUB_REMOTE,MISS-A-0,DEPARTURE,2026-09-01T03:00:00Z
HUB_MKS,PKG-00125,DEPARTURE,2026-09-13T13:05:00Z
HUB_MKS,PKG-00036,ARRIVAL,2026-09-10T18:36:00Z
HUB_JKT,PKG-00385,ARRIVAL,2026-09-03T16:25:00Z
HUB_REMOTE,MISS-D-3,ARRIVAL,2026-09-01T00:00:00Z
HUB_SBY,PKG-00130,ARRIVAL,2026-09-23T08:10:00Z
HUB_BDG,PKG-00168,ARRIVAL,2026-09-25T15:48:00Z
HUB_DPS,PKG-00133,ARRIVAL,2026-09-23T08:13:00Z
HUB_MKS,PKG-00187,DEPARTURE,2026-09-21T01:43:36Z
HUB_SBY,PKG-00123,DEPARTURE,2026-09-18T00:21:00Z
HUB_MED,PKG-00078,DEPARTURE,2026-09-06T22:15:00Z
HUB_BDG,BAD-TS-0,ARRIVAL,not-a-date
HUB_MKS,PKG-00174,DEPARTURE,2026-09-25T08:09:36Z
HUB_JKT,PKG-00198,DEPARTURE,2026-09-15T08:43:48Z
HUB_SMG,PKG-00098,DEPARTURE,2026-09-09T06:04:24Z
HUB_MED,PKG-00127,DEPARTURE,2026-09-20T20:09:24Z
HUB_JKT,PKG-00121,ARRIVAL,2026-09-01T16:01:00Z
HUB_MKS,PKG-00087,ARRIVAL,2026-09-25T17:27:00Z
HUB_JKT,PKG-00377,ARRIVAL,2026-09-20T18:17:00Z
HUB_SMG,PKG-00132,DEPARTURE,2026-09-03T05:22:12Z
HUB_JKT,PKG-00125,ARRIVAL,2026-09-12T11:05:00Z
HUB_MKS,PKG-00126,DEPARTURE,2026-09-04T14:53:24Z
HUB_JKT,PKG-00156,ARRIVAL,2026-09-23T22:36:00Z
HUB_JKT,PKG-00207,DEPARTURE,2026-09-05T03:03:00Z
HUB_SBY,PKG-00195,ARRIVAL,2026-09-10T10:15:00Z
HUB_MKS,PKG-00198,ARRIVAL,2026-09-19T13:18:00Z
HUB_MKS,PKG-00199,DEPARTURE,2026-09-25T05:17:48Z
HUB_JKT,PKG-00203,ARRIVAL,2026-09-16T08:23:00Z
HUB_SBY,PKG-00193,DEPARTURE,2026-09-19T22:07:00Z
HUB_BDG,PKG-00184,DEPARTURE,2026-09-17T15:20:12Z
HUB_BDG,PKG-00034,ARRIVAL,2026-09-03T00:34:00Z
HUB_MED,PKG-00062,ARRIVAL,2026-09-18T17:02:00Z
HUB_JKT,PKG-00046,DEPARTURE,2026-09-21T01:31:00Z
HUB_MKS,PKG-00343,ARRIVAL,2026-09-01T14:43:00Z
HUB_MKS,PKG-00341,ARRIVAL,2026-09-16T06:41:00Z
HUB_SBY,PKG-00283,DEPARTURE,2026-09-07T23:25:36Z
HUB_MED,BAD-TS-0,DEPARTURE,2026-09-01T03:00:00Z
HUB_JKT,PKG-00101,DEPARTURE,2026-09-09T16:42:12Z
HUB_BDG,PKG-00000,ARRIVAL,2026-09-13T03:00:00Z
HUB_SBY,PKG-00091,DEPARTURE,2026-09-25T09:21:24Z
HUB_BDG,PKG-00043,ARRIVAL,2026-09-12T20:43:00Z
HUB_BDG,PKG-00272,DEPARTURE,2026-09-12T05:41:00Z
HUB_BDG,PKG-00066,DEPARTURE,2026-09-07T10:31:48Z
HUB_JKT,PKG-00455,DEPARTURE,2026-09-07T18:06:12Z
HUB_SMG,PKG-00145,ARRIVAL,2026-09-02T21:25:00Z
HUB_SBY,PKG-00244,ARRIVAL,2026-09-15T00:04:00Z
HUB_MKS,PKG-00026,DEPARTURE,2026-09-18T19:37:24Z
HUB_SBY,PKG-00038,ARRIVAL,2026-09-14T07:38:00Z
HUB_MKS,PKG-00105,DEPARTURE,2026-09-11T06:52:48Z
HUB_SBY,UNKNOWN,SCAN_OTHER,2026-09-01T00:00:00Z
HUB_BDG,PKG-00257,ARRIVAL,2026-09-16T20:17:00Z
HUB_MKS,PKG-00118,ARRIVAL,2026-09-05T19:58:00Z
HUB_SMG,PKG-00225,DEPARTURE,2026-09-19T21:50:24Z
HUB_MED,PKG-00111,DEPARTURE,2026-09-14T02:48:36Z
HUB_SBY,PKG-00321,DEPARTURE,2026-09-10T13:19:48Z
HUB_MKS,PKG-00008,DEPARTURE,2026-09-19T01:30:12Z
HUB_SBY,PKG-00223,DEPARTURE,2026-09-21T00:17:12Z
HUB_SBY,PKG-00083,ARRIVAL,2026-09-14T18:23:00Z
HUB_SMG,PKG-00112,ARRIVAL,2026-09-18T14:52:00Z
HUB_JKT,PKG-00207,ARRIVAL,2026-09-05T00:27:00Z
HUB_SMG,PKG-00184,ARRIVAL,2026-09-06T02:04:00Z
HUB_SMG,PKG-00141,ARRIVAL,2026-09-10T10:21:00Z
HUB_BDG,PKG-00122,ARRIVAL,2026-09-03T22:02:00Z
HUB_MKS,PKG-00116,ARRIVAL,2026-09-16T18:56:00Z
HUB_SMG,PKG-00246,ARRIVAL,2026-09-01T15:06:00Z
HUB_JKT,PKG-00366,DEPARTURE,2026-09-16T14:55:48Z
HUB_JKT,PKG-00411,DEPARTURE,2026-09-20T01:19:12Z
HUB_MKS,PKG-00243,DEPARTURE,2026-09-20T08:29:24Z
HUB_SBY,PKG-00337,DEPARTURE,2026-09-12T01:31:36Z
HUB_MKS,PKG-00112,ARRIVAL,2026-09-01T12:52:00Z
HUB_DPS,PKG-00049,DEPARTURE,2026-09-11T08:59:12Z
HUB_SMG,PKG-00115,DEPARTURE,2026-09-03T06:59:48Z
HUB_JKT,PKG-00422,DEPARTURE,2026-09-24T23:44:36Z
HUB_MED,PKG-00111,ARRIVAL,2026-09-13T20:51:00Z
HUB_SBY,PKG-00201,DEPARTURE,2026-09-14T14:18:00Z
HUB_MKS,PKG-00258,DEPARTURE,2026-09-13T11:21:00Z
HUB_DPS,PKG-00098,DEPARTURE,2026-09-14T02:30:48Z
HUB_SMG,PKG-00072,DEPARTURE,2026-09-13T01:53:24Z
HUB_BDG,REVERSE-0,ARRIVAL,2026-09-01T03:00:00Z
HUB_MKS,PKG-00078,DEPARTURE,2026-09-12T05:34:48Z
HUB_MED,BAD-TS-0,ARRIVAL,not-a-date
HUB_MED,PKG-00148,ARRIVAL,2026-09-04T02:28:00Z
HUB_BDG,PKG-00080,DEPARTURE,2026-09-14T23:27:12Z
HUB_MKS,PKG-00321,ARRIVAL,2026-09-21T05:21:00Z
HUB_MED,PKG-00012,ARRIVAL,2026-09-05T07:12:00Z
HUB_JKT,PKG-00382,DEPARTURE,2026-09-24T22:48:24Z
HUB_MED,PKG-00168,ARRIVAL,2026-09-09T14:48:00Z
HUB_BDG,PKG-00056,DEPARTURE,2026-09-05T10:07:24Z
HUB_SBY,PKG-00092,ARRIVAL,2026-09-20T19:32:00Z
HUB_MKS,PKG-00108,DEPARTURE,2026-09-13T15:04:12Z
HUB_SMG,PKG-00065,ARRIVAL,2026-09-21T10:05:00Z
HUB_SBY,PKG-00258,DEPARTURE,2026-09-04T10:22:12Z
HUB_BDG,PKG-00018,DEPARTURE,2026-09-24T21:36:36Z
HUB_DPS,PKG-00171,ARRIVAL,2026-09-17T21:51:00Z
HUB_BDG,PKG-00135,ARRIVAL,2026-09-08T20:15:00Z
HUB_SMG,PKG-00178,DEPARTURE,2026-09-22T02:55:00Z
HUB_BDG,PKG-00153,DEPARTURE,2026-09-05T13:29:24Z
HUB_DPS,PKG-00172,ARRIVAL,2026-09-24T03:52:00Z
HUB_BDG,PKG-00114,DEPARTURE,2026-09-15T08:47:24Z
HUB_MKS,PKG-00039,DEPARTURE,2026-09-17T20:35:24Z
HUB_SMG,PKG-00118,DEPARTURE,2026-09-10T13:23:12Z
HUB_DPS,PKG-00088,DEPARTURE,2026-09-11T23:55:00Z
HUB_JKT,PKG-00272,DEPARTURE,2026-09-11T02:18:12Z
HUB_JKT,PKG-00157,ARRIVAL,2026-09-18T05:37:00Z
HUB_SMG,PKG-00058,DEPARTURE,2026-09-04T13:38:48Z
HUB_JKT,PKG-00414,DEPARTURE,2026-09-04T22:12:00Z
HUB_SBY,PKG-00306,ARRIVAL,2026-09-12T09:06:00Z
HUB_SBY,PKG-00310,ARRIVAL,2026-09-20T23:10:00Z
HUB_DPS,PKG-00034,DEPARTURE,2026-09-05T04:40:00Z
HUB_MED,PKG-00134,DEPARTURE,2026-09-15T21:28:24Z
HUB_DPS,PKG-00178,ARRIVAL,2026-09-18T12:58:00Z
HUB_SMG,PKG-00147,DEPARTURE,2026-09-16T13:57:36Z
HUB_DPS,PKG-00021,DEPARTURE,2026-09-09T21:00:36Z
HUB_SBY,PKG-00206,ARRIVAL,2026-09-17T13:26:00Z
HUB_MKS,PKG-00250,ARRIVAL,2026-09-08T05:10:00Z
HUB_DPS,PKG-00127,DEPARTURE,2026-09-18T20:42:24Z
HUB_DPS,PKG-00192,DEPARTURE,2026-09-16T12:31:12Z
HUB_JKT,PKG-00362,DEPARTURE,2026-09-18T10:32:36Z
HUB_MKS,PKG-00088,DEPARTURE,2026-09-07T05:41:48Z
HUB_SMG,PKG-00094,ARRIVAL,2026-09-02T15:34:00Z
HUB_SMG,PKG-00113,DEPARTURE,2026-09-12T16:17:00Z
HUB_SBY,PKG-00349,ARRIVAL,2026-09-11T15:49:00Z
HUB_MKS,PKG-00184,DEPARTURE,2026-09-25T16:29:48Z
HUB_MKS,REVERSE-0,ARRIVAL,2026-09-01T03:00:00Z
HUB_MKS,PKG-00282,DEPARTURE,2026-09-19T12:55:48Z
HUB_BDG,PKG-00216,DEPARTURE,2026-09-14T22:27:00Z
HUB_DPS,PKG-00035,ARRIVAL,2026-09-03T22:35:00Z
HUB_SBY,PKG-00003,DEPARTURE,2026-09-08T12:33:36Z
HUB_MKS,PKG-00202,ARRIVAL,2026-09-04T00:22:00Z
HUB_MKS,PKG-00111,DEPARTURE,2026-09-08T03:06:00Z
HUB_MED,PKG-00051,ARRIVAL,2026-09-07T17:51:00Z
HUB_SMG,PKG-00219,DEPARTURE,2026-09-08T14:58:48Z
HUB_BDG,PKG-00069,ARRIVAL,2026-09-02T23:09:00Z
HUB_DPS,PKG-00129,ARRIVAL,2026-09-04T13:09:00Z
HUB_BDG,PKG-00082,DEPARTURE,2026-09-11T20:47:48Z
HUB_BDG,PKG-00202,DEPARTURE,2026-09-20T20:55:36Z
HUB_BDG,PKG-00147,DEPARTURE,2026-09-13T19:44:24Z
HUB_MED,PKG-00115,ARRIVAL,2026-09-13T23:55:00Z
HUB_MKS,PKG-00320,DEPARTURE,2026-09-17T13:00:12Z
HUB_BDG,PKG-00058,ARRIVAL,2026-09-10T00:58:00Z
HUB_MKS,PKG-00061,DEPARTURE,2026-09-24T00:56:12Z
HUB_BDG,PKG-00051,DEPARTURE,2026-09-02T15:16:12Z
HUB_BDG,PKG-00290,DEPARTURE,2026-09-09T08:06:12Z
HUB_SMG,PKG-00075,ARRIVAL,2026-09-11T19:15:00Z
HUB_JKT,PKG-00405,DEPARTURE,2026-09-24T05:56:24Z
HUB_MED,PKG-00002,DEPARTURE,2026-09-04T20:29:00Z
HUB_SMG,PKG-00144,DEPARTURE,2026-09-18T00:28:12Z
HUB_JKT,PKG-00486,DEPARTURE,2026-09-25T08:11:24Z
HUB_DPS,PKG-00128,ARRIVAL,2026-09-11T11:08:00Z
HUB_SBY,PKG-00274,DEPARTURE,2026-09-16T10:49:00Z
HUB_SBY,PKG-00355,DEPARTURE,2026-09-20T15:41:48Z
HUB_SMG,BAD-TS-1,DEPARTURE,2026-09-01T03:00:00Z
HUB_MED,PKG-00043,ARRIVAL,2026-09-15T11:43:00Z
HUB_BDG,PKG-00207,ARRIVAL,2026-09-13T14:27:00Z
HUB_MKS,PKG-00039,ARRIVAL,2026-09-17T07:39:00Z
HUB_SBY,PKG-00101,ARRIVAL,2026-09-15T17:41:00Z
HUB_JKT,PKG-00311,DEPARTURE,2026-09-10T23:57:12Z
HUB_SBY,PKG-00394,ARRIVAL,2026-09-16T04:34:00Z
HUB_SBY,PKG-00011,ARRIVAL,2026-09-06T17:11:00Z
HUB_SBY,PKG-00136,ARRIVAL,2026-09-17T17:16:00Z
HUB_DPS,PKG-00080,DEPARTURE,2026-09-22T05:05:00Z
HUB_SBY,PKG-00002,ARRIVAL,2026-09-13T03:02:00Z
HUB_SBY,PKG-00041,DEPARTURE,2026-09-22T05:46:24Z
HUB_JKT,PKG-00070,ARRIVAL,2026-09-15T15:10:00Z
HUB_MKS,PKG-00190,ARRIVAL,2026-09-16T00:10:00Z
HUB_SMG,PKG-00003,DEPARTURE,2026-09-23T12:05:24Z
HUB_SMG,PKG-00048,DEPARTURE,2026-09-15T11:52:48Z
HUB_BDG,PKG-00048,DEPARTURE,2026-09-03T04:55:48Z
HUB_SBY,PKG-00129,ARRIVAL,2026-09-24T02:09:00Z
HUB_JKT,PKG-00086,ARRIVAL,2026-09-11T09:26:00Z
HUB_SBY,PKG-00251,ARRIVAL,2026-09-01T07:11:00Z
HUB_JKT,PKG-00073,ARRIVAL,2026-09-18T12:13:00Z
HUB_JKT,PKG-00415,ARRIVAL,2026-09-10T04:55:00Z
HUB_MKS,PKG-00309,ARRIVAL,2026-09-15T15:09:00Z
HUB_BDG,PKG-00200,DEPARTURE,2026-09-24T17:10:24Z
HUB_MED,PKG-00020,ARRIVAL,2026-09-05T12:20:00Z
HUB_MKS,PKG-00049,ARRIVAL,2026-09-21T14:49:00Z
HUB_JKT,PKG-00116,DEPARTURE,2026-09-08T01:29:00Z
HUB_SBY,PKG-00082,DEPARTURE,2026-09-02T16:32:12Z
HUB_SMG,PKG-00192,DEPARTURE,2026-09-19T21:55:48Z
HUB_SBY,PKG-00183,DEPARTURE,2026-09-11T05:21:36Z
HUB_MED,PKG-00016,DEPARTURE,2026-09-15T11:40:00Z
HUB_MKS,PKG-00247,DEPARTURE,2026-09-13T04:25:36Z
HUB_MED,PKG-00046,DEPARTURE,2026-09-16T08:50:12Z
HUB_JKT,PKG-00339,DEPARTURE,2026-09-13T23:27:00Z
HUB_JKT,PKG-00296,DEPARTURE,2026-09-19T15:08:00Z
HUB_JKT,PKG-00276,DEPARTURE,2026-09-21T01:18:00Z
HUB_MED,PKG-00001,ARRIVAL,2026-09-15T04:01:00Z
HUB_BDG,PKG-00193,ARRIVAL,2026-09-06T15:13:00Z
HUB_SBY,PKG-00180,DEPARTURE,2026-09-11T21:49:48Z
HUB_MKS,PKG-00234,ARRIVAL,2026-09-08T10:54:00Z
HUB_SBY,PKG-00399,ARRIVAL,2026-09-23T22:39:00Z
HUB_MED,PKG-00041,ARRIVAL,2026-09-19T12:41:00Z
HUB_DPS,PKG-00145,DEPARTURE,2026-09-17T07:31:36Z
HUB_MED,AMBIGUOUS,DEPARTURE,2026-09-01T03:00:00Z
HUB_SMG,PKG-00211,DEPARTURE,2026-09-04T18:13:36Z
HUB_DPS,PKG-00042,DEPARTURE,2026-09-13T16:59:24Z
HUB_JKT,PKG-00341,DEPARTURE,2026-09-20T23:30:12Z
HUB_MKS,PKG-00207,ARRIVAL,2026-09-13T11:27:00Z
HUB_JKT,PKG-00117,ARRIVAL,2026-09-17T14:57:00Z
HUB_JKT,PKG-00357,DEPARTURE,2026-09-18T02:07:48Z
HUB_DPS,PKG-00126,ARRIVAL,2026-09-14T14:06:00Z
HUB_SBY,PKG-00118,ARRIVAL,2026-09-24T01:58:00Z
HUB_BDG,PKG-00221,ARRIVAL,2026-09-21T08:41:00Z
HUB_DPS,PKG-00180,DEPARTURE,2026-09-10T16:25:12Z
HUB_SMG,PKG-00083,ARRIVAL,2026-09-09T08:23:00Z
HUB_MED,PKG-00032,DEPARTURE,2026-09-10T21:13:24Z
HUB_MKS,PKG-00333,ARRIVAL,2026-09-19T18:33:00Z
HUB_JKT,PKG-00419,DEPARTURE,2026-09-12T01:29:00Z
HUB_SBY,PKG-00277,ARRIVAL,2026-09-23T00:37:00Z
HUB_SBY,PKG-00273,DEPARTURE,2026-09-17T07:34:12Z
HUB_MKS,PKG-00292,DEPARTURE,2026-09-23T19:44:12Z
HUB_JKT,MISS-A-0,DEPARTURE,2026-09-01T03:00:00Z
HUB_JKT,PKG-00402,DEPARTURE,2026-09-19T10:52:12Z
HUB_SBY,PKG-00051,ARRIVAL,2026-09-14T08:51:00Z
HUB_MKS,PKG-00204,DEPARTURE,2026-09-03T19:27:00Z
HUB_BDG,PKG-00287,ARRIVAL,2026-09-12T09:47:00Z
HUB_BDG,PKG-00231,DEPARTURE,2026-09-10T22:06:00Z
HUB_BDG,PKG-00088,ARRIVAL,2026-09-16T20:28:00Z
HUB_MKS,PKG-00325,DEPARTURE,2026-09-02T18:39:24Z
HUB_BDG,BAD-TS-0,DEPARTURE,2026-09-01T03:00:00Z
HUB_BDG,PKG-00130,ARRIVAL,2026-09-18T21:10:00Z
HUB_SBY,PKG-00343,ARRIVAL,2026-09-15T12:43:00Z
HUB_DPS,PKG-00076,ARRIVAL,2026-09-03T14:16:00Z
HUB_DPS,PKG-00052,DEPARTURE,2026-09-02T22:42:24Z
HUB_SBY,PKG-00068,DEPARTURE,2026-09-21T18:26:00Z
HUB_SMG,PKG-00241,DEPARTURE,2026-09-24T19:07:00Z
HUB_JKT,PKG-00029,DEPARTURE,2026-09-18T00:56:00Z
HUB_MKS,PKG-00278,DEPARTURE,2026-09-21T20:54:12Z
HUB_DPS,PKG-00132,ARRIVAL,2026-09-20T13:12:00Z
HUB_BDG,PKG-00261,ARRIVAL,2026-09-12T23:21:00Z
HUB_MKS,PKG-00308,DEPARTURE,2026-09-09T04:52:24Z
HUB_JKT,PKG-00445,ARRIVAL,2026-09-09T09:25:00Z
HUB_SMG,BAD-TS-1,ARRIVAL,not-a-date
HUB_SBY,PKG-00223,ARRIVAL,2026-09-20T19:43:00Z
HUB_SMG,PKG-00163,ARRIVAL,2026-09-14T21:43:00Z
HUB_SBY,PKG-00221,DEPARTURE,2026-09-22T01:43:24Z
HUB_SMG,PKG-00001,DEPARTURE,2026-09-13T15:09:24Z
HUB_MKS,PKG-00015,ARRIVAL,2026-09-10T20:15:00Z
HUB_DPS,PKG-00016,ARRIVAL,2026-09-24T02:16:00Z
HUB_BDG,PKG-00238,DEPARTURE,2026-09-01T17:28:36Z
HUB_SMG,PKG-00146,DEPARTURE,2026-09-06T05:24:12Z
HUB_MKS,PKG-00040,DEPARTURE,2026-09-13T13:32:12Z
HUB_JKT,PKG-00135,ARRIVAL,2026-09-17T14:15:00Z
HUB_BDG,PKG-00240,DEPARTURE,2026-09-21T22:40:48Z
HUB_BDG,PKG-00055,ARRIVAL,2026-09-12T22:55:00Z
HUB_JKT,PKG-00289,ARRIVAL,2026-09-19T16:49:00Z
HUB_SBY,PKG-00179,ARRIVAL,2026-09-23T17:59:00Z
HUB_JKT,PKG-00328,DEPARTURE,2026-09-15T15:34:00Z
HUB_JKT,PKG-00068,DEPARTURE,2026-09-17T19:36:48Z
HUB_DPS,PKG-00120,ARRIVAL,2026-09-06T01:00:00Z
HUB_MKS,PKG-00139,ARRIVAL,2026-09-03T22:19:00Z
HUB_MKS,PKG-00088,ARRIVAL,2026-09-06T20:28:00Z
HUB_SBY,PKG-00320,DEPARTURE,2026-09-18T22:51:12Z
HUB_SBY,PKG-00225,ARRIVAL,2026-09-16T06:45:00Z
HUB_MKS,PKG-00005,DEPARTURE,2026-09-03T22:29:36Z
HUB_JKT,PKG-00074,DEPARTURE,2026-09-25T16:31:24Z
HUB_DPS,PKG-00157,ARRIVAL,2026-09-02T03:37:00Z
HUB_MED,PKG-00042,DEPARTURE,2026-09-15T19:31:12Z
HUB_JKT,PKG-00324,DEPARTURE,2026-09-01T14:54:00Z
HUB_JKT,PKG-00238,DEPARTURE,2026-09-25T01:44:48Z
HUB_SMG,PKG-00034,DEPARTURE,2026-09-20T18:52:00Z
HUB_SMG,MISS-A-4,DEPARTURE,2026-09-01T03:00:00Z
HUB_DPS,PKG-00094,ARRIVAL,2026-09-07T08:34:00Z
HUB_JKT,PKG-00097,DEPARTURE,2026-09-17T21:41:12Z
HUB_MED,PKG-00081,ARRIVAL,2026-09-06T19:21:00Z
HUB_SMG,PKG-00228,DEPARTURE,2026-09-07T10:34:12Z
HUB_SMG,PKG-00032,ARRIVAL,2026-09-06T06:32:00Z
HUB_DPS,MISS-D-4,ARRIVAL,2026-09-01T00:00:00Z
HUB_REMOTE,MISS-A-3,DEPARTURE,2026-09-01T03:00:00Z
HUB_MED,PKG-00098,ARRIVAL,2026-09-21T23:38:00Z
HUB_BDG,PKG-00023,ARRIVAL,2026-09-25T21:23:00Z
HUB_MED,PKG-00057,DEPARTURE,2026-09-11T12:24:36Z
HUB_MED,PKG-00065,DEPARTURE,2026-09-12T09:14:00Z
HUB_SMG,PKG-00023,DEPARTURE,2026-09-08T23:11:36Z
HUB_BDG,PKG-00108,ARRIVAL,2026-09-23T16:48:00Z
HUB_MKS,PKG-00000,ARRIVAL,2026-09-02T09:00:00Z
HUB_SBY,PKG-00186,ARRIVAL,2026-09-07T21:06:00Z
HUB_MKS,MISS-D-3,ARRIVAL,2026-09-01T00:00:00Z
HUB_JKT,PKG-00081,ARRIVAL,2026-09-10T10:21:00Z
HUB_MKS,PKG-00166,DEPARTURE,2026-09-13T22:44:12Z
HUB_BDG,PKG-00189,ARRIVAL,2026-09-04T07:09:00Z
HUB_SBY,PKG-00137,ARRIVAL,2026-09-06T04:17:00Z
HUB_BDG,PKG-00270,DEPARTURE,2026-09-18T06:19:48Z
HUB_SBY,PKG-00168,ARRIVAL,2026-09-19T14:48:00Z
HUB_MKS,PKG-00322,ARRIVAL,2026-09-13T07:22:00Z
HUB_JKT,PKG-00456,ARRIVAL,2026-09-12T03:36:00Z
HUB_JKT,PKG-00369,DEPARTURE,2026-09-04T07:19:48Z
HUB_SMG,PKG-00115,ARRIVAL,2026-09-02T22:55:00Z
HUB_DPS,PKG-00165,DEPARTURE,2026-09-01T17:07:12Z
HUB_MKS,PKG-00290,ARRIVAL,2026-09-24T22:50:00Z
HUB_JKT,PKG-00358,ARRIVAL,2026-09-06T21:58:00Z
HUB_JKT,PKG-00383,DEPARTURE,2026-09-15T14:26:00Z
HUB_MED,PKG-00119,ARRIVAL,2026-09-06T11:59:00Z
HUB_SBY,PKG-00273,ARRIVAL,2026-09-17T04:33:00Z
HUB_SMG,PKG-00092,ARRIVAL,2026-09-20T11:32:00Z
HUB_MKS,PKG-00317,DEPARTURE,2026-09-24T09:44:36Z
HUB_SMG,MISS-D-4,ARRIVAL,2026-09-01T00:00:00Z
HUB_DPS,PKG-00058,DEPARTURE,2026-09-24T16:29:12Z
HUB_BDG,PKG-00293,DEPARTURE,2026-09-15T01:10:24Z
HUB_SMG,PKG-00077,ARRIVAL,2026-09-14T17:17:00Z
HUB_SBY,PKG-00127,ARRIVAL,2026-09-12T20:07:00Z
HUB_SBY,PKG-00174,ARRIVAL,2026-09-24T09:54:00Z
HUB_DPS,PKG-00166,DEPARTURE,2026-09-21T04:52:00Z
HUB_JKT,PKG-00461,DEPARTURE,2026-09-02T09:31:24Z
HUB_MKS,PKG-00278,ARRIVAL,2026-09-21T10:38:00Z
HUB_SBY,PKG-00191,ARRIVAL,2026-09-25T03:11:00Z
HUB_BDG,PKG-00239,ARRIVAL,2026-09-01T20:59:00Z
HUB_MKS,PKG-00070,ARRIVAL,2026-09-19T14:10:00Z
HUB_JKT,PKG-00213,ARRIVAL,2026-09-22T04:33:00Z
HUB_MED,PKG-00013,ARRIVAL,2026-09-11T10:13:00Z
HUB_JKT,PKG-00434,DEPARTURE,2026-09-13T08:45:12Z
HUB_MED,PKG-00056,DEPARTURE,2026-09-10T01:11:36Z
HUB_JKT,PKG-00398,DEPARTURE,2026-09-11T00:23:36Z
HUB_SBY,PKG-00163,DEPARTURE,2026-09-06T20:46:00Z
HUB_SBY,PKG-00391,DEPARTURE,2026-09-02T09:16:36Z
HUB_MED,PKG-00009,DEPARTURE,2026-09-25T20:37:48Z
HUB_BDG,PKG-00093,DEPARTURE,2026-09-16T20:39:36Z
HUB_MKS,PKG-00084,DEPARTURE,2026-09-25T15:53:24Z
HUB_SBY,PKG-00372,DEPARTURE,2026-09-13T03:04:48Z
HUB_SBY,PKG-00217,ARRIVAL,2026-09-08T03:37:00Z
HUB_JKT,PKG-00104,ARRIVAL,2026-09-14T20:44:00Z
HUB_MED,PKG-00112,ARRIVAL,2026-09-23T13:52:00Z
HUB_SBY,PKG-00000,ARRIVAL,2026-09-16T22:00:00Z
HUB_BDG,PKG-00000,ARRIVAL,2026-09-13T03:00:00Z
HUB_DPS,PKG-00149,ARRIVAL,2026-09-25T18:29:00Z
HUB_BDG,PKG-00155,DEPARTURE,2026-09-23T22:38:36Z
HUB_DPS,PKG-00047,ARRIVAL,2026-09-22T16:47:00Z
HUB_BDG,PKG-00040,DEPARTURE,2026-09-09T19:01:36Z
HUB_DPS,PKG-00038,ARRIVAL,2026-09-16T14:38:00Z
HUB_SBY,PKG-00091,ARRIVAL,2026-09-25T03:31:00Z
HUB_JKT,PKG-00457,DEPARTURE,2026-09-11T18:34:00Z
HUB_BDG,PKG-00251,ARRIVAL,2026-09-05T18:11:00Z
HUB_MKS,PKG-00099,ARRIVAL,2026-09-07T04:39:00Z
HUB_SBY,PKG-00310,DEPARTURE,2026-09-21T03:12:24Z
HUB_DPS,PKG-00092,ARRIVAL,2026-09-10T03:32:00Z
HUB_BDG,PKG-00002,ARRIVAL,2026-09-24T21:02:00Z
HUB_SMG,PKG-00172,ARRIVAL,2026-09-22T21:52:00Z
HUB_MKS,PKG-00208,ARRIVAL,2026-09-24T07:28:00Z
HUB_SMG,PKG-00159,ARRIVAL,2026-09-06T16:39:00Z
HUB_MKS,PKG-00238,ARRIVAL,2026-09-06T06:58:00Z
HUB_JKT,PKG-00248,DEPARTURE,2026-09-04T18:02:00Z
HUB_SMG,PKG-00015,ARRIVAL,2026-09-08T21:15:00Z
HUB_DPS,PKG-00188,DEPARTURE,2026-09-13T09:00:12Z
HUB_SMG,BAD-TS-2,DEPARTURE,2026-09-01T03:00:00Z
HUB_BDG,PKG-00185,DEPARTURE,2026-09-07T15:37:24Z
HUB_JKT,PKG-00229,DEPARTURE,2026-09-21T13:59:12Z
HUB_SMG,PKG-00006,DEPARTURE,2026-09-10T11:58:12Z
HUB_SBY,PKG-00238,ARRIVAL,2026-09-20T13:58:00Z
HUB_JKT,PKG-00214,DEPARTURE,2026-09-12T13:20:12Z
HUB_JKT,PKG-00495,DEPARTURE,2026-09-11T02:09:36Z
HUB_SMG,PKG-00186,DEPARTURE,2026-09-24T10:56:24Z
HUB_SMG,PKG-00244,ARRIVAL,2026-09-11T12:04:00Z
HUB_SBY,PKG-00066,ARRIVAL,2026-09-11T10:06:00Z
HUB_SBY,PKG-00289,DEPARTURE,2026-09-15T01:30:24Z
HUB_MKS,PKG-00233,DEPARTURE,2026-09-03T10:11:00Z
HUB_MED,PKG-00007,DEPARTURE,2026-09-22T04:41:48Z
HUB_SMG,PKG-00226,DEPARTURE,2026-09-09T23:36:24Z
HUB_JKT,PKG-00004,DEPARTURE,2026-09-23T04:11:48Z
HUB_DPS,PKG-00167,DEPARTURE,2026-09-11T04:08:00Z
HUB_JKT,PKG-00491,ARRIVAL,2026-09-08T23:11:00Z
HUB_DPS,PKG-00091,ARRIVAL,2026-09-22T10:31:00Z
HUB_BDG,PKG-00212,ARRIVAL,2026-09-14T14:32:00Z
HUB_BDG,PKG-00255,ARRIVAL,2026-09-10T13:15:00Z
HUB_SBY,PKG-00087,ARRIVAL,2026-09-13T15:27:00Z
HUB_BDG,PKG-00169,ARRIVAL,2026-09-10T03:49:00Z
HUB_JKT,PKG-00267,ARRIVAL,2026-09-25T19:27:00Z
HUB_BDG,PKG-00106,DEPARTURE,2026-09-24T12:52:00Z
HUB_MKS,PKG-00049,DEPARTURE,2026-09-22T00:45:24Z
HUB_MED,PKG-00171,ARRIVAL,2026-09-14T10:51:00Z
HUB_BDG,PKG-00107,ARRIVAL,2026-09-12T04:47:00Z
HUB_MKS,PKG-00334,ARRIVAL,2026-09-08T13:34:00Z
HUB_BDG,PKG-00281,ARRIVAL,2026-09-03T09:41:00Z
HUB_DPS,PKG-00060,DEPARTURE,2026-09-12T22:42:36Z
HUB_MED,PKG-00135,DEPARTURE,2026-09-23T03:10:12Z
HUB_SMG,PKG-00040,DEPARTURE,2026-09-10T01:23:12Z
HUB_DPS,PKG-00008,DEPARTURE,2026-09-24T03:47:00Z
HUB_SMG,PKG-00033,DEPARTURE,2026-09-01T17:47:24Z
HUB_SMG,PKG-00057,DEPARTURE,2026-09-07T02:16:48Z
HUB_BDG,PKG-00075,ARRIVAL,2026-09-07T03:15:00Z
HUB_MED,PKG-00106,DEPARTURE,2026-09-25T06:31:36Z
HUB_SBY,PKG-00311,ARRIVAL,2026-09-22T02:11:00Z
HUB_MKS,MISS-A-3,DEPARTURE,2026-09-01T03:00:00Z
HUB_DPS,PKG-00064,DEPARTURE,2026-09-02T17:31:00Z
HUB_BDG,PKG-00071,DEPARTURE,2026-09-06T03:20:36Z
HUB_BDG,PKG-00254,ARRIVAL,2026-09-04T03:14:00Z
HUB_JKT,PKG-00447,DEPARTURE,2026-09-11T11:49:48Z
HUB_SBY,PKG-00197,DEPARTURE,2026-09-07T07:29:00Z
HUB_DPS,PKG-00000,DEPARTURE,2026-09-09T23:04:12Z
HUB_JKT,PKG-00107,DEPARTURE,2026-09-18T12:55:24Z
HUB_MKS,PKG-00257,DEPARTURE,2026-09-17T23:44:36Z
HUB_JKT,PKG-00216,DEPARTURE,2026-09-11T00:48:00Z
HUB_BDG,PKG-00017,ARRIVAL,2026-09-05T17:17:00Z
HUB_JKT,PKG-00470,ARRIVAL,2026-09-21T04:50:00Z
HUB_SBY,PKG-00082,ARRIVAL,2026-09-02T10:22:00Z
HUB_SBY,PKG-00308,ARRIVAL,2026-09-12T03:08:00Z
HUB_SMG,PKG-00138,DEPARTURE,2026-09-10T20:58:12Z
HUB_MKS,PKG-00028,ARRIVAL,2026-09-15T20:28:00Z
HUB_BDG,PKG-00035,DEPARTURE,2026-09-14T06:00:12Z
HUB_SBY,PKG-00362,DEPARTURE,2026-09-07T08:01:24Z
HUB_JKT,PKG-00081,DEPARTURE,2026-09-10T12:26:24Z
HUB_JKT,PKG-00346,DEPARTURE,2026-09-16T07:38:12Z
HUB_SMG,PKG-00160,DEPARTURE,2026-09-19T08:55:36Z
HUB_MKS,PKG-00067,ARRIVAL,2026-09-03T20:07:00Z
HUB_BDG,PKG-00223,DEPARTURE,2026-09-26T03:15:24Z
HUB_MED,PKG-00049,ARRIVAL,2026-09-03T16:49:00Z
HUB_SBY,PKG-00398,ARRIVAL,2026-09-19T11:38:00Z
HUB_SMG,PKG-00030,ARRIVAL,2026-09-19T12:30:00Z
HUB_BDG,PKG-00199,DEPARTURE,2026-09-04T02:02:12Z
HUB_JKT,PKG-00012,DEPARTURE,2026-09-04T23:15:00Z
HUB_BDG,PKG-00064,ARRIVAL,2026-09-22T02:04:00Z
HUB_JKT,PKG-00231,DEPARTURE,2026-09-01T12:52:12Z
HUB_JKT,PKG-00031,DEPARTURE,2026-09-06T19:19:00Z
HUB_BDG,PKG-00012,ARRIVAL,2026-09-02T15:12:00Z
HUB_JKT,PKG-00485,DEPARTURE,2026-09-01T19:15:12Z
HUB_JKT,PKG-00132,DEPARTURE,2026-09-23T05:57:00Z
HUB_DPS,PKG-00046,DEPARTURE,2026-09-26T05:05:12Z
HUB_JKT,REVERSE-0,DEPARTURE,2026-09-01T00:00:00Z
HUB_BDG,PKG-00191,ARRIVAL,2026-09-08T18:11:00Z
HUB_SMG,PKG-00197,ARRIVAL,2026-09-15T13:17:00Z
HUB_SMG,PKG-00089,DEPARTURE,2026-09-16T19:18:12Z
HUB_JKT,PKG-00153,ARRIVAL,2026-09-05T11:33:00Z
HUB_SBY,MISS-A-4,DEPARTURE,2026-09-01T03:00:00Z
HUB_BDG,PKG-00119,ARRIVAL,2026-09-22T23:59:00Z
HUB_SBY,PKG-00272,DEPARTURE,2026-09-02T23:48:12Z
HUB_JKT,MISS-D-1,ARRIVAL,2026-09-01T00:00:00Z
HUB_SMG,PKG-00011,DEPARTURE,2026-09-11T09:40:24Z
HUB_BDG,PKG-00173,DEPARTURE,2026-09-15T01:14:00Z
HUB_SBY,PKG-00220,DEPARTURE,2026-09-11T01:04:36Z
HUB_SMG,PKG-00053,DEPARTURE,2026-09-20T09:51:48Z
HUB_JKT,PKG-00175,ARRIVAL,2026-09-20T04:55:00Z
HUB_BDG,PKG-00211,ARRIVAL,2026-09-06T22:31:00Z
HUB_SBY,PKG-00116,ARRIVAL,2026-09-06T12:56:00Z
HUB_SBY,PKG-00076,ARRIVAL,2026-09-02T18:16:00Z
HUB_JKT,PKG-00221,ARRIVAL,2026-09-06T12:41:00Z
HUB_BDG,PKG-00161,ARRIVAL,2026-09-17T09:41:00Z
HUB_MKS,PKG-00037,DEPARTURE,2026-09-10T20:52:00Z
HUB_MED,UNKNOWN,DEPARTURE,2026-09-01T03:00:00Z
HUB_SBY,PKG-00128,ARRIVAL,2026-09-12T10:08:00Z
HUB_JKT,PKG-00268,DEPARTURE,2026-09-02T23:28:00Z
HUB_JKT,PKG-00052,ARRIVAL,2026-09-21T13:52:00Z
HUB_DPS,PKG-00018,ARRIVAL,2026-09-23T00:18:00Z
HUB_SBY,PKG-00238,DEPARTURE,2026-09-20T19:31:36Z
HUB_MKS,PKG-00124,DEPARTURE,2026-09-19T05:30:24Z
HUB_DPS,PKG-00015,DEPARTURE,2026-09-17T08:03:36Z
HUB_JKT,PKG-00253,DEPARTURE,2026-09-08T11:28:36Z
HUB_JKT,PKG-00169,ARRIVAL,2026-09-13T10:49:00Z
HUB_SBY,PKG-00111,DEPARTURE,2026-09-03T02:13:48Z
HUB_SBY,REVERSE-1,ARRIVAL,2026-09-01T03:00:00Z
HUB_REMOTE,AMBIGUOUS,DEPARTURE,2026-09-01T03:00:00Z
HUB_JKT,PKG-00366,ARRIVAL,2026-09-16T11:06:00Z
HUB_DPS,PKG-00162,DEPARTURE,2026-09-05T21:39:36Z
HUB_SBY,PKG-00006,DEPARTURE,2026-09-13T11:54:36Z
HUB_SMG,PKG-00060,DEPARTURE,2026-09-02T20:41:24Z
HUB_MKS,PKG-00022,ARRIVAL,2026-09-25T05:22:00Z
HUB_MED,PKG-00122,DEPARTURE,2026-09-07T04:44:36Z
HUB_SMG,PKG-00212,ARRIVAL,2026-09-08T21:32:00Z
HUB_SBY,PKG-00371,DEPARTURE,2026-09-08T21:54:48Z
HUB_MKS,UNKNOWN,SCAN_OTHER,2026-09-01T00:00:00Z
HUB_BDG,PKG-00295,ARRIVAL,2026-09-07T04:55:00Z
HUB_MED,PKG-00027,DEPARTURE,2026-09-25T05:51:36Z
HUB_SMG,PKG-00122,ARRIVAL,2026-09-10T19:02:00Z
HUB_JKT,PKG-00226,DEPARTURE,2026-09-17T01:14:12Z
HUB_BDG,PKG-00136,DEPARTURE,2026-09-06T22:26:12Z
HUB_JKT,PKG-00459,ARRIVAL,2026-09-06T11:39:00Z
HUB_JKT,PKG-00130,ARRIVAL,2026-09-06T20:10:00Z
HUB_SBY,PKG-00399,DEPARTURE,2026-09-24T04:12:36Z
HUB_MKS,PKG-00313,DEPARTURE,2026-09-06T10:28:00Z
HUB_DPS,PKG-00169,DEPARTURE,2026-09-04T20:53:48Z
HUB_BDG,PKG-00109,DEPARTURE,2026-09-14T18:42:24Z
HUB_MED,PKG-00027,ARRIVAL,2026-09-25T01:27:00Z
HUB_JKT,PKG-00134,ARRIVAL,2026-09-06T16:14:00Z
HUB_SMG,PKG-00116,DEPARTURE,2026-09-02T21:11:36Z
HUB_JKT,PKG-00114,DEPARTURE,2026-09-23T22:18:36Z
HUB_BDG,PKG-00195,ARRIVAL,2026-09-18T18:15:00Z
HUB_BDG,PKG-00010,ARRIVAL,2026-09-05T01:10:00Z
HUB_MKS,PKG-00318,DEPARTURE,2026-09-25T00:35:24Z
HUB_JKT,PKG-00347,ARRIVAL,2026-09-03T05:47:00Z
HUB_SBY,PKG-00154,ARRIVAL,2026-09-17T23:34:00Z
HUB_SBY,PKG-00184,DEPARTURE,2026-09-25T21:12:24Z
HUB_JKT,PKG-00126,DEPARTURE,2026-09-24T18:24:00Z
HUB_MED,PKG-00087,ARRIVAL,2026-09-18T22:27:00Z
HUB_SBY,PKG-00276,DEPARTURE,2026-09-14T20:17:24Z
HUB_MKS,PKG-00255,ARRIVAL,2026-09-17T11:15:00Z
HUB_BDG,BAD-TS-1,DEPARTURE,2026-09-01T03:00:00Z
HUB_MED,PKG-00135,ARRIVAL,2026-09-22T19:15:00Z
HUB_BDG,PKG-00025,DEPARTURE,2026-09-24T10:35:12Z
HUB_SMG,PKG-00234,ARRIVAL,2026-09-18T04:54:00Z
HUB_JKT,PKG-00180,DEPARTURE,2026-09-08T11:17:24Z
HUB_JKT,PKG-00433,DEPARTURE,2026-09-06T20:27:24Z
HUB_JKT,PKG-00044,ARRIVAL,2026-09-09T18:44:00Z
HUB_JKT,PKG-00145,DEPARTURE,2026-09-25T08:17:48Z
HUB_MKS,PKG-00180,ARRIVAL,2026-09-15T05:00:00Z
HUB_MKS,PKG-00220,ARRIVAL,2026-09-23T06:40:00Z
HUB_BDG,PKG-00129,DEPARTURE,2026-09-22T08:13:12Z
HUB_SBY,PKG-00046,DEPARTURE,2026-09-22T14:34:36Z
HUB_DPS,PKG-00161,ARRIVAL,2026-09-22T09:41:00Z
HUB_JKT,AMBIGUOUS,DEPARTURE,2026-09-01T03:00:00Z
HUB_SMG,PKG-00125,DEPARTURE,2026-09-09T10:07:24Z
HUB_SMG,PKG-00053,ARRIVAL,2026-09-20T02:53:00Z
HUB_JKT,PKG-00185,ARRIVAL,2026-09-05T22:05:00Z
HUB_MKS,REVERSE-0,DEPARTURE,2026-09-01T00:00:00Z
HUB_MKS,PKG-00269,ARRIVAL,2026-09-17T23:29:00Z
HUB_SBY,PKG-00170,ARRIVAL,2026-09-11T08:50:00Z
HUB_JKT,PKG-00068,ARRIVAL,2026-09-17T16:08:00Z
HUB_DPS,PKG-00143,ARRIVAL,2026-09-03T15:23:00Z
HUB_SBY,PKG-00121,DEPARTURE,2026-09-10T10:47:12Z
HUB_JKT,PKG-00139,ARRIVAL,2026-09-18T17:19:00Z
HUB_MED,PKG-00064,ARRIVAL,2026-09-09T15:04:00Z
HUB_DPS,PKG-00069,ARRIVAL,2026-09-13T12:09:00Z
HUB_JKT,PKG-00063,DEPARTURE,2026-09-11T14:42:36Z
HUB_SMG,PKG-00071,ARRIVAL,2026-09-12T14:11:00Z
HUB_SBY,PKG-00206,DEPARTURE,2026-09-17T17:54:48Z
HUB_REMOTE,MISS-D-0,ARRIVAL,2026-09-01T00:00:00Z
HUB_JKT,PKG-00118,DEPARTURE,2026-09-07T23:51:24Z
HUB_SBY,PKG-00384,ARRIVAL,2026-09-15T01:24:00Z
HUB_JKT,PKG-00237,ARRIVAL,2026-09-11T23:57:00Z
HUB_DPS,PKG-00055,ARRIVAL,2026-09-12T15:55:00Z
HUB_BDG,PKG-00133,DEPARTURE,2026-09-13T18:49:00Z
HUB_JKT,PKG-00186,DEPARTURE,2026-09-21T21:02:24Z
HUB_MED,PKG-00129,DEPARTURE,2026-09-16T20:27:00Z
HUB_SBY,PKG-00153,ARRIVAL,2026-09-04T14:33:00Z
HUB_SBY,PKG-00333,ARRIVAL,2026-09-03T07:33:00Z
HUB_SBY,PKG-00014,ARRIVAL,2026-09-06T17:14:00Z
HUB_SBY,PKG-00017,DEPARTURE,2026-09-25T10:33:48Z
HUB_JKT,PKG-00225,DEPARTURE,2026-09-10T15:40:12Z
HUB_SBY,PKG-00023,ARRIVAL,2026-09-07T14:23:00Z
HUB_MKS,PKG-00277,ARRIVAL,2026-09-20T05:37:00Z
HUB_DPS,PKG-00031,DEPARTURE,2026-09-24T14:46:36Z
HUB_MKS,PKG-00145,DEPARTURE,2026-09-23T20:53:12Z
HUB_JKT,PKG-00463,ARRIVAL,2026-09-01T05:43:00Z
HUB_SBY,PKG-00276,ARRIVAL,2026-09-14T13:36:00Z
HUB_BDG,PKG-00232,DEPARTURE,2026-09-20T18:05:12Z
HUB_MED,PKG-00008,DEPARTURE,2026-09-10T04:35:00Z
HUB_MED,PKG-00088,ARRIVAL,2026-09-05T05:28:00Z
HUB_MKS,PKG-00038,DEPARTURE,2026-09-25T04:48:12Z
HUB_JKT,PKG-00133,ARRIVAL,2026-09-02T17:13:00Z
HUB_SBY,PKG-00208,DEPARTURE,2026-09-16T02:44:12Z
HUB_JKT,PKG-00079,DEPARTURE,2026-09-21T21:12:24Z
HUB_MED,PKG-00025,ARRIVAL,2026-09-03T22:25:00Z
HUB_JKT,PKG-00475,DEPARTURE,2026-09-21T08:07:00Z
HUB_JKT,PKG-00285,ARRIVAL,2026-09-19T20:45:00Z
HUB_SBY,PKG-00302,ARRIVAL,2026-09-09T09:02:00Z
HUB_JKT,PKG-00479,ARRIVAL,2026-09-05T14:59:00Z
HUB_BDG,PKG-00144,DEPARTURE,2026-09-22T18:27:36Z
HUB_BDG,PKG-00179,ARRIVAL,2026-09-14T10:59:00Z
HUB_JKT,PKG-00153,DEPARTURE,2026-09-05T15:10:12Z
HUB_SBY,PKG-00312,DEPARTURE,2026-09-10T11:30:36Z
HUB_DPS,PKG-00070,ARRIVAL,2026-09-09T13:10:00Z
HUB_SMG,PKG-00064,ARRIVAL,2026-09-18T08:04:00Z
HUB_JKT,PKG-00469,ARRIVAL,2026-09-08T06:49:00Z
HUB_SMG,PKG-00183,DEPARTURE,2026-09-25T16:35:24Z
HUB_SMG,PKG-00040,ARRIVAL,2026-09-09T19:40:00Z
HUB_JKT,PKG-00223,DEPARTURE,2026-09-14T12:46:36Z
HUB_SBY,PKG-00078,ARRIVAL,2026-09-25T19:18:00Z
HUB_SMG,PKG-00057,ARRIVAL,2026-09-06T17:57:00Z
HUB_SMG,PKG-00194,DEPARTURE,2026-09-13T07:06:12Z
HUB_SMG,PKG-00010,ARRIVAL,2026-09-05T01:10:00Z
HUB_JKT,PKG-00059,ARRIVAL,2026-09-19T20:59:00Z
HUB_JKT,PKG-00496,DEPARTURE,2026-09-12T13:55:36Z
HUB_MED,PKG-00144,ARRIVAL,2026-09-14T23:24:00Z
HUB_MED,PKG-00132,DEPARTURE,2026-09-17T21:28:48Z
HUB_SMG,PKG-00020,ARRIVAL,2026-09-01T07:20:00Z
HUB_MKS,PKG-00000,DEPARTURE,2026-09-02T21:04:48Z
HUB_BDG,PKG-00227,ARRIVAL,2026-09-13T20:47:00Z
HUB_SBY,PKG-00053,ARRIVAL,2026-09-09T15:53:00Z
HUB_JKT,PKG-00438,DEPARTURE,2026-09-09T01:05:24Z
HUB_MKS,PKG-00068,DEPARTURE,2026-09-10T12:00:12Z
HUB_JKT,PKG-00206,DEPARTURE,2026-09-05T04:53:00Z
HUB_JKT,PKG-00151,DEPARTURE,2026-09-13T01:47:48Z
HUB_SBY,PKG-00061,ARRIVAL,2026-09-24T12:01:00Z
HUB_JKT,PKG-00273,ARRIVAL,2026-09-03T04:33:00Z
HUB_BDG,PKG-00098,DEPARTURE,2026-09-26T03:37:24Z
HUB_BDG,PKG-00103,ARRIVAL,2026-09-17T15:43:00Z
HUB_JKT,PKG-00230,ARRIVAL,2026-09-03T18:50:00Z
HUB_JKT,PKG-00159,ARRIVAL,2026-09-20T21:39:00Z
HUB_MED,PKG-00048,DEPARTURE,2026-09-13T15:11:24Z
HUB_DPS,PKG-00147,ARRIVAL,2026-09-02T19:27:00Z
HUB_MKS,PKG-00022,DEPARTURE,2026-09-25T14:25:36Z
HUB_DPS,PKG-00124,ARRIVAL,2026-09-21T18:04:00Z
HUB_MKS,PKG-00136,ARRIVAL,2026-09-21T12:16:00Z
HUB_MED,PKG-00133,ARRIVAL,2026-09-18T19:13:00Z
HUB_SBY,PKG-00039,DEPARTURE,2026-09-25T09:07:12Z
HUB_DPS,PKG-00162,ARRIVAL,2026-09-05T12:42:00Z
HUB_DPS,PKG-00050,ARRIVAL,2026-09-14T11:50:00Z
HUB_SMG,PKG-00129,DEPARTURE,2026-09-04T02:45:36Z
HUB_BDG,MISS-D-4,ARRIVAL,2026-09-01T00:00:00Z
HUB_BDG,PKG-00284,DEPARTURE,2026-09-22T12:52:24Z
HUB_MKS,PKG-00072,DEPARTURE,2026-09-25T14:29:24Z
HUB_JKT,PKG-00217,DEPARTURE,2026-09-14T23:49:36Z
HUB_JKT,PKG-00368,ARRIVAL,2026-09-18T03:08:00Z
HUB_SMG,PKG-00211,ARRIVAL,2026-09-04T12:31:00Z
HUB_SBY,PKG-00133,ARRIVAL,2026-09-15T06:13:00Z
HUB_MKS,PKG-00122,DEPARTURE,2026-09-06T22:38:36Z
HUB_JKT,PKG-00252,ARRIVAL,2026-09-23T14:12:00Z
HUB_BDG,PKG-00131,DEPARTURE,2026-09-23T11:59:36Z
HUB_SBY,PKG-00151,ARRIVAL,2026-09-18T01:31:00Z
HUB_JKT,PKG-00064,ARRIVAL,2026-09-02T15:04:00Z
HUB_DPS,PKG-00076,DEPARTURE,2026-09-03T22:55:00Z
HUB_BDG,MISS-A-2,DEPARTURE,2026-09-01T03:00:00Z
HUB_SBY,PKG-00113,ARRIVAL,2026-09-02T22:53:00Z
HUB_MKS,PKG-00082,DEPARTURE,2026-09-19T08:10:36Z
HUB_JKT,PKG-00047,DEPARTURE,2026-09-20T08:24:12Z
HUB_JKT,PKG-00283,DEPARTURE,2026-09-21T03:55:36Z
HUB_MKS,PKG-00259,DEPARTURE,2026-09-10T18:08:12Z
HUB_JKT,PKG-00406,ARRIVAL,2026-09-24T09:46:00Z
HUB_DPS,PKG-00194,ARRIVAL,2026-09-22T02:14:00Z
HUB_SBY,PKG-00224,DEPARTURE,2026-09-08T17:06:48Z
HUB_JKT,PKG-00436,DEPARTURE,2026-09-01T09:10:00Z
HUB_JKT,UNKNOWN,DEPARTURE,2026-09-01T03:00:00Z
HUB_SMG,PKG-00037,DEPARTURE,2026-09-16T09:19:00Z
HUB_JKT,PKG-00008,DEPARTURE,2026-09-18T16:02:00Z
HUB_JKT,PKG-00413,DEPARTURE,2026-09-09T11:02:00Z
HUB_MKS,PKG-00195,DEPARTURE,2026-09-21T07:02:24Z
HUB_SBY,PKG-00342,ARRIVAL,2026-09-25T21:42:00Z
HUB_SMG,PKG-00174,ARRIVAL,2026-09-01T10:54:00Z
HUB_JKT,PKG-00032,ARRIVAL,2026-09-05T02:32:00Z
HUB_MKS,PKG-00074,DEPARTURE,2026-09-18T06:46:24Z
HUB_JKT,PKG-00189,DEPARTURE,2026-09-06T13:30:00Z
HUB_JKT,PKG-00072,DEPARTURE,2026-09-03T06:55:48Z
HUB_MKS,AMBIGUOUS,ARRIVAL,2026-09-01T00:00:00Z
HUB_SMG,UNKNOWN,DEPARTURE,2026-09-01T03:00:00Z
HUB_MED,PKG-00160,ARRIVAL,2026-09-03T13:40:00Z
HUB_JKT,PKG-00385,DEPARTURE,2026-09-03T19:08:12Z
HUB_SMG,PKG-00086,DEPARTURE,2026-09-22T20:50:00Z
HUB_BDG,PKG-00148,DEPARTURE,2026-09-22T23:26:48Z
HUB_REMOTE,REVERSE-0,DEPARTURE,2026-09-01T00:00:00Z
HUB_BDG,PKG-00265,ARRIVAL,2026-09-25T05:25:00Z
HUB_SBY,PKG-00178,DEPARTURE,2026-09-03T07:38:48Z
HUB_SMG,PKG-00005,DEPARTURE,2026-09-25T07:02:36Z
HUB_BDG,PKG-00082,ARRIVAL,2026-09-11T16:22:00Z
HUB_JKT,PKG-00469,DEPARTURE,2026-09-08T10:46:00Z
HUB_MED,BAD-TS-2,ARRIVAL,not-a-date
HUB_SBY,PKG-00044,ARRIVAL,2026-09-05T17:44:00Z
HUB_SBY,PKG-00269,DEPARTURE,2026-09-10T06:26:36Z
HUB_DPS,PKG-00123,DEPARTURE,2026-09-26T03:19:12Z
HUB_MED,PKG-00096,ARRIVAL,2026-09-19T04:36:00Z
HUB_MKS,PKG-00208,DEPARTURE,2026-09-24T19:38:12Z
HUB_BDG,PKG-00206,DEPARTURE,2026-09-21T07:09:48Z
HUB_SMG,PKG-00045,ARRIVAL,2026-09-08T06:45:00Z
HUB_SBY,PKG-00159,DEPARTURE,2026-09-13T13:32:24Z
HUB_SBY,PKG-00246,DEPARTURE,2026-09-19T07:33:36Z
HUB_DPS,PKG-00158,ARRIVAL,2026-09-12T13:38:00Z
HUB_JKT,PKG-00173,ARRIVAL,2026-09-18T02:53:00Z
HUB_DPS,PKG-00054,DEPARTURE,2026-09-10T03:07:12Z
HUB_MKS,PKG-00137,ARRIVAL,2026-09-20T00:17:00Z
HUB_JKT,PKG-00432,DEPARTURE,2026-09-14T11:25:48Z
HUB_SBY,PKG-00210,ARRIVAL,2026-09-24T12:30:00Z
HUB_DPS,PKG-00033,DEPARTURE,2026-09-16T23:39:00Z
HUB_SMG,PKG-00087,ARRIVAL,2026-09-25T20:27:00Z
HUB_MED,PKG-00143,ARRIVAL,2026-09-04T09:23:00Z
HUB_MKS,PKG-00342,ARRIVAL,2026-09-22T03:42:00Z
HUB_SMG,PKG-00195,DEPARTURE,2026-09-05T14:17:24Z
HUB_BDG,PKG-00039,ARRIVAL,2026-09-15T18:39:00Z
HUB_MKS,PKG-00117,DEPARTURE,2026-09-25T21:00:00Z
HUB_JKT,PKG-00093,DEPARTURE,2026-09-04T05:15:36Z
HUB_JKT,PKG-00404,ARRIVAL,2026-09-01T14:44:00Z
HUB_MKS,PKG-00017,DEPARTURE,2026-09-14T10:22:24Z
HUB_JKT,PKG-00299,ARRIVAL,2026-09-11T09:59:00Z
HUB_SBY,PKG-00311,DEPARTURE,2026-09-22T06:36:48Z
HUB_MED,PKG-00049,DEPARTURE,2026-09-04T00:20:48Z
HUB_BDG,PKG-00176,DEPARTURE,2026-09-08T11:22:24Z
HUB_MKS,PKG-00009,DEPARTURE,2026-09-18T13:29:24Z
HUB_SMG,PKG-00243,DEPARTURE,2026-09-25T04:36:36Z
HUB_JKT,PKG-00489,ARRIVAL,2026-09-09T03:09:00Z
HUB_SBY,PKG-00021,DEPARTURE,2026-09-05T12:12:00Z
HUB_SBY,PKG-00278,ARRIVAL,2026-09-24T12:38:00Z
HUB_MKS,PKG-00065,ARRIVAL,2026-09-05T12:05:00Z
HUB_JKT,PKG-00394,DEPARTURE,2026-09-11T21:52:36Z
HUB_MKS,PKG-00057,ARRIVAL,2026-09-18T01:57:00Z
HUB_BDG,PKG-00225,DEPARTURE,2026-09-21T13:51:00Z
HUB_DPS,PKG-00126,DEPARTURE,2026-09-14T22:43:48Z
HUB_SMG,PKG-00150,ARRIVAL,2026-09-16T03:30:00Z
HUB_SBY,PKG-00280,DEPARTURE,2026-09-06T18:50:12Z
HUB_MKS,PKG-00037,ARRIVAL,2026-09-10T08:37:00Z
HUB_JKT,PKG-00418,ARRIVAL,2026-09-25T14:58:00Z
HUB_DPS,PKG-00105,ARRIVAL,2026-09-11T20:45:00Z
HUB_BDG,PKG-00050,ARRIVAL,2026-09-13T16:50:00Z
HUB_JKT,PKG-00416,ARRIVAL,2026-09-08T00:56:00Z
HUB_MKS,PKG-00282,ARRIVAL,2026-09-19T01:42:00Z
HUB_JKT,PKG-00313,DEPARTURE,2026-09-01T18:48:24Z
HUB_MKS,PKG-00122,ARRIVAL,2026-09-06T11:02:00Z
HUB_JKT,PKG-00028,DEPARTURE,2026-09-09T18:12:24Z
HUB_MKS,PKG-00027,DEPARTURE,2026-09-03T20:43:48Z
HUB_MKS,PKG-00253,DEPARTURE,2026-09-18T21:06:24Z
HUB_BDG,PKG-00064,DEPARTURE,2026-09-22T06:22:36Z
HUB_MKS,PKG-00213,DEPARTURE,2026-09-04T06:23:24Z
HUB_MED,PKG-00081,DEPARTURE,2026-09-07T01:38:24Z
HUB_SBY,PKG-00313,DEPARTURE,2026-09-17T18:31:00Z
HUB_SBY,PKG-00229,ARRIVAL,2026-09-01T07:49:00Z
HUB_MKS,PKG-00106,DEPARTURE,2026-09-14T11:01:00Z
HUB_JKT,PKG-00306,ARRIVAL,2026-09-01T07:06:00Z
HUB_BDG,PKG-00176,ARRIVAL,2026-09-08T06:56:00Z
HUB_MKS,PKG-00348,DEPARTURE,2026-09-08T01:24:36Z
HUB_BDG,PKG-00021,ARRIVAL,2026-09-06T12:21:00Z
HUB_MED,PKG-00080,DEPARTURE,2026-09-18T13:02:00Z
HUB_JKT,PKG-00342,DEPARTURE,2026-09-10T09:09:36Z
HUB_JKT,PKG-00095,DEPARTURE,2026-09-22T04:38:00Z
HUB_MKS,PKG-00237,DEPARTURE,2026-09-13T11:21:36Z
HUB_SBY,PKG-00277,DEPARTURE,2026-09-23T03:58:36Z
HUB_JKT,PKG-00172,ARRIVAL,2026-09-12T09:52:00Z
HUB_JKT,PKG-00060,ARRIVAL,2026-09-20T09:00:00Z
HUB_DPS,PKG-00032,ARRIVAL,2026-09-09T05:32:00Z
HUB_SBY,PKG-00184,ARRIVAL,2026-09-25T17:04:00Z
HUB_SBY,PKG-00133,DEPARTURE,2026-09-15T09:44:12Z
HUB_SBY,PKG-00115,ARRIVAL,2026-09-22T06:55:00Z
HUB_MED,PKG-00059,ARRIVAL,2026-09-13T04:59:00Z
HUB_JKT,PKG-00409,DEPARTURE,2026-09-17T18:59:48Z
HUB_SBY,PKG-00282,DEPARTURE,2026-09-23T19:27:36Z
HUB_JKT,PKG-00439,DEPARTURE,2026-09-19T19:45:24Z
HUB_BDG,PKG-00214,ARRIVAL,2026-09-25T06:34:00Z
HUB_SBY,PKG-00377,DEPARTURE,2026-09-04T17:18:12Z
HUB_BDG,PKG-00074,DEPARTURE,2026-09-06T21:29:36Z
HUB_MED,PKG-00039,DEPARTURE,2026-09-13T18:01:12Z
HUB_SMG,PKG-00069,DEPARTURE,2026-09-20T04:55:48Z
HUB_SMG,PKG-00247,ARRIVAL,2026-09-25T17:07:00Z
HUB_MED,PKG-00151,ARRIVAL,2026-09-23T00:31:00Z
HUB_BDG,PKG-00042,ARRIVAL,2026-09-03T22:42:00Z
HUB_SMG,PKG-00128,DEPARTURE,2026-09-25T10:00:12Z
HUB_BDG,PKG-00097,ARRIVAL,2026-09-06T20:37:00Z
HUB_SMG,PKG-00151,ARRIVAL,2026-09-02T22:31:00Z
HUB_SMG,PKG-00161,ARRIVAL,2026-09-12T06:41:00Z
HUB_SMG,PKG-00155,ARRIVAL,2026-09-09T01:35:00Z
HUB_DPS,PKG-00128,DEPARTURE,2026-09-11T18:20:00Z
HUB_DPS,PKG-00163,DEPARTURE,2026-09-02T08:50:48Z
HUB_JKT,PKG-00205,DEPARTURE,2026-09-08T17:46:36Z
HUB_JKT,PKG-00262,DEPARTURE,2026-09-16T17:52:36Z
HUB_MKS,PKG-00165,ARRIVAL,2026-09-04T18:45:00Z
HUB_JKT,PKG-00392,DEPARTURE,2026-09-11T06:34:24Z
HUB_MKS,PKG-00141,DEPARTURE,2026-09-23T10:06:00Z
HUB_SMG,PKG-00054,DEPARTURE,2026-09-07T13:35:24Z
HUB_BDG,PKG-00000,DEPARTURE,2026-09-13T07:32:24Z
HUB_MED,PKG-00133,DEPARTURE,2026-09-19T01:02:12Z
HUB_SBY,PKG-00231,ARRIVAL,2026-09-12T05:51:00Z
HUB_JKT,PKG-00376,ARRIVAL,2026-09-22T19:16:00Z
HUB_BDG,PKG-00291,DEPARTURE,2026-09-23T13:49:12Z
HUB_SBY,PKG-00145,ARRIVAL,2026-09-18T01:25:00Z
HUB_SBY,PKG-00353,DEPARTURE,2026-09-08T13:05:00Z
HUB_MKS,PKG-00286,ARRIVAL,2026-09-03T12:46:00Z
HUB_SBY,PKG-00079,DEPARTURE,2026-09-17T19:47:48Z
HUB_DPS,PKG-00052,ARRIVAL,2026-09-02T11:52:00Z
HUB_SBY,PKG-00376,ARRIVAL,2026-09-09T20:16:00Z
HUB_SBY,PKG-00364,DEPARTURE,2026-09-01T06:11:48Z
HUB_BDG,PKG-00078,DEPARTURE,2026-09-10T11:06:00Z
HUB_MKS,PKG-00200,DEPARTURE,2026-09-20T13:33:48Z
HUB_SBY,PKG-00176,ARRIVAL,2026-09-18T09:56:00Z
HUB_JKT,PKG-00310,ARRIVAL,2026-09-15T05:10:00Z
HUB_JKT,PKG-00067,DEPARTURE,2026-09-18T19:23:48Z
HUB_MKS,PKG-00264,ARRIVAL,2026-09-07T07:24:00Z
HUB_MED,PKG-00150,ARRIVAL,2026-09-24T21:30:00Z
HUB_JKT,PKG-00230,DEPARTURE,2026-09-03T21:05:00Z
HUB_BDG,PKG-00201,ARRIVAL,2026-09-07T13:21:00Z
HUB_JKT,PKG-00370,DEPARTURE,2026-09-08T09:23:12Z
HUB_BDG,PKG-00105,DEPARTURE,2026-09-14T22:18:00Z
HUB_JKT,PKG-00079,ARRIVAL,2026-09-21T17:19:00Z
HUB_SBY,PKG-00237,ARRIVAL,2026-09-13T09:57:00Z
HUB_MED,PKG-00075,ARRIVAL,2026-09-17T01:15:00Z
HUB_JKT,PKG-00205,ARRIVAL,2026-09-08T14:25:00Z
HUB_JKT,PKG-00478,DEPARTURE,2026-09-24T00:47:12Z
HUB_SBY,PKG-00245,DEPARTURE,2026-09-14T12:41:00Z
HUB_MKS,PKG-00297,DEPARTURE,2026-09-09T03:19:12Z
HUB_DPS,PKG-00184,ARRIVAL,2026-09-08T09:04:00Z
HUB_DPS,PKG-00095,ARRIVAL,2026-09-04T00:35:00Z
HUB_MED,PKG-00073,DEPARTURE,2026-09-01T10:07:36Z
HUB_SBY,PKG-00220,ARRIVAL,2026-09-10T21:40:00Z
HUB_MKS,PKG-00205,ARRIVAL,2026-09-08T00:25:00Z
HUB_SBY,PKG-00074,DEPARTURE,2026-09-12T06:47:36Z
HUB_MED,MISS-A-3,DEPARTURE,2026-09-01T03:00:00Z
HUB_JKT,PKG-00488,ARRIVAL,2026-09-18T19:08:00Z
HUB_DPS,PKG-00040,DEPARTURE,2026-09-11T12:10:00Z
HUB_MKS,PKG-00312,DEPARTURE,2026-09-11T16:33:00Z
HUB_DPS,PKG-00096,ARRIVAL,2026-09-03T09:36:00Z
HUB_MED,PKG-00145,ARRIVAL,2026-09-06T07:25:00Z
HUB_DPS,PKG-00109,DEPARTURE,2026-09-10T21:37:00Z
HUB_JKT,PKG-00321,DEPARTURE,2026-09-01T13:37:12Z
HUB_JKT,PKG-00071,ARRIVAL,2026-09-08T05:11:00Z
HUB_MKS,PKG-00344,ARRIVAL,2026-09-06T08:44:00Z
HUB_BDG,PKG-00257,DEPARTURE,2026-09-17T00:41:36Z
HUB_JKT,PKG-00228,ARRIVAL,2026-09-19T10:48:00Z
HUB_SBY,PKG-00071,DEPARTURE,2026-09-08T19:20:00Z
HUB_SBY,PKG-00196,DEPARTURE,2026-09-20T17:21:24Z
HUB_JKT,PKG-00431,ARRIVAL,2026-09-01T08:11:00Z
HUB_DPS,PKG-00027,ARRIVAL,2026-09-14T20:27:00Z
HUB_SBY,PKG-00018,ARRIVAL,2026-09-03T19:18:00Z
HUB_JKT,PKG-00147,ARRIVAL,2026-09-21T07:27:00Z
HUB_JKT,PKG-00029,ARRIVAL,2026-09-17T21:29:00Z
HUB_MKS,PKG-00106,ARRIVAL,2026-09-13T23:46:00Z
HUB_SBY,PKG-00045,ARRIVAL,2026-09-11T17:45:00Z
HUB_SMG,PKG-00094,DEPARTURE,2026-09-02T21:53:48Z
HUB_SBY,PKG-00221,ARRIVAL,2026-09-21T22:41:00Z
HUB_BDG,PKG-00268,DEPARTURE,2026-09-03T05:32:48Z
HUB_JKT,PKG-00466,ARRIVAL,2026-09-12T09:46:00Z
HUB_SMG,PKG-00039,DEPARTURE,2026-09-15T06:40:12Z
HUB_JKT,PKG-00122,ARRIVAL,2026-09-13T13:02:00Z
HUB_MED,PKG-00117,DEPARTURE,2026-09-04T14:49:48Z
HUB_JKT,PKG-00474,DEPARTURE,2026-09-24T04:50:24Z
HUB_BDG,PKG-00101,ARRIVAL,2026-09-19T22:41:00Z
HUB_SBY,PKG-00122,DEPARTURE,2026-09-19T14:15:48Z
HUB_MKS,PKG-00097,ARRIVAL,2026-09-24T14:37:00Z
HUB_BDG,PKG-00222,ARRIVAL,2026-09-15T23:42:00Z
HUB_BDG,PKG-00130,DEPARTURE,2026-09-19T00:41:48Z
HUB_SBY,PKG-00388,ARRIVAL,2026-09-05T19:28:00Z
HUB_REMOTE,BAD-TS-0,ARRIVAL,not-a-date
HUB_SBY,PKG-00050,DEPARTURE,2026-09-24T00:49:24Z
HUB_MKS,PKG-00227,DEPARTURE,2026-09-20T06:08:36Z
HUB_MKS,PKG-00020,ARRIVAL,2026-09-05T14:20:00Z
HUB_MED,PKG-00028,DEPARTURE,2026-09-22T05:40:00Z
HUB_JKT,PKG-00018,ARRIVAL,2026-09-12T13:18:00Z
HUB_SBY,PKG-00361,DEPARTURE,2026-09-09T17:18:24Z
HUB_BDG,PKG-00102,ARRIVAL,2026-09-10T04:42:00Z
HUB_JKT,PKG-00150,ARRIVAL,2026-09-20T01:30:00Z
HUB_MKS,PKG-00115,ARRIVAL,2026-09-02T07:55:00Z
HUB_JKT,PKG-00387,DEPARTURE,2026-09-15T22:10:12Z
HUB_SMG,PKG-00161,DEPARTURE,2026-09-12T15:11:36Z
HUB_JKT,PKG-00268,ARRIVAL,2026-09-02T19:28:00Z
HUB_DPS,PKG-00142,ARRIVAL,2026-09-03T07:22:00Z
HUB_MKS,PKG-00265,DEPARTURE,2026-09-17T22:04:00Z
HUB_JKT,PKG-00245,ARRIVAL,2026-09-03T22:05:00Z
HUB_JKT,PKG-00421,DEPARTURE,2026-09-11T03:10:36Z
HUB_MKS,PKG-00234,DEPARTURE,2026-09-08T23:33:00Z
HUB_JKT,PKG-00495,ARRIVAL,2026-09-10T22:15:00Z
HUB_DPS,PKG-00148,ARRIVAL,2026-09-06T14:28:00Z
HUB_BDG,PKG-00129,ARRIVAL,2026-09-22T04:09:00Z
HUB_JKT,PKG-00420,ARRIVAL,2026-09-25T21:00:00Z
HUB_SBY,PKG-00343,DEPARTURE,2026-09-15T19:11:48Z
HUB_SBY,PKG-00148,DEPARTURE,2026-09-19T20:04:36Z
HUB_JKT,PKG-00426,ARRIVAL,2026-09-08T09:06:00Z
HUB_JKT,PKG-00054,DEPARTURE,2026-09-03T10:10:48Z
HUB_MED,PKG-00029,DEPARTURE,2026-09-11T22:08:36Z
HUB_SMG,PKG-00106,DEPARTURE,2026-09-19T23:46:36Z
HUB_MKS,PKG-00221,DEPARTURE,2026-09-04T12:48:12Z
HUB_JKT,PKG-00164,ARRIVAL,2026-09-07T02:44:00Z
HUB_MED,PKG-00000,DEPARTURE,2026-09-13T08:01:12Z
HUB_SMG,PKG-00121,ARRIVAL,2026-09-06T00:01:00Z
HUB_JKT,PKG-00458,DEPARTURE,2026-09-10T04:47:00Z
HUB_JKT,PKG-00272,ARRIVAL,2026-09-10T23:32:00Z
HUB_SBY,PKG-00379,ARRIVAL,2026-09-01T22:19:00Z
HUB_JKT,PKG-00393,ARRIVAL,2026-09-18T23:33:00Z
HUB_BDG,PKG-00167,ARRIVAL,2026-09-24T20:47:00Z
HUB_MED,PKG-00061,DEPARTURE,2026-09-25T04:10:00Z
HUB_DPS,PKG-00095,DEPARTURE,2026-09-04T09:24:48Z
HUB_SMG,PKG-00166,DEPARTURE,2026-09-01T11:02:48Z
HUB_SBY,PKG-00270,DEPARTURE,2026-09-23T20:33:36Z
HUB_DPS,PKG-00183,DEPARTURE,2026-09-21T21:46:48Z
HUB_SBY,PKG-00279,ARRIVAL,2026-09-13T05:39:00Z
HUB_JKT,PKG-00090,DEPARTURE,2026-09-19T03:42:00Z
HUB_MKS,PKG-00316,ARRIVAL,2026-09-21T14:16:00Z
HUB_DPS,PKG-00089,DEPARTURE,2026-09-26T05:53:00Z
HUB_SMG,PKG-00058,ARRIVAL,2026-09-04T05:58:00Z
HUB_SMG,PKG-00234,DEPARTURE,2026-09-18T11:30:00Z
HUB_JKT,PKG-00025,ARRIVAL,2026-09-12T20:25:00Z
HUB_MKS,PKG-00196,ARRIVAL,2026-09-25T02:16:00Z
HUB_SMG,PKG-00200,DEPARTURE,2026-09-09T03:59:00Z
HUB_SBY,PKG-00227,DEPARTURE,2026-09-23T04:50:36Z
HUB_DPS,PKG-00117,ARRIVAL,2026-09-17T02:57:00Z
HUB_SMG,PKG-00222,DEPARTURE,2026-09-21T04:19:12Z
HUB_MKS,PKG-00276,DEPARTURE,2026-09-24T14:07:48Z
HUB_MKS,PKG-00229,ARRIVAL,2026-09-08T12:49:00Z
HUB_MED,PKG-00161,DEPARTURE,2026-09-17T00:00:12Z
HUB_SBY,PKG-00386,DEPARTURE,2026-09-01T10:26:36Z
HUB_MKS,PKG-00290,DEPARTURE,2026-09-25T10:06:12Z
HUB_SBY,PKG-00074,ARRIVAL,2026-09-12T00:14:00Z
HUB_MKS,PKG-00011,DEPARTURE,2026-09-14T08:39:12Z
HUB_MED,PKG-00153,ARRIVAL,2026-09-07T15:33:00Z
HUB_MED,PKG-00113,DEPARTURE,2026-09-25T06:37:24Z
HUB_BDG,PKG-00186,ARRIVAL,2026-09-08T05:06:00Z
HUB_MKS,PKG-00349,DEPARTURE,2026-09-08T06:46:00Z
HUB_DPS,PKG-00073,ARRIVAL,2026-09-16T11:13:00Z
HUB_JKT,PKG-00026,DEPARTURE,2026-09-14T11:08:36Z
HUB_JKT,PKG-00470,DEPARTURE,2026-09-21T07:48:48Z
HUB_JKT,PKG-00290,ARRIVAL,2026-09-25T14:50:00Z
HUB_DPS,PKG-00178,DEPARTURE,2026-09-18T23:04:00Z
HUB_JKT,PKG-00126,ARRIVAL,2026-09-24T15:06:00Z
HUB_JKT,PKG-00143,ARRIVAL,2026-09-20T04:23:00Z
HUB_JKT,PKG-00032,DEPARTURE,2026-09-05T04:39:48Z
HUB_SBY,PKG-00327,DEPARTURE,2026-09-20T06:20:24Z
HUB_BDG,PKG-00172,DEPARTURE,2026-09-06T21:25:00Z
HUB_MED,PKG-00016,ARRIVAL,2026-09-15T04:16:00Z
HUB_SBY,PKG-00010,DEPARTURE,2026-09-15T00:53:48Z
HUB_SBY,PKG-00369,DEPARTURE,2026-09-15T01:25:12Z
HUB_MED,PKG-00076,DEPARTURE,2026-09-21T18:01:00Z
HUB_JKT,PKG-00406,DEPARTURE,2026-09-24T12:48:24Z
HUB_MED,PKG-00124,DEPARTURE,2026-09-14T17:43:36Z
HUB_MED,PKG-00018,DEPARTURE,2026-09-02T12:45:00Z
HUB_JKT,PKG-00429,ARRIVAL,2026-09-08T19:09:00Z
HUB_MKS,PKG-00100,DEPARTURE,2026-09-13T06:31:36Z
HUB_MKS,PKG-00329,DEPARTURE,2026-09-19T09:45:12Z
HUB_MED,PKG-00088,DEPARTURE,2026-09-05T10:21:24Z
HUB_DPS,PKG-00036,ARRIVAL,2026-09-25T14:36:00Z
HUB_MKS,PKG-00346,ARRIVAL,2026-09-09T15:46:00Z
HUB_SMG,MISS-D-0,ARRIVAL,2026-09-01T00:00:00Z
HUB_MKS,BAD-TS-2,ARRIVAL,not-a-date
HUB_MKS,PKG-00305,DEPARTURE,2026-09-19T03:15:48Z
HUB_DPS,PKG-00176,ARRIVAL,2026-09-24T07:56:00Z
HUB_MKS,PKG-00110,DEPARTURE,2026-09-12T22:03:12Z
HUB_MED,PKG-00123,ARRIVAL,2026-09-25T11:03:00Z
HUB_JKT,PKG-00484,DEPARTURE,2026-09-09T10:00:24Z
HUB_MKS,PKG-00281,DEPARTURE,2026-09-10T02:12:48Z
HUB_SBY,PKG-00120,ARRIVAL,2026-09-18T09:00:00Z
HUB_SBY,PKG-00224,ARRIVAL,2026-09-08T10:44:00Z
HUB_MKS,PKG-00334,DEPARTURE,2026-09-09T02:02:12Z
HUB_JKT,PKG-00226,ARRIVAL,2026-09-16T21:46:00Z
HUB_MED,MISS-A-2,DEPARTURE,2026-09-01T03:00:00Z
HUB_SBY,PKG-00215,ARRIVAL,2026-09-14T16:35:00Z
HUB_JKT,PKG-00334,DEPARTURE,2026-09-09T10:40:36Z
HUB_SBY,PKG-00381,DEPARTURE,2026-09-19T03:37:48Z
HUB_BDG,PKG-00127,ARRIVAL,2026-09-12T09:07:00Z
HUB_JKT,PKG-00389,ARRIVAL,2026-09-05T23:29:00Z
HUB_MED,PKG-00172,DEPARTURE,2026-09-02T09:10:36Z
HUB_MKS,PKG-00318,ARRIVAL,2026-09-24T14:18:00Z
HUB_JKT,PKG-00008,ARRIVAL,2026-09-18T12:08:00Z
HUB_SBY,PKG-00304,ARRIVAL,2026-09-24T13:04:00Z
HUB_SBY,PKG-00257,ARRIVAL,2026-09-03T22:17:00Z
HUB_SMG,PKG-00197,DEPARTURE,2026-09-15T22:14:36Z
HUB_DPS,PKG-00172,DEPARTURE,2026-09-24T12:34:00Z
HUB_SBY,PKG-00252,ARRIVAL,2026-09-03T11:12:00Z
HUB_SBY,BAD-TS-0,DEPARTURE,2026-09-01T03:00:00Z
HUB_MED,PKG-00096,DEPARTURE,2026-09-19T12:24:36Z
HUB_DPS,PKG-00027,DEPARTURE,2026-09-15T04:21:36Z
HUB_JKT,PKG-00103,DEPARTURE,2026-09-03T16:00:24Z
HUB_DPS,PKG-00158,DEPARTURE,2026-09-12T23:56:00Z
HUB_SBY,PKG-00114,ARRIVAL,2026-09-03T18:54:00Z
HUB_BDG,PKG-00047,DEPARTURE,2026-09-14T08:40:24Z
HUB_JKT,PKG-00307,ARRIVAL,2026-09-02T00:07:00Z
HUB_MED,PKG-00000,ARRIVAL,2026-09-13T03:00:00Z
HUB_MKS,PKG-00198,DEPARTURE,2026-09-20T01:59:24Z
HUB_JKT,PKG-00252,DEPARTURE,2026-09-23T16:45:00Z
HUB_SMG,PKG-00167,DEPARTURE,2026-09-10T08:14:00Z
HUB_SBY,PKG-00153,DEPARTURE,2026-09-04T17:58:12Z
HUB_DPS,PKG-00001,ARRIVAL,2026-09-17T05:01:00Z
HUB_SBY,PKG-00185,DEPARTURE,2026-09-16T13:27:12Z
HUB_DPS,BAD-TS-1,DEPARTURE,2026-09-01T03:00:00Z
HUB_SMG,PKG-00137,DEPARTURE,2026-09-22T13:29:36Z
HUB_BDG,PKG-00211,DEPARTURE,2026-09-07T02:03:24Z
HUB_MKS,PKG-00170,DEPARTURE,2026-09-06T20:32:00Z
HUB_MKS,PKG-00001,DEPARTURE,2026-09-22T12:01:00Z
HUB_DPS,PKG-00156,ARRIVAL,2026-09-02T07:36:00Z
HUB_SBY,PKG-00085,ARRIVAL,2026-09-10T16:25:00Z
HUB_DPS,PKG-00047,DEPARTURE,2026-09-23T00:40:24Z
HUB_DPS,PKG-00088,ARRIVAL,2026-09-11T15:28:00Z
HUB_SBY,PKG-00084,ARRIVAL,2026-09-11T11:24:00Z
HUB_MED,PKG-00107,DEPARTURE,2026-09-20T01:17:00Z
HUB_SBY,PKG-00048,DEPARTURE,2026-09-09T16:36:36Z
HUB_BDG,PKG-00198,ARRIVAL,2026-09-04T17:18:00Z
HUB_JKT,PKG-00398,ARRIVAL,2026-09-10T21:38:00Z
HUB_BDG,PKG-00140,ARRIVAL,2026-09-06T09:20:00Z
HUB_SBY,PKG-00358,ARRIVAL,2026-09-02T00:58:00Z
HUB_SMG,PKG-00158,DEPARTURE,2026-09-24T02:36:48Z
HUB_JKT,PKG-00239,DEPARTURE,2026-09-03T14:42:12Z
HUB_DPS,PKG-00061,ARRIVAL,2026-09-08T10:01:00Z
HUB_SBY,PKG-00226,ARRIVAL,2026-09-18T15:46:00Z
HUB_JKT,PKG-00303,ARRIVAL,2026-09-16T17:03:00Z
HUB_MKS,PKG-00156,DEPARTURE,2026-09-04T02:56:24Z
HUB_MED,PKG-00173,ARRIVAL,2026-09-09T14:53:00Z
HUB_SBY,PKG-00135,DEPARTURE,2026-09-20T23:44:24Z
HUB_MKS,PKG-00013,DEPARTURE,2026-09-10T21:34:00Z
HUB_DPS,PKG-00173,DEPARTURE,2026-09-21T15:03:12Z
HUB_SMG,PKG-00241,ARRIVAL,2026-09-24T14:01:00Z
HUB_JKT,PKG-00266,ARRIVAL,2026-09-02T07:26:00Z
HUB_BDG,PKG-00105,ARRIVAL,2026-09-14T18:45:00Z
HUB_SBY,PKG-00261,ARRIVAL,2026-09-02T21:21:00Z
HUB_BDG,PKG-00074,ARRIVAL,2026-09-06T17:14:00Z
HUB_SBY,PKG-00292,ARRIVAL,2026-09-05T11:52:00Z
HUB_BDG,PKG-00125,DEPARTURE,2026-09-10T13:45:48Z
HUB_SBY,PKG-00000,DEPARTURE,2026-09-17T01:49:12Z
HUB_MED,MISS-A-1,DEPARTURE,2026-09-01T03:00:00Z
HUB_SBY,PKG-00256,DEPARTURE,2026-09-09T16:39:24Z
HUB_SBY,PKG-00235,DEPARTURE,2026-09-25T06:45:24Z
HUB_SBY,PKG-00291,ARRIVAL,2026-09-23T12:51:00Z
HUB_BDG,PKG-00288,ARRIVAL,2026-09-02T08:48:00Z
HUB_JKT,PKG-00167,DEPARTURE,2026-09-13T07:07:24Z
HUB_SMG,PKG-00154,DEPARTURE,2026-09-18T23:14:12Z
HUB_MED,PKG-00079,DEPARTURE,2026-09-05T22:39:24Z
HUB_BDG,AMBIGUOUS,ARRIVAL,2026-09-01T00:00:00Z
HUB_JKT,PKG-00200,DEPARTURE,2026-09-08T14:45:48Z
HUB_JKT,PKG-00247,ARRIVAL,2026-09-02T10:07:00Z
HUB_SBY,PKG-00284,ARRIVAL,2026-09-02T22:44:00Z
HUB_JKT,PKG-00105,ARRIVAL,2026-09-19T04:45:00Z
HUB_SBY,PKG-00312,ARRIVAL,2026-09-10T08:12:00Z
HUB_DPS,PKG-00161,DEPARTURE,2026-09-22T16:48:48Z
HUB_SBY,PKG-00290,ARRIVAL,2026-09-22T22:50:00Z
HUB_SBY,PKG-00371,ARRIVAL,2026-09-08T16:11:00Z
HUB_JKT,PKG-00323,ARRIVAL,2026-09-20T19:23:00Z
HUB_JKT,PKG-00046,ARRIVAL,2026-09-20T21:46:00Z
HUB_JKT,PKG-00192,DEPARTURE,2026-09-21T16:24:00Z
HUB_MKS,PKG-00182,DEPARTURE,2026-09-24T07:20:36Z
HUB_SBY,PKG-00158,DEPARTURE,2026-09-06T22:01:24Z
HUB_BDG,PKG-00145,ARRIVAL,2026-09-13T10:25:00Z
HUB_SMG,PKG-00175,ARRIVAL,2026-09-21T09:55:00Z
HUB_BDG,PKG-00274,ARRIVAL,2026-09-07T18:34:00Z
HUB_MED,PKG-00000,ARRIVAL,2026-09-13T03:00:00Z
HUB_DPS,PKG-00165,ARRIVAL,2026-09-01T07:45:00Z
HUB_JKT,PKG-00386,ARRIVAL,2026-09-20T16:26:00Z
HUB_JKT,PKG-00491,DEPARTURE,2026-09-09T01:43:24Z
HUB_MKS,PKG-00333,DEPARTURE,2026-09-20T04:39:00Z
HUB_DPS,PKG-00125,DEPARTURE,2026-09-22T08:55:24Z
HUB_MED,PKG-00169,ARRIVAL,2026-09-21T22:49:00Z
HUB_MKS,PKG-00212,DEPARTURE,2026-09-08T01:05:00Z
HUB_SMG,PKG-00248,ARRIVAL,2026-09-25T07:08:00Z
HUB_SBY,PKG-00202,DEPARTURE,2026-09-24T20:56:48Z
HUB_SMG,PKG-00055,ARRIVAL,2026-09-07T04:55:00Z
HUB_SMG,PKG-00055,DEPARTURE,2026-09-07T13:43:36Z
HUB_MKS,PKG-00099,DEPARTURE,2026-09-07T16:42:00Z
HUB_JKT,PKG-00353,ARRIVAL,2026-09-05T17:53:00Z
HUB_SMG,PKG-00026,DEPARTURE,2026-09-08T23:18:12Z
HUB_MKS,PKG-00347,ARRIVAL,2026-09-13T18:47:00Z
HUB_SMG,PKG-00025,DEPARTURE,2026-09-02T02:56:48Z
HUB_MKS,PKG-00134,DEPARTURE,2026-09-19T14:47:00Z
HUB_JKT,PKG-00258,ARRIVAL,2026-09-06T08:18:00Z
HUB_BDG,PKG-00278,DEPARTURE,2026-09-16T14:15:48Z
HUB_DPS,PKG-00091,DEPARTURE,2026-09-22T17:40:36Z
HUB_JKT,PKG-00279,DEPARTURE,2026-09-17T16:20:24Z
HUB_JKT,PKG-00080,DEPARTURE,2026-09-24T14:02:00Z
HUB_MED,PKG-00099,ARRIVAL,2026-09-03T03:39:00Z
HUB_MED,PKG-00011,DEPARTURE,2026-09-18T08:00:48Z
HUB_SBY,PKG-00377,ARRIVAL,2026-09-04T11:17:00Z
HUB_DPS,PKG-00146,DEPARTURE,2026-09-10T18:25:24Z
HUB_MKS,PKG-00302,ARRIVAL,2026-09-08T07:02:00Z
HUB_MED,PKG-00147,DEPARTURE,2026-09-22T02:54:00Z
HUB_JKT,PKG-00135,DEPARTURE,2026-09-17T17:25:48Z
HUB_SBY,PKG-00344,DEPARTURE,2026-09-13T19:59:00Z
HUB_SMG,PKG-00230,DEPARTURE,2026-09-16T19:53:36Z
HUB_MKS,PKG-00082,ARRIVAL,2026-09-18T19:22:00Z
HUB_BDG,PKG-00029,DEPARTURE,2026-09-17T09:15:12Z
HUB_SMG,PKG-00127,ARRIVAL,2026-09-12T14:07:00Z
HUB_DPS,PKG-00133,DEPARTURE,2026-09-23T17:08:12Z
HUB_SBY,PKG-00013,DEPARTURE,2026-09-06T08:10:00Z
HUB_BDG,PKG-00085,DEPARTURE,2026-09-18T02:24:24Z
HUB_MKS,PKG-00339,DEPARTURE,2026-09-02T16:38:24Z
HUB_JKT,PKG-00411,ARRIVAL,2026-09-19T22:51:00Z
HUB_DPS,PKG-00020,ARRIVAL,2026-09-18T07:20:00Z
HUB_SMG,MISS-A-1,DEPARTURE,2026-09-01T03:00:00Z
HUB_JKT,PKG-00124,DEPARTURE,2026-09-17T12:55:36Z
HUB_MED,PKG-00064,DEPARTURE,2026-09-09T22:04:36Z
HUB_MKS,PKG-00047,DEPARTURE,2026-09-02T17:22:24Z
HUB_JKT,PKG-00185,DEPARTURE,2026-09-06T01:40:24Z
HUB_DPS,PKG-00100,DEPARTURE,2026-09-16T17:19:36Z
HUB_SMG,PKG-00018,DEPARTURE,2026-09-05T17:42:36Z
HUB_MKS,PKG-00126,ARRIVAL,2026-09-04T02:06:00Z
HUB_SBY,PKG-00296,ARRIVAL,2026-09-10T19:56:00Z
HUB_SBY,PKG-00131,DEPARTURE,2026-09-19T15:11:00Z
HUB_JKT,PKG-00156,DEPARTURE,2026-09-24T01:37:48Z
HUB_MKS,PKG-00239,DEPARTURE,2026-09-12T03:37:24Z
HUB_SBY,PKG-00392,DEPARTURE,2026-09-23T09:52:24Z
HUB_BDG,PKG-00041,ARRIVAL,2026-09-18T09:41:00Z
HUB_SBY,PKG-00363,ARRIVAL,2026-09-06T19:03:00Z
HUB_MKS,PKG-00026,ARRIVAL,2026-09-18T07:26:00Z
HUB_DPS,PKG-00155,ARRIVAL,2026-09-20T14:35:00Z
HUB_JKT,PKG-00308,ARRIVAL,2026-09-23T19:08:00Z
HUB_BDG,PKG-00247,DEPARTURE,2026-09-14T03:08:48Z
HUB_SBY,PKG-00077,DEPARTURE,2026-09-25T20:45:48Z
HUB_SMG,PKG-00017,ARRIVAL,2026-09-23T21:17:00Z
HUB_BDG,PKG-00137,DEPARTURE,2026-09-19T18:31:24Z
HUB_BDG,PKG-00209,DEPARTURE,2026-09-18T02:08:36Z
HUB_SBY,PKG-00080,ARRIVAL,2026-09-12T23:20:00Z
HUB_DPS,PKG-00150,DEPARTURE,2026-09-13T19:40:48Z
HUB_SBY,PKG-00033,ARRIVAL,2026-09-21T18:33:00Z
HUB_BDG,PKG-00107,DEPARTURE,2026-09-12T08:50:00Z
HUB_SMG,PKG-00009,ARRIVAL,2026-09-09T11:09:00Z
HUB_JKT,PKG-00336,ARRIVAL,2026-09-24T19:36:00Z
HUB_JKT,PKG-00463,DEPARTURE,2026-09-01T09:30:24Z
HUB_SMG,PKG-00180,DEPARTURE,2026-09-25T00:09:36Z
HUB_DPS,PKG-00129,DEPARTURE,2026-09-04T20:25:12Z
HUB_SBY,PKG-00243,DEPARTURE,2026-09-13T07:54:00Z
HUB_SMG,PKG-00056,ARRIVAL,2026-09-21T00:56:00Z
HUB_SBY,PKG-00212,DEPARTURE,2026-09-25T00:34:24Z
HUB_SMG,PKG-00207,ARRIVAL,2026-09-07T14:27:00Z
HUB_JKT,PKG-00186,ARRIVAL,2026-09-21T18:06:00Z
HUB_MKS,PKG-00210,ARRIVAL,2026-09-19T01:30:00Z
HUB_DPS,PKG-00061,DEPARTURE,2026-09-08T18:14:12Z
HUB_SMG,PKG-00028,ARRIVAL,2026-09-04T04:28:00Z
HUB_BDG,PKG-00258,ARRIVAL,2026-09-06T12:18:00Z
HUB_MED,PKG-00008,ARRIVAL,2026-09-09T23:08:00Z
HUB_SMG,PKG-00125,ARRIVAL,2026-09-09T02:05:00Z
HUB_BDG,PKG-00294,DEPARTURE,2026-09-17T22:50:24Z
HUB_SBY,PKG-00101,DEPARTURE,2026-09-16T00:17:36Z
HUB_JKT,PKG-00297,ARRIVAL,2026-09-09T21:57:00Z
HUB_SBY,PKG-00081,DEPARTURE,2026-09-12T16:31:12Z
HUB_JKT,PKG-00112,DEPARTURE,2026-09-11T07:35:48Z
HUB_MKS,PKG-00328,DEPARTURE,2026-09-18T00:08:48Z
HUB_JKT,PKG-00322,ARRIVAL,2026-09-11T01:22:00Z
HUB_MKS,PKG-00029,DEPARTURE,2026-09-15T21:06:48Z
HUB_JKT,PKG-00048,ARRIVAL,2026-09-21T22:48:00Z
HUB_JKT,PKG-00428,DEPARTURE,2026-09-14T07:37:24Z
HUB_SBY,PKG-00300,ARRIVAL,2026-09-09T18:00:00Z
HUB_SBY,PKG-00086,ARRIVAL,2026-09-10T06:26:00Z
HUB_MKS,PKG-00002,ARRIVAL,2026-09-19T19:02:00Z
HUB_SBY,PKG-00016,DEPARTURE,2026-09-22T23:48:24Z
HUB_BDG,PKG-00067,DEPARTURE,2026-09-20T04:10:00Z
HUB_SMG,PKG-00012,ARRIVAL,2026-09-21T08:12:00Z
HUB_SBY,PKG-00106,ARRIVAL,2026-09-24T07:46:00Z
HUB_MKS,PKG-00031,DEPARTURE,2026-09-12T12:17:12Z
HUB_DPS,PKG-00141,DEPARTURE,2026-09-18T17:39:00Z
HUB_BDG,PKG-00202,ARRIVAL,2026-09-20T16:22:00Z
HUB_SBY,PKG-00033,DEPARTURE,2026-09-21T23:57:36Z
HUB_JKT,PKG-00218,DEPARTURE,2026-09-07T04:33:48Z
HUB_SMG,PKG-00107,ARRIVAL,2026-09-01T12:47:00Z
HUB_DPS,PKG-00046,ARRIVAL,2026-09-25T20:46:00Z
HUB_MKS,PKG-00277,DEPARTURE,2026-09-20T16:42:24Z
HUB_MED,PKG-00067,ARRIVAL,2026-09-09T11:07:00Z
HUB_MKS,PKG-00019,DEPARTURE,2026-09-13T11:12:24Z
HUB_SBY,PKG-00058,DEPARTURE,2026-09-21T14:31:00Z
HUB_MKS,PKG-00322,DEPARTURE,2026-09-13T16:25:00Z
HUB_SBY,PKG-00243,ARRIVAL,2026-09-13T03:03:00Z
HUB_JKT,PKG-00084,ARRIVAL,2026-09-14T22:24:00Z
HUB_BDG,PKG-00150,DEPARTURE,2026-09-09T00:05:24Z
HUB_BDG,PKG-00250,ARRIVAL,2026-09-08T15:10:00Z
HUB_BDG,PKG-00262,DEPARTURE,2026-09-11T07:48:24Z
HUB_MKS,PKG-00331,ARRIVAL,2026-09-20T21:31:00Z
HUB_MKS,PKG-00197,ARRIVAL,2026-09-04T06:17:00Z
HUB_MED,PKG-00023,DEPARTURE,2026-09-22T11:26:00Z
HUB_SMG,PKG-00126,ARRIVAL,2026-09-04T12:06:00Z
HUB_SMG,PKG-00104,ARRIVAL,2026-09-23T17:44:00Z
HUB_MKS,PKG-00285,ARRIVAL,2026-09-05T04:45:00Z
HUB_DPS,PKG-00023,DEPARTURE,2026-09-02T04:34:24Z
HUB_MKS,PKG-00069,ARRIVAL,2026-09-08T17:09:00Z
HUB_JKT,PKG-00211,ARRIVAL,2026-09-19T11:31:00Z
HUB_SMG,PKG-00227,ARRIVAL,2026-09-19T02:47:00Z
HUB_BDG,PKG-00197,ARRIVAL,2026-09-07T15:17:00Z
HUB_SMG,PKG-00101,DEPARTURE,2026-09-02T10:24:12Z
HUB_DPS,PKG-00030,ARRIVAL,2026-09-23T23:30:00Z
HUB_MKS,PKG-00079,ARRIVAL,2026-09-07T09:19:00Z
HUB_SBY,REVERSE-0,DEPARTURE,2026-09-01T00:00:00Z
HUB_DPS,PKG-00149,DEPARTURE,2026-09-26T05:26:00Z
HUB_BDG,PKG-00269,ARRIVAL,2026-09-01T21:29:00Z
HUB_SBY,PKG-00263,DEPARTURE,2026-09-23T19:38:36Z
HUB_SMG,PKG-00203,ARRIVAL,2026-09-16T07:23:00Z
HUB_SMG,PKG-00029,DEPARTURE,2026-09-05T14:42:48Z
HUB_SMG,PKG-00188,ARRIVAL,2026-09-03T03:08:00Z
HUB_MED,PKG-00017,ARRIVAL,2026-09-06T17:17:00Z
HUB_BDG,PKG-00054,ARRIVAL,2026-09-02T17:54:00Z
HUB_SMG,PKG-00046,ARRIVAL,2026-09-22T14:46:00Z
HUB_SBY,PKG-00036,DEPARTURE,2026-09-07T07:25:48Z
HUB_SMG,PKG-00181,ARRIVAL,2026-09-15T20:01:00Z
HUB_JKT,PKG-00388,DEPARTURE,2026-09-22T01:47:12Z
HUB_JKT,PKG-00330,DEPARTURE,2026-09-14T04:32:24Z
HUB_BDG,PKG-00292,ARRIVAL,2026-09-05T18:52:00Z
HUB_MKS,PKG-00175,ARRIVAL,2026-09-14T18:55:00Z
HUB_BDG,PKG-00203,DEPARTURE,2026-09-07T18:32:00Z
HUB_MKS,PKG-00180,DEPARTURE,2026-09-15T17:34:12Z
HUB_BDG,PKG-00152,ARRIVAL,2026-09-22T19:32:00Z
HUB_JKT,PKG-00343,ARRIVAL,2026-09-01T12:43:00Z
HUB_SBY,PKG-00155,ARRIVAL,2026-09-07T05:35:00Z
HUB_SBY,PKG-00219,DEPARTURE,2026-09-14T22:24:36Z
HUB_JKT,PKG-00367,DEPARTURE,2026-09-23T18:28:00Z
HUB_MKS,PKG-00203,DEPARTURE,2026-09-20T00:51:12Z
HUB_BDG,PKG-00253,DEPARTURE,2026-09-25T16:29:12Z
HUB_JKT,PKG-00199,ARRIVAL,2026-09-03T07:19:00Z
HUB_JKT,PKG-00111,DEPARTURE,2026-09-13T18:41:24Z
HUB_SBY,PKG-00199,DEPARTURE,2026-09-05T17:05:12Z
HUB_MED,PKG-00002,ARRIVAL,2026-09-04T16:02:00Z
HUB_DPS,PKG-00058,ARRIVAL,2026-09-24T05:58:00Z
HUB_MKS,PKG-00001,ARRIVAL,2026-09-22T00:01:00Z
HUB_SMG,PKG-00113,ARRIVAL,2026-09-12T07:53:00Z
HUB_SBY,PKG-00037,DEPARTURE,2026-09-09T17:33:24Z
HUB_SMG,PKG-00185,ARRIVAL,2026-09-25T21:05:00Z
HUB_DPS,PKG-00192,ARRIVAL,2026-09-16T04:12:00Z
HUB_SMG,UNKNOWN,SCAN_OTHER,2026-09-01T00:00:00Z
HUB_SBY,PKG-00060,ARRIVAL,2026-09-08T22:00:00Z
HUB_JKT,PKG-00425,ARRIVAL,2026-09-02T16:05:00Z
HUB_JKT,PKG-00352,ARRIVAL,2026-09-03T17:52:00Z
HUB_SBY,PKG-00109,DEPARTURE,2026-09-13T00:59:12Z
HUB_SBY,PKG-00147,DEPARTURE,2026-09-15T10:26:24Z
HUB_MKS,PKG-00066,DEPARTURE,2026-09-10T12:37:12Z
HUB_MED,PKG-00179,ARRIVAL,2026-09-06T18:59:00Z
HUB_JKT,PKG-00472,ARRIVAL,2026-09-07T05:52:00Z
HUB_SBY,PKG-00254,DEPARTURE,2026-09-20T04:41:36Z
HUB_BDG,PKG-00094,DEPARTURE,2026-09-12T08:07:36Z
HUB_JKT,PKG-00240,ARRIVAL,2026-09-06T07:00:00Z
HUB_SBY,PKG-00382,DEPARTURE,2026-09-15T05:43:36Z
HUB_SBY,PKG-00301,DEPARTURE,2026-09-02T20:12:24Z
HUB_DPS,PKG-00000,ARRIVAL,2026-09-09T15:00:00Z
HUB_DPS,PKG-00099,DEPARTURE,2026-09-07T19:23:24Z
HUB_BDG,PKG-00044,ARRIVAL,2026-09-07T06:44:00Z
HUB_JKT,PKG-00481,ARRIVAL,2026-09-02T12:01:00Z
HUB_SMG,UNKNOWN,ARRIVAL,2026-09-01T00:00:00Z
HUB_JKT,PKG-00184,DEPARTURE,2026-09-24T08:28:00Z
HUB_SMG,PKG-00044,DEPARTURE,2026-09-18T21:28:24Z
HUB_SBY,PKG-00137,DEPARTURE,2026-09-06T11:01:24Z
HUB_MED,PKG-00177,DEPARTURE,2026-09-15T16:31:12Z
HUB_DPS,PKG-00072,ARRIVAL,2026-09-05T06:12:00Z
HUB_MED,REVERSE-0,DEPARTURE,2026-09-01T00:00:00Z
HUB_REMOTE,UNKNOWN,SCAN_OTHER,2026-09-01T00:00:00Z
HUB_JKT,PKG-00282,DEPARTURE,2026-09-23T09:32:24Z
HUB_JKT,PKG-00177,ARRIVAL,2026-09-20T03:57:00Z
HUB_MKS,PKG-00207,DEPARTURE,2026-09-14T00:17:24Z
HUB_SBY,PKG-00207,DEPARTURE,2026-09-20T17:26:24Z
HUB_JKT,PKG-00119,ARRIVAL,2026-09-06T12:59:00Z
HUB_MKS,PKG-00110,ARRIVAL,2026-09-12T11:50:00Z
HUB_JKT,PKG-00114,ARRIVAL,2026-09-23T18:54:00Z
HUB_MED,PKG-00054,ARRIVAL,2026-09-01T06:54:00Z
HUB_DPS,PKG-00122,ARRIVAL,2026-09-05T18:02:00Z
HUB_MED,PKG-00124,ARRIVAL,2026-09-14T10:04:00Z
HUB_MKS,PKG-00305,ARRIVAL,2026-09-18T15:05:00Z
HUB_MKS,PKG-00315,ARRIVAL,2026-09-17T08:15:00Z
HUB_SBY,PKG-00330,ARRIVAL,2026-09-06T22:30:00Z
HUB_SBY,PKG-00067,DEPARTURE,2026-09-13T02:21:24Z
HUB_JKT,PKG-00255,DEPARTURE,2026-09-11T17:18:00Z
HUB_MKS,PKG-00337,DEPARTURE,2026-09-19T08:46:36Z
HUB_JKT,PKG-00145,ARRIVAL,2026-09-25T05:25:00Z
HUB_JKT,PKG-00061,DEPARTURE,2026-09-11T09:35:12Z
HUB_BDG,PKG-00141,ARRIVAL,2026-09-19T02:21:00Z
HUB_DPS,PKG-00024,DEPARTURE,2026-09-24T18:07:12Z
HUB_JKT,PKG-00376,DEPARTURE,2026-09-22T22:53:48Z
HUB_JKT,PKG-00110,ARRIVAL,2026-09-06T18:50:00Z
HUB_MKS,PKG-00098,ARRIVAL,2026-09-24T07:38:00Z
HUB_MKS,PKG-00123,ARRIVAL,2026-09-19T22:03:00Z
HUB_MED,PKG-00115,DEPARTURE,2026-09-14T06:57:24Z
HUB_MED,PKG-00147,ARRIVAL,2026-09-21T22:27:00Z
HUB_SBY,PKG-00303,DEPARTURE,2026-09-18T06:30:00Z
HUB_SMG,PKG-00089,ARRIVAL,2026-09-16T10:29:00Z
HUB_BDG,PKG-00193,DEPARTURE,2026-09-06T18:25:36Z
HUB_DPS,PKG-00153,ARRIVAL,2026-09-09T06:33:00Z
HUB_BDG,PKG-00009,ARRIVAL,2026-09-10T14:09:00Z
HUB_MED,PKG-00026,DEPARTURE,2026-09-09T18:48:48Z
HUB_MKS,PKG-00261,DEPARTURE,2026-09-18T18:17:24Z
HUB_DPS,REVERSE-1,ARRIVAL,2026-09-01T03:00:00Z
HUB_MED,PKG-00118,DEPARTURE,2026-09-23T07:35:48Z
HUB_BDG,PKG-00106,ARRIVAL,2026-09-24T08:46:00Z
HUB_JKT,PKG-00364,ARRIVAL,2026-09-10T19:04:00Z
HUB_MED,PKG-00109,ARRIVAL,2026-09-22T06:49:00Z
HUB_JKT,PKG-00233,ARRIVAL,2026-09-01T07:53:00Z
HUB_SBY,PKG-00368,ARRIVAL,2026-09-07T21:08:00Z
HUB_DPS,PKG-00139,DEPARTURE,2026-09-18T09:45:24Z
HUB_SBY,PKG-00152,DEPARTURE,2026-09-09T23:12:48Z
HUB_MKS,PKG-00324,DEPARTURE,2026-09-03T00:52:12Z
HUB_JKT,PKG-00198,ARRIVAL,2026-09-15T06:18:00Z
HUB_SBY,PKG-00338,DEPARTURE,2026-09-22T15:16:24Z
HUB_BDG,PKG-00237,ARRIVAL,2026-09-10T20:57:00Z
HUB_JKT,PKG-00036,ARRIVAL,2026-09-16T14:36:00Z
HUB_SMG,PKG-00191,DEPARTURE,2026-09-19T21:23:36Z
HUB_MKS,AMBIGUOUS,DEPARTURE,2026-09-01T03:00:00Z
HUB_MKS,PKG-00311,DEPARTURE,2026-09-08T16:46:24Z
HUB_SBY,PKG-00365,DEPARTURE,2026-09-09T03:56:36Z
HUB_DPS,PKG-00174,DEPARTURE,2026-09-26T00:11:24Z
HUB_SBY,MISS-D-2,ARRIVAL,2026-09-01T00:00:00Z
HUB_JKT,PKG-00053,DEPARTURE,2026-09-15T00:51:48Z
HUB_MKS,PKG-00188,DEPARTURE,2026-09-19T13:00:12Z
HUB_SBY,MISS-A-0,DEPARTURE,2026-09-01T03:00:00Z
HUB_MED,MISS-D-4,ARRIVAL,2026-09-01T00:00:00Z
HUB_MKS,PKG-00002,DEPARTURE,2026-09-20T06:20:36Z
HUB_SBY,PKG-00165,ARRIVAL,2026-09-13T14:45:00Z
HUB_MKS,PKG-00149,ARRIVAL,2026-09-10T00:29:00Z
HUB_JKT,PKG-00340,DEPARTURE,2026-09-14T23:38:12Z
HUB_BDG,PKG-00062,ARRIVAL,2026-09-09T08:02:00Z
HUB_MED,PKG-00037,DEPARTURE,2026-09-08T14:56:12Z
HUB_MKS,PKG-00073,ARRIVAL,2026-09-07T01:13:00Z
HUB_MKS,PKG-00292,ARRIVAL,2026-09-23T07:52:00Z
HUB_BDG,PKG-00059,ARRIVAL,2026-09-24T19:59:00Z
HUB_SBY,PKG-00274,ARRIVAL,2026-09-16T04:34:00Z
HUB_SBY,PKG-00215,DEPARTURE,2026-09-14T21:07:24Z
HUB_SBY,PKG-00034,ARRIVAL,2026-09-03T07:34:00Z
HUB_JKT,PKG-00365,ARRIVAL,2026-09-16T23:05:00Z
HUB_JKT,PKG-00410,ARRIVAL,2026-09-08T23:50:00Z
HUB_SBY,PKG-00306,DEPARTURE,2026-09-12T14:56:24Z
HUB_DPS,PKG-00111,ARRIVAL,2026-09-01T01:51:00Z
HUB_BDG,PKG-00008,DEPARTURE,2026-09-15T22:26:36Z
HUB_SMG,PKG-00136,DEPARTURE,2026-09-13T20:25:00Z
HUB_SBY,PKG-00027,DEPARTURE,2026-09-23T03:34:48Z
HUB_SBY,PKG-00213,DEPARTURE,2026-09-07T16:37:12Z
HUB_MED,PKG-00084,DEPARTURE,2026-09-14T01:08:24Z
HUB_DPS,PKG-00067,ARRIVAL,2026-09-20T16:07:00Z
HUB_MED,PKG-00068,DEPARTURE,2026-09-24T18:11:00Z
HUB_BDG,PKG-00168,DEPARTURE,2026-09-25T19:07:48Z
HUB_SBY,PKG-00174,DEPARTURE,2026-09-24T14:46:48Z
HUB_SMG,PKG-00232,DEPARTURE,2026-09-10T22:44:48Z
HUB_DPS,PKG-00190,DEPARTURE,2026-09-16T08:21:24Z
HUB_MED,AMBIGUOUS,ARRIVAL,2026-09-01T00:00:00Z
HUB_MKS,PKG-00058,ARRIVAL,2026-09-25T18:58:00Z
HUB_SBY,PKG-00138,ARRIVAL,2026-09-03T14:18:00Z
HUB_SBY,PKG-00124,DEPARTURE,2026-09-14T05:29:48Z
HUB_SBY,PKG-00176,DEPARTURE,2026-09-18T13:27:12Z
HUB_SMG,PKG-00225,ARRIVAL,2026-09-19T14:45:00Z
HUB_MED,PKG-00077,DEPARTURE,2026-09-03T07:53:00Z
HUB_SBY,PKG-00025,DEPARTURE,2026-09-14T23:10:36Z
HUB_MKS,PKG-00078,ARRIVAL,2026-09-11T20:18:00Z
HUB_BDG,PKG-00235,ARRIVAL,2026-09-17T15:55:00Z
HUB_MED,PKG-00107,ARRIVAL,2026-09-19T18:47:00Z
HUB_MED,PKG-00031,DEPARTURE,2026-09-24T06:08:48Z
HUB_JKT,PKG-00413,ARRIVAL,2026-09-09T07:53:00Z
HUB_JKT,PKG-00117,DEPARTURE,2026-09-17T17:47:24Z
HUB_JKT,PKG-00010,DEPARTURE,2026-09-03T11:32:48Z
HUB_SBY,PKG-00299,ARRIVAL,2026-09-06T08:59:00Z
HUB_BDG,PKG-00098,ARRIVAL,2026-09-25T23:38:00Z
HUB_SBY,PKG-00002,DEPARTURE,2026-09-13T09:31:24Z
HUB_SMG,PKG-00166,ARRIVAL,2026-09-01T04:46:00Z
HUB_JKT,PKG-00494,ARRIVAL,2026-09-15T14:14:00Z
HUB_MKS,PKG-00283,DEPARTURE,2026-09-16T06:13:00Z
HUB_JKT,PKG-00083,ARRIVAL,2026-09-02T11:23:00Z
HUB_MKS,PKG-00042,DEPARTURE,2026-09-17T12:00:00Z
HUB_SMG,PKG-00107,DEPARTURE,2026-09-01T19:19:24Z
HUB_SMG,PKG-00141,DEPARTURE,2026-09-10T18:31:12Z
HUB_JKT,PKG-00271,DEPARTURE,2026-09-10T00:11:12Z
HUB_DPS,PKG-00077,DEPARTURE,2026-09-14T02:22:24Z
HUB_BDG,PKG-00017,DEPARTURE,2026-09-05T22:04:24Z
HUB_MKS,PKG-00062,DEPARTURE,2026-09-20T10:50:00Z
HUB_BDG,PKG-00297,DEPARTURE,2026-09-15T08:40:48Z
HUB_SMG,PKG-00001,ARRIVAL,2026-09-13T07:01:00Z
HUB_SMG,PKG-00156,DEPARTURE,2026-09-03T20:35:24Z
HUB_MKS,PKG-00131,DEPARTURE,2026-09-17T16:23:00Z
HUB_MKS,PKG-00116,DEPARTURE,2026-09-17T04:34:24Z
HUB_SMG,PKG-00170,DEPARTURE,2026-09-13T01:48:12Z
HUB_SMG,PKG-00233,ARRIVAL,2026-09-01T10:53:00Z
HUB_MKS,PKG-00218,DEPARTURE,2026-09-25T22:57:12Z
HUB_JKT,PKG-00134,DEPARTURE,2026-09-06T19:05:36Z
HUB_DPS,PKG-00173,ARRIVAL,2026-09-21T07:53:00Z
HUB_MKS,PKG-00066,ARRIVAL,2026-09-10T00:06:00Z
HUB_SBY,PKG-00018,DEPARTURE,2026-09-03T23:11:24Z
HUB_SBY,PKG-00222,DEPARTURE,2026-09-06T18:30:00Z
HUB_BDG,PKG-00217,DEPARTURE,2026-09-24T00:02:48Z
HUB_SBY,PKG-00374,ARRIVAL,2026-09-18T04:14:00Z
HUB_BDG,PKG-00231,ARRIVAL,2026-09-10T18:51:00Z
HUB_DPS,PKG-00168,ARRIVAL,2026-09-15T05:48:00Z
HUB_SMG,PKG-00004,ARRIVAL,2026-09-14T05:04:00Z
HUB_DPS,PKG-00135,ARRIVAL,2026-09-14T17:15:00Z
HUB_SBY,PKG-00023,DEPARTURE,2026-09-07T19:55:24Z
HUB_BDG,PKG-00218,DEPARTURE,2026-09-02T19:20:00Z
HUB_SBY,PKG-00266,DEPARTURE,2026-09-06T16:28:24Z
HUB_SBY,PKG-00152,ARRIVAL,2026-09-09T18:32:00Z
HUB_JKT,PKG-00464,DEPARTURE,2026-09-19T09:30:48Z
HUB_SBY,PKG-00192,DEPARTURE,2026-09-01T10:26:24Z
HUB_SBY,PKG-00382,ARRIVAL,2026-09-15T02:22:00Z
HUB_MKS,PKG-00203,ARRIVAL,2026-09-19T14:23:00Z
HUB_SMG,PKG-00099,DEPARTURE,2026-09-01T20:11:24Z
HUB_MED,PKG-00153,DEPARTURE,2026-09-07T21:25:48Z
HUB_SBY,PKG-00106,DEPARTURE,2026-09-24T11:44:12Z
HUB_SBY,PKG-00099,ARRIVAL,2026-09-21T19:39:00Z
HUB_DPS,PKG-00005,ARRIVAL,2026-09-13T21:05:00Z
HUB_BDG,PKG-00121,DEPARTURE,2026-09-08T16:55:36Z
HUB_SBY,PKG-00201,ARRIVAL,2026-09-14T07:21:00Z
HUB_MED,PKG-00140,ARRIVAL,2026-09-10T15:20:00Z
HUB_JKT,PKG-00338,ARRIVAL,2026-09-24T21:38:00Z
HUB_JKT,PKG-00417,DEPARTURE,2026-09-02T02:13:12Z
HUB_DPS,PKG-00084,ARRIVAL,2026-09-20T15:24:00Z
HUB_MKS,PKG-00185,DEPARTURE,2026-09-16T17:57:12Z
HUB_MKS,PKG-00095,DEPARTURE,2026-09-11T20:39:48Z
HUB_BDG,PKG-00056,ARRIVAL,2026-09-05T05:56:00Z
HUB_MKS,PKG-00339,ARRIVAL,2026-09-02T05:39:00Z
HUB_BDG,PKG-00226,DEPARTURE,2026-09-22T21:56:48Z
HUB_SBY,PKG-00380,ARRIVAL,2026-09-16T13:20:00Z
HUB_BDG,PKG-00229,DEPARTURE,2026-09-06T09:20:48Z
HUB_BDG,PKG-00099,ARRIVAL,2026-09-07T15:39:00Z
HUB_MKS,PKG-00127,DEPARTURE,2026-09-16T11:41:48Z
HUB_JKT,PKG-00040,ARRIVAL,2026-09-07T09:40:00Z
HUB_SMG,PKG-00109,DEPARTURE,2026-09-07T01:02:12Z
HUB_DPS,PKG-00055,DEPARTURE,2026-09-13T01:47:48Z
HUB_MKS,PKG-00254,DEPARTURE,2026-09-13T03:03:48Z
HUB_MKS,PKG-00062,ARRIVAL,2026-09-19T22:02:00Z
HUB_BDG,PKG-00224,DEPARTURE,2026-09-19T22:31:24Z
HUB_SBY,PKG-00046,ARRIVAL,2026-09-22T10:46:00Z
HUB_SBY,PKG-00216,DEPARTURE,2026-09-06T03:51:36Z
HUB_MKS,PKG-00159,DEPARTURE,2026-09-06T00:18:36Z
HUB_SBY,PKG-00189,ARRIVAL,2026-09-21T01:09:00Z
HUB_BDG,AMBIGUOUS,DEPARTURE,2026-09-01T03:00:00Z
HUB_JKT,PKG-00441,ARRIVAL,2026-09-11T18:21:00Z
HUB_MKS,PKG-00090,ARRIVAL,2026-09-13T00:30:00Z
HUB_MED,MISS-D-2,ARRIVAL,2026-09-01T00:00:00Z
HUB_JKT,PKG-00120,DEPARTURE,2026-09-25T23:54:36Z
HUB_MKS,PKG-00012,ARRIVAL,2026-09-22T07:12:00Z
HUB_DPS,PKG-00043,DEPARTURE,2026-09-26T04:40:36Z
HUB_DPS,PKG-00032,DEPARTURE,2026-09-09T14:44:36Z
HUB_MED,PKG-00017,DEPARTURE,2026-09-06T23:49:24Z
HUB_JKT,PKG-00078,DEPARTURE,2026-09-06T05:04:48Z
HUB_MKS,PKG-00024,DEPARTURE,2026-09-07T13:22:48Z
HUB_SBY,PKG-00166,DEPARTURE,2026-09-03T04:59:12Z
HUB_SBY,PKG-00024,ARRIVAL,2026-09-07T11:24:00Z
HUB_SBY,PKG-00259,ARRIVAL,2026-09-13T22:19:00Z
HUB_BDG,PKG-00157,DEPARTURE,2026-09-21T19:19:00Z
HUB_SBY,PKG-00288,ARRIVAL,2026-09-14T00:48:00Z
HUB_SBY,PKG-00341,DEPARTURE,2026-09-09T22:19:24Z
HUB_BDG,PKG-00076,ARRIVAL,2026-09-19T13:16:00Z
HUB_MED,PKG-00131,ARRIVAL,2026-09-06T10:11:00Z
HUB_JKT,PKG-00047,ARRIVAL,2026-09-20T04:47:00Z
HUB_SBY,PKG-00112,ARRIVAL,2026-09-15T06:52:00Z
HUB_JKT,PKG-00199,DEPARTURE,2026-09-03T10:23:12Z
HUB_SBY,PKG-00094,ARRIVAL,2026-09-02T16:34:00Z
HUB_BDG,PKG-00278,ARRIVAL,2026-09-16T10:38:00Z
HUB_SBY,PKG-00032,ARRIVAL,2026-09-08T03:32:00Z
HUB_BDG,PKG-00110,DEPARTURE,2026-09-17T08:07:24Z
HUB_DPS,PKG-00081,DEPARTURE,2026-09-02T10:18:00Z
HUB_BDG,PKG-00173,ARRIVAL,2026-09-14T20:53:00Z
HUB_SMG,REVERSE-0,DEPARTURE,2026-09-01T00:00:00Z
HUB_SBY,PKG-00098,DEPARTURE,2026-09-13T22:18:12Z
HUB_BDG,PKG-00002,DEPARTURE,2026-09-25T01:21:48Z
HUB_JKT,PKG-00170,DEPARTURE,2026-09-08T16:09:48Z
HUB_JKT,PKG-00444,DEPARTURE,2026-09-04T05:33:36Z
HUB_MKS,PKG-00323,ARRIVAL,2026-09-16T02:23:00Z
HUB_JKT,PKG-00480,ARRIVAL,2026-09-19T05:00:00Z
HUB_SBY,BAD-TS-1,ARRIVAL,not-a-date
HUB_SMG,PKG-00133,ARRIVAL,2026-09-18T20:13:00Z
HUB_MKS,PKG-00251,DEPARTURE,2026-09-02T06:51:48Z
HUB_JKT,PKG-00058,ARRIVAL,2026-09-08T19:58:00Z
HUB_MKS,PKG-00158,ARRIVAL,2026-09-19T23:38:00Z
HUB_DPS,PKG-00152,DEPARTURE,2026-09-14T19:53:00Z
HUB_JKT,PKG-00049,ARRIVAL,2026-09-09T10:49:00Z
HUB_DPS,PKG-00191,DEPARTURE,2026-09-20T02:47:00Z
HUB_JKT,PKG-00423,DEPARTURE,2026-09-23T06:16:48Z
HUB_DPS,PKG-00057,DEPARTURE,2026-09-07T10:01:12Z
HUB_JKT,PKG-00057,DEPARTURE,2026-09-18T14:00:36Z
HUB_SMG,PKG-00202,DEPARTURE,2026-09-01T17:13:36Z
HUB_SBY,PKG-00234,DEPARTURE,2026-09-22T04:47:24Z
HUB_DPS,PKG-00069,DEPARTURE,2026-09-13T20:43:48Z
HUB_SMG,PKG-00008,ARRIVAL,2026-09-25T02:08:00Z
HUB_JKT,PKG-00161,ARRIVAL,2026-09-12T13:41:00Z
HUB_JKT,PKG-00133,DEPARTURE,2026-09-02T19:45:24Z
HUB_JKT,PKG-00227,DEPARTURE,2026-09-24T04:50:00Z
HUB_SMG,PKG-00159,DEPARTURE,2026-09-07T00:01:48Z
HUB_SMG,PKG-00015,DEPARTURE,2026-09-09T03:01:12Z
HUB_SMG,PKG-00061,ARRIVAL,2026-09-12T04:01:00Z
HUB_MED,PKG-00015,DEPARTURE,2026-09-13T09:30:00Z
HUB_SBY,PKG-00200,DEPARTURE,2026-09-09T03:48:12Z
HUB_MKS,PKG-00251,ARRIVAL,2026-09-01T19:11:00Z
HUB_JKT,PKG-00017,DEPARTURE,2026-09-12T16:35:36Z
HUB_SBY,PKG-00285,DEPARTURE,2026-09-25T18:16:48Z
HUB_SMG,PKG-00023,ARRIVAL,2026-09-08T17:23:00Z
HUB_BDG,PKG-00143,ARRIVAL,2026-09-13T02:23:00Z
HUB_SBY,PKG-00075,ARRIVAL,2026-09-11T09:15:00Z
HUB_JKT,PKG-00356,DEPARTURE,2026-09-14T06:03:12Z
HUB_SMG,PKG-00102,ARRIVAL,2026-09-16T22:42:00Z
HUB_JKT,PKG-00062,ARRIVAL,2026-09-18T08:02:00Z
HUB_JKT,PKG-00314,DEPARTURE,2026-09-20T19:12:12Z
HUB_BDG,PKG-00071,ARRIVAL,2026-09-05T23:11:00Z
HUB_JKT,PKG-00235,ARRIVAL,2026-09-04T10:55:00Z
HUB_MKS,PKG-00141,ARRIVAL,2026-09-22T23:21:00Z
HUB_BDG,PKG-00249,ARRIVAL,2026-09-14T22:09:00Z
HUB_SBY,PKG-00049,ARRIVAL,2026-09-19T18:49:00Z
HUB_DPS,PKG-00048,ARRIVAL,2026-09-24T19:48:00Z
HUB_SMG,PKG-00099,ARRIVAL,2026-09-01T13:39:00Z
HUB_JKT,PKG-00473,ARRIVAL,2026-09-14T17:53:00Z
HUB_BDG,PKG-00215,DEPARTURE,2026-09-19T08:11:36Z
HUB_MKS,PKG-00032,DEPARTURE,2026-09-20T18:50:00Z
HUB_DPS,PKG-00115,DEPARTURE,2026-09-05T14:31:36Z
HUB_MKS,PKG-00260,ARRIVAL,2026-09-22T10:20:00Z
HUB_DPS,PKG-00002,DEPARTURE,2026-09-12T02:56:36Z
HUB_JKT,PKG-00162,ARRIVAL,2026-09-11T16:42:00Z
HUB_MKS,PKG-00181,DEPARTURE,2026-09-16T12:25:00Z
HUB_MKS,PKG-00087,DEPARTURE,2026-09-26T03:04:48Z
HUB_JKT,PKG-00498,DEPARTURE,2026-09-13T06:18:36Z
HUB_MKS,PKG-00046,DEPARTURE,2026-09-13T00:15:24Z
HUB_DPS,PKG-00059,DEPARTURE,2026-09-17T08:50:00Z
HUB_MKS,PKG-00124,ARRIVAL,2026-09-18T19:04:00Z
HUB_JKT,PKG-00092,DEPARTURE,2026-09-08T01:09:48Z
HUB_JKT,PKG-00407,DEPARTURE,2026-09-08T23:27:48Z
HUB_JKT,PKG-00497,DEPARTURE,2026-09-14T20:11:00Z
HUB_BDG,PKG-00099,DEPARTURE,2026-09-07T19:11:24Z
HUB_MED,PKG-00156,DEPARTURE,2026-09-17T17:54:36Z
HUB_SMG,PKG-00119,DEPARTURE,2026-09-05T08:51:48Z
HUB_SMG,PKG-00002,DEPARTURE,2026-09-17T16:39:48Z
HUB_SMG,PKG-00177,ARRIVAL,2026-09-04T08:57:00Z
HUB_SBY,PKG-00211,ARRIVAL,2026-09-11T23:31:00Z
HUB_BDG,REVERSE-1,DEPARTURE,2026-09-01T00:00:00Z
HUB_JKT,PKG-00082,ARRIVAL,2026-09-12T08:22:00Z
HUB_MKS,PKG-00177,DEPARTURE,2026-09-10T16:22:48Z
HUB_BDG,PKG-00279,ARRIVAL,2026-09-21T21:39:00Z
HUB_BDG,PKG-00110,ARRIVAL,2026-09-17T04:50:00Z
HUB_DPS,PKG-00167,ARRIVAL,2026-09-10T17:47:00Z
HUB_JKT,PKG-00144,ARRIVAL,2026-09-21T02:24:00Z
HUB_MKS,PKG-00006,ARRIVAL,2026-09-03T06:06:00Z
HUB_MKS,PKG-00043,DEPARTURE,2026-09-05T20:33:24Z
HUB_JKT,PKG-00202,DEPARTURE,2026-09-10T22:17:12Z
HUB_JKT,PKG-00401,DEPARTURE,2026-09-23T03:00:12Z
HUB_BDG,PKG-00171,ARRIVAL,2026-09-18T05:51:00Z
HUB_BDG,PKG-00132,ARRIVAL,2026-09-21T05:12:00Z
HUB_SMG,PKG-00027,ARRIVAL,2026-09-06T21:27:00Z
HUB_JKT,PKG-00094,DEPARTURE,2026-09-20T19:57:24Z
HUB_MKS,PKG-00231,DEPARTURE,2026-09-08T11:31:48Z
HUB_SMG,PKG-00097,ARRIVAL,2026-09-25T15:37:00Z
HUB_SBY,PKG-00188,ARRIVAL,2026-09-08T21:08:00Z
HUB_JKT,BAD-TS-1,DEPARTURE,2026-09-01T03:00:00Z
HUB_DPS,PKG-00174,ARRIVAL,2026-09-25T14:54:00Z
HUB_SBY,MISS-D-4,ARRIVAL,2026-09-01T00:00:00Z
HUB_BDG,PKG-00217,ARRIVAL,2026-09-23T20:37:00Z
HUB_MKS,UNKNOWN,DEPARTURE,2026-09-01T03:00:00Z
HUB_DPS,PKG-00137,DEPARTURE,2026-09-20T10:33:12Z
HUB_BDG,PKG-00087,DEPARTURE,2026-09-24T12:40:12Z
HUB_MKS,PKG-00267,ARRIVAL,2026-09-06T14:27:00Z
HUB_BDG,PKG-00022,DEPARTURE,2026-09-09T11:45:24Z
HUB_DPS,PKG-00176,DEPARTURE,2026-09-24T16:32:00Z
HUB_JKT,PKG-00124,ARRIVAL,2026-09-17T09:04:00Z
HUB_JKT,PKG-00154,DEPARTURE,2026-09-05T07:10:36Z
HUB_MKS,PKG-00289,ARRIVAL,2026-09-11T12:49:00Z
HUB_BDG,PKG-00014,DEPARTURE,2026-09-12T02:27:12Z
HUB_MED,PKG-00175,ARRIVAL,2026-09-21T18:55:00Z
HUB_JKT,PKG-00370,ARRIVAL,2026-09-08T07:10:00Z
HUB_JKT,PKG-00224,ARRIVAL,2026-09-16T12:44:00Z
HUB_JKT,PKG-00289,DEPARTURE,2026-09-19T19:34:36Z
HUB_JKT,PKG-00038,DEPARTURE,2026-09-10T04:16:24Z
HUB_SMG,PKG-00169,DEPARTURE,2026-09-09T10:56:12Z
HUB_DPS,PKG-00078,ARRIVAL,2026-09-05T16:18:00Z
HUB_MED,MISS-D-0,ARRIVAL,2026-09-01T00:00:00Z
HUB_SMG,PKG-00209,DEPARTURE,2026-09-06T10:07:24Z
HUB_MKS,PKG-00247,ARRIVAL,2026-09-12T16:07:00Z
HUB_MKS,PKG-00089,ARRIVAL,2026-09-15T05:29:00Z
HUB_SMG,PKG-00090,ARRIVAL,2026-09-07T18:30:00Z
HUB_BDG,PKG-00291,ARRIVAL,2026-09-23T09:51:00Z
HUB_DPS,PKG-00159,DEPARTURE,2026-09-12T11:40:48Z
HUB_SMG,PKG-00178,ARRIVAL,2026-09-21T20:58:00Z
HUB_SMG,PKG-00245,ARRIVAL,2026-09-15T04:05:00Z
HUB_JKT,PKG-00000,ARRIVAL,2026-09-08T00:00:00Z
HUB_SMG,PKG-00031,DEPARTURE,2026-09-07T12:08:12Z
HUB_BDG,PKG-00209,ARRIVAL,2026-09-17T21:29:00Z
HUB_SMG,PKG-00170,ARRIVAL,2026-09-12T17:50:00Z
HUB_JKT,PKG-00297,DEPARTURE,2026-09-10T01:06:00Z
HUB_JKT,PKG-00288,DEPARTURE,2026-09-07T09:36:36Z
HUB_SMG,PKG-00079,ARRIVAL,2026-09-04T07:19:00Z
HUB_SBY,PKG-00345,DEPARTURE,2026-09-13T10:23:24Z
HUB_MKS,PKG-00151,DEPARTURE,2026-09-14T20:41:48Z
HUB_DPS,PKG-00177,ARRIVAL,2026-09-21T07:57:00Z
HUB_SMG,PKG-00175,DEPARTURE,2026-09-21T16:01:36Z
HUB_SBY,PKG-00336,ARRIVAL,2026-09-21T09:36:00Z
HUB_SMG,PKG-00158,ARRIVAL,2026-09-23T20:38:00Z
HUB_SBY,PKG-00158,ARRIVAL,2026-09-06T18:38:00Z
HUB_BDG,PKG-00135,DEPARTURE,2026-09-09T00:24:00Z
HUB_SBY,PKG-00365,ARRIVAL,2026-09-08T21:05:00Z
HUB_DPS,PKG-00034,ARRIVAL,2026-09-04T19:34:00Z
HUB_DPS,PKG-00194,DEPARTURE,2026-09-22T11:34:24Z
HUB_SBY,PKG-00318,DEPARTURE,2026-09-21T11:00:36Z
HUB_MKS,PKG-00209,DEPARTURE,2026-09-12T19:39:48Z
HUB_JKT,PKG-00359,DEPARTURE,2026-09-22T19:17:00Z
HUB_MKS,PKG-00147,ARRIVAL,2026-09-13T00:27:00Z
HUB_SMG,PKG-00199,ARRIVAL,2026-09-21T02:19:00Z
HUB_JKT,PKG-00437,ARRIVAL,2026-09-13T21:17:00Z
HUB_JKT,PKG-00245,DEPARTURE,2026-09-04T01:19:24Z
HUB_JKT,PKG-00234,DEPARTURE,2026-09-14T11:16:12Z
HUB_DPS,PKG-00144,ARRIVAL,2026-09-17T14:24:00Z
HUB_JKT,PKG-00494,DEPARTURE,2026-09-15T18:03:12Z
HUB_MKS,PKG-00094,DEPARTURE,2026-09-07T05:08:48Z
HUB_JKT,PKG-00303,DEPARTURE,2026-09-16T20:33:36Z
HUB_DPS,PKG-00004,ARRIVAL,2026-09-11T23:04:00Z
HUB_MKS,PKG-00054,DEPARTURE,2026-09-08T03:12:36Z
HUB_BDG,PKG-00264,DEPARTURE,2026-09-08T02:33:00Z
HUB_DPS,PKG-00013,DEPARTURE,2026-09-19T07:37:00Z
HUB_SBY,PKG-00313,ARRIVAL,2026-09-17T15:13:00Z
HUB_JKT,PKG-00286,ARRIVAL,2026-09-24T12:46:00Z
HUB_SBY,PKG-00374,DEPARTURE,2026-09-18T07:23:36Z
HUB_DPS,PKG-00016,DEPARTURE,2026-09-24T11:34:00Z
HUB_SMG,PKG-00171,DEPARTURE,2026-09-19T21:27:00Z
HUB_MKS,PKG-00201,ARRIVAL,2026-09-06T18:21:00Z
HUB_SBY,PKG-00328,DEPARTURE,2026-09-25T12:19:00Z
HUB_MKS,PKG-00249,ARRIVAL,2026-09-22T19:09:00Z
HUB_SBY,PKG-00332,ARRIVAL,2026-09-02T14:32:00Z
HUB_MKS,PKG-00274,ARRIVAL,2026-09-17T23:34:00Z
HUB_SBY,PKG-00270,ARRIVAL,2026-09-23T16:30:00Z
HUB_SMG,PKG-00229,ARRIVAL,2026-09-22T23:49:00Z
HUB_BDG,PKG-00247,ARRIVAL,2026-09-14T00:07:00Z
HUB_JKT,PKG-00076,DEPARTURE,2026-09-05T23:49:00Z
HUB_SBY,AMBIGUOUS,ARRIVAL,2026-09-01T00:00:00Z
HUB_JKT,PKG-00468,DEPARTURE,2026-09-02T14:34:48Z
HUB_SBY,PKG-00157,ARRIVAL,2026-09-11T00:37:00Z
HUB_JKT,,DEPARTURE,2026-09-01T00:00:00Z
HUB_BDG,PKG-00126,ARRIVAL,2026-09-08T08:06:00Z
HUB_JKT,PKG-00219,ARRIVAL,2026-09-14T09:39:00Z
HUB_MKS,PKG-00265,ARRIVAL,2026-09-17T10:25:00Z
HUB_SBY,REVERSE-0,ARRIVAL,2026-09-01T03:00:00Z
HUB_JKT,PKG-00166,ARRIVAL,2026-09-14T11:46:00Z
HUB_BDG,PKG-00165,ARRIVAL,2026-09-24T14:45:00Z
HUB_MKS,PKG-00167,ARRIVAL,2026-09-12T06:47:00Z
HUB_DPS,PKG-00026,DEPARTURE,2026-09-21T01:42:48Z
HUB_SBY,PKG-00325,ARRIVAL,2026-09-08T21:25:00Z
HUB_JKT,PKG-00498,ARRIVAL,2026-09-13T03:18:00Z
HUB_SMG,PKG-00011,ARRIVAL,2026-09-11T03:11:00Z
HUB_SBY,PKG-00093,ARRIVAL,2026-09-09T19:33:00Z
HUB_SBY,PKG-00124,ARRIVAL,2026-09-14T01:04:00Z
HUB_DPS,PKG-00080,ARRIVAL,2026-09-21T18:20:00Z
HUB_BDG,PKG-00149,DEPARTURE,2026-09-05T04:58:24Z
HUB_SBY,PKG-00324,ARRIVAL,2026-09-23T10:24:00Z
HUB_MED,PKG-00159,DEPARTURE,2026-09-03T18:27:00Z
HUB_SBY,PKG-00350,ARRIVAL,2026-09-10T21:50:00Z
HUB_DPS,AMBIGUOUS,ARRIVAL,2026-09-01T01:00:00Z
HUB_BDG,PKG-00268,ARRIVAL,2026-09-03T02:28:00Z
HUB_MKS,PKG-00158,DEPARTURE,2026-09-20T08:39:12Z
HUB_BDG,PKG-00070,DEPARTURE,2026-09-01T21:31:00Z
HUB_SBY,PKG-00334,ARRIVAL,2026-09-20T02:34:00Z
HUB_JKT,PKG-00361,ARRIVAL,2026-09-07T19:01:00Z
HUB_MKS,PKG-00240,DEPARTURE,2026-09-23T10:37:12Z
HUB_MKS,PKG-00093,ARRIVAL,2026-09-07T22:33:00Z
HUB_MKS,PKG-00221,ARRIVAL,2026-09-04T03:41:00Z
HUB_BDG,PKG-00026,DEPARTURE,2026-09-24T06:08:36Z
HUB_JKT,PKG-00326,ARRIVAL,2026-09-20T15:26:00Z
HUB_SMG,PKG-00031,ARRIVAL,2026-09-07T06:31:00Z
HUB_MED,PKG-00118,ARRIVAL,2026-09-23T02:58:00Z
HUB_DPS,PKG-00011,DEPARTURE,2026-09-21T14:58:24Z
HUB_JKT,PKG-00120,ARRIVAL,2026-09-25T20:00:00Z
HUB_SBY,PKG-00072,DEPARTURE,2026-09-10T18:51:00Z
HUB_DPS,PKG-00154,ARRIVAL,2026-09-03T15:34:00Z
HUB_JKT,PKG-00089,ARRIVAL,2026-09-08T10:29:00Z
HUB_SMG,PKG-00000,DEPARTURE,2026-09-21T00:47:24Z
HUB_MKS,PKG-00297,ARRIVAL,2026-09-08T17:57:00Z
HUB_JKT,PKG-00336,DEPARTURE,2026-09-24T22:31:48Z
HUB_SBY,PKG-00384,DEPARTURE,2026-09-15T05:04:48Z
HUB_SBY,PKG-00032,DEPARTURE,2026-09-08T08:05:00Z
HUB_SBY,PKG-00294,DEPARTURE,2026-09-18T13:34:12Z
HUB_MKS,PKG-00075,ARRIVAL,2026-09-15T02:15:00Z
HUB_SMG,PKG-00208,DEPARTURE,2026-09-13T19:28:00Z
HUB_SBY,PKG-00116,DEPARTURE,2026-09-06T19:06:12Z
HUB_MKS,PKG-00261,ARRIVAL,2026-09-18T06:21:00Z
HUB_SBY,PKG-00087,DEPARTURE,2026-09-13T20:37:48Z
HUB_JKT,PKG-00257,DEPARTURE,2026-09-12T00:19:24Z
HUB_JKT,PKG-00253,ARRIVAL,2026-09-08T08:13:00Z
HUB_MKS,PKG-00010,ARRIVAL,2026-09-13T01:10:00Z
HUB_JKT,PKG-00237,DEPARTURE,2026-09-12T03:53:24Z
HUB_JKT,PKG-00111,ARRIVAL,2026-09-13T14:51:00Z
HUB_DPS,PKG-00087,DEPARTURE,2026-09-24T23:31:12Z
HUB_BDG,MISS-A-4,DEPARTURE,2026-09-01T03:00:00Z
HUB_DPS,PKG-00050,DEPARTURE,2026-09-14T22:09:48Z
HUB_SBY,PKG-00029,DEPARTURE,2026-09-09T15:18:48Z
HUB_SBY,PKG-00005,ARRIVAL,2026-09-20T05:05:00Z
HUB_SBY,PKG-00356,DEPARTURE,2026-09-07T17:11:00Z
HUB_DPS,PKG-00065,ARRIVAL,2026-09-19T06:05:00Z
HUB_MKS,PKG-00052,DEPARTURE,2026-09-11T12:30:24Z
HUB_DPS,PKG-00108,DEPARTURE,2026-09-04T02:24:00Z
HUB_MKS,PKG-00244,DEPARTURE,2026-09-18T16:28:36Z
HUB_SMG,PKG-00074,ARRIVAL,2026-09-23T11:14:00Z
HUB_SBY,PKG-00298,DEPARTURE,2026-09-01T13:38:12Z
HUB_MKS,PKG-00279,ARRIVAL,2026-09-22T09:39:00Z
HUB_SMG,PKG-00135,ARRIVAL,2026-09-19T00:15:00Z
HUB_DPS,MISS-D-3,ARRIVAL,2026-09-01T00:00:00Z
HUB_MKS,PKG-00144,DEPARTURE,2026-09-03T19:12:00Z
HUB_MKS,PKG-00287,DEPARTURE,2026-09-17T08:59:00Z
HUB_JKT,PKG-00453,ARRIVAL,2026-09-17T03:33:00Z
HUB_BDG,PKG-00204,DEPARTURE,2026-09-14T22:07:12Z
HUB_SBY,PKG-00119,DEPARTURE,2026-09-18T06:29:00Z
HUB_JKT,PKG-00122,DEPARTURE,2026-09-13T15:50:00Z
HUB_JKT,PKG-00204,DEPARTURE,2026-09-10T19:23:24Z
HUB_MKS,PKG-00280,DEPARTURE,2026-09-13T15:43:00Z
HUB_BDG,PKG-00251,DEPARTURE,2026-09-05T22:59:36Z
HUB_SMG,PKG-00169,ARRIVAL,2026-09-09T04:49:00Z
HUB_MED,PKG-00043,DEPARTURE,2026-09-15T19:23:12Z
HUB_MKS,PKG-00200,ARRIVAL,2026-09-20T04:20:00Z
HUB_SMG,PKG-00074,DEPARTURE,2026-09-23T19:41:36Z
HUB_JKT,PKG-00177,DEPARTURE,2026-09-20T07:30:36Z
HUB_SMG,PKG-00082,ARRIVAL,2026-09-03T10:22:00Z
HUB_MKS,PKG-00119,DEPARTURE,2026-09-13T10:36:12Z
HUB_JKT,PKG-00193,DEPARTURE,2026-09-04T12:23:12Z
HUB_DPS,PKG-00004,DEPARTURE,2026-09-12T08:53:12Z
HUB_MKS,PKG-00095,ARRIVAL,2026-09-11T10:35:00Z
HUB_SBY,PKG-00020,DEPARTURE,2026-09-15T12:34:24Z
HUB_MKS,PKG-00098,DEPARTURE,2026-09-24T19:48:12Z
HUB_DPS,PKG-00030,DEPARTURE,2026-09-24T07:37:12Z
HUB_JKT,PKG-00116,ARRIVAL,2026-09-07T22:56:00Z
HUB_SBY,PKG-00063,ARRIVAL,2026-09-02T22:03:00Z
HUB_JKT,BAD-TS-0,DEPARTURE,2026-09-01T03:00:00Z
HUB_JKT,PKG-00351,ARRIVAL,2026-09-07T22:51:00Z
HUB_BDG,PKG-00165,DEPARTURE,2026-09-24T18:43:12Z
HUB_BDG,PKG-00034,DEPARTURE,2026-09-03T03:44:48Z
HUB_JKT,PKG-00241,DEPARTURE,2026-09-22T01:30:24Z
HUB_SBY,PKG-00136,DEPARTURE,2026-09-17T20:55:36Z
HUB_BDG,PKG-00045,DEPARTURE,2026-09-11T03:08:24Z
HUB_MED,PKG-00035,DEPARTURE,2026-09-11T22:40:24Z
HUB_DPS,PKG-00082,DEPARTURE,2026-09-05T12:07:00Z
HUB_MKS,PKG-00083,DEPARTURE,2026-09-10T23:32:36Z
HUB_SMG,PKG-00238,ARRIVAL,2026-09-02T16:58:00Z
HUB_JKT,PKG-00182,ARRIVAL,2026-09-22T22:02:00Z
HUB_JKT,PKG-00148,ARRIVAL,2026-09-02T00:28:00Z
HUB_MKS,PKG-00136,DEPARTURE,2026-09-21T22:07:00Z
HUB_MED,PKG-00021,DEPARTURE,2026-09-17T23:52:48Z
HUB_BDG,PKG-00205,DEPARTURE,2026-09-14T20:59:48Z
HUB_DPS,PKG-00103,ARRIVAL,2026-09-18T15:43:00Z
HUB_MED,PKG-00041,DEPARTURE,2026-09-19T19:30:48Z
HUB_JKT,PKG-00368,DEPARTURE,2026-09-18T06:38:36Z
HUB_DPS,PKG-00006,ARRIVAL,2026-09-04T23:06:00Z
HUB_MKS,PKG-00331,DEPARTURE,2026-09-21T07:52:36Z
HUB_MED,PKG-00157,ARRIVAL,2026-09-17T02:37:00Z
HUB_BDG,PKG-00145,DEPARTURE,2026-09-13T14:10:00Z
HUB_JKT,PKG-00380,DEPARTURE,2026-09-06T16:17:00Z
HUB_SMG,PKG-00127,DEPARTURE,2026-09-12T22:04:00Z
HUB_JKT,PKG-00099,DEPARTURE,2026-09-06T03:46:48Z
HUB_SBY,PKG-00172,ARRIVAL,2026-09-13T07:52:00Z
HUB_MED,PKG-00021,ARRIVAL,2026-09-17T17:21:00Z
HUB_JKT,PKG-00009,DEPARTURE,2026-09-15T07:13:12Z
HUB_SBY,PKG-00019,ARRIVAL,2026-09-14T06:19:00Z
HUB_MKS,PKG-00138,DEPARTURE,2026-09-01T23:50:24Z
HUB_JKT,PKG-00158,DEPARTURE,2026-09-11T12:23:00Z
HUB_SMG,PKG-00176,ARRIVAL,2026-09-21T09:56:00Z
HUB_BDG,PKG-00273,ARRIVAL,2026-09-14T15:33:00Z
HUB_MED,PKG-00101,DEPARTURE,2026-09-15T23:14:36Z
HUB_SMG,PKG-00114,ARRIVAL,2026-09-18T13:54:00Z
HUB_SMG,PKG-00098,ARRIVAL,2026-09-09T00:38:00Z
HUB_SBY,PKG-00295,ARRIVAL,2026-09-25T22:55:00Z
HUB_JKT,PKG-00274,DEPARTURE,2026-09-07T20:48:24Z
HUB_JKT,PKG-00121,DEPARTURE,2026-09-01T18:02:48Z
HUB_JKT,PKG-00075,DEPARTURE,2026-09-20T04:15:36Z
HUB_BDG,PKG-00000,ARRIVAL,2026-09-13T03:00:00Z
HUB_JKT,PKG-00089,DEPARTURE,2026-09-08T13:17:00Z
HUB_JKT,PKG-00401,ARRIVAL,2026-09-23T00:41:00Z
HUB_REMOTE,MISS-D-2,ARRIVAL,2026-09-01T00:00:00Z
HUB_SBY,PKG-00094,DEPARTURE,2026-09-02T22:38:48Z
HUB_DPS,PKG-00017,DEPARTURE,2026-09-21T05:33:48Z
HUB_JKT,PKG-00499,ARRIVAL,2026-09-18T16:19:00Z
HUB_REMOTE,AMBIGUOUS,ARRIVAL,2026-09-01T01:00:00Z
HUB_MED,PKG-00099,DEPARTURE,2026-09-03T10:37:12Z
HUB_DPS,PKG-00038,DEPARTURE,2026-09-17T01:17:36Z
HUB_JKT,PKG-00318,DEPARTURE,2026-09-18T20:55:48Z
HUB_JKT,PKG-00099,ARRIVAL,2026-09-06T00:39:00Z
HUB_MKS,PKG-00054,ARRIVAL,2026-09-07T14:54:00Z
HUB_BDG,PKG-00273,DEPARTURE,2026-09-14T18:36:00Z
HUB_MED,PKG-00047,ARRIVAL,2026-09-03T19:47:00Z
HUB_MKS,PKG-00310,DEPARTURE,2026-09-09T10:34:36Z
HUB_SMG,PKG-00093,ARRIVAL,2026-09-06T01:33:00Z
HUB_BDG,PKG-00282,DEPARTURE,2026-09-03T16:10:12Z
HUB_BDG,PKG-00001,DEPARTURE,2026-09-21T10:16:36Z
HUB_SBY,PKG-00208,ARRIVAL,2026-09-15T21:28:00Z
HUB_MKS,PKG-00016,DEPARTURE,2026-09-21T21:41:48Z
HUB_SBY,PKG-00128,DEPARTURE,2026-09-12T13:45:12Z
HUB_MKS,PKG-00079,DEPARTURE,2026-09-07T20:45:24Z
HUB_BDG,PKG-00091,ARRIVAL,2026-09-20T23:31:00Z
HUB_SMG,PKG-00187,DEPARTURE,2026-09-15T20:44:12Z
HUB_JKT,PKG-00324,ARRIVAL,2026-09-01T11:24:00Z
HUB_DPS,PKG-00136,ARRIVAL,2026-09-03T05:16:00Z
HUB_MED,PKG-00169,DEPARTURE,2026-09-22T05:14:48Z
HUB_SBY,PKG-00064,DEPARTURE,2026-09-11T06:22:36Z
HUB_SMG,PKG-00222,ARRIVAL,2026-09-20T21:42:00Z
HUB_MED,PKG-00176,ARRIVAL,2026-09-14T16:56:00Z
HUB_DPS,PKG-00130,DEPARTURE,2026-09-14T07:09:24Z
HUB_MED,PKG-00104,ARRIVAL,2026-09-17T04:44:00Z
HUB_JKT,PKG-00488,DEPARTURE,2026-09-18T21:45:48Z
HUB_SBY,PKG-00326,DEPARTURE,2026-09-05T23:35:36Z
HUB_JKT,PKG-00474,ARRIVAL,2026-09-24T00:54:00Z
HUB_SBY,PKG-00096,DEPARTURE,2026-09-16T10:16:12Z
HUB_DPS,PKG-00000,ARRIVAL,2026-09-09T15:00:00Z
HUB_MKS,PKG-00004,ARRIVAL,2026-09-25T18:04:00Z
HUB_MED,PKG-00050,DEPARTURE,2026-09-11T16:12:12Z
HUB_BDG,PKG-00045,ARRIVAL,2026-09-10T23:45:00Z
HUB_MKS,PKG-00129,DEPARTURE,2026-09-07T14:52:48Z
HUB_JKT,PKG-00005,DEPARTURE,2026-09-05T07:48:12Z
HUB_MKS,PKG-00311,ARRIVAL,2026-09-08T07:11:00Z
HUB_BDG,PKG-00019,ARRIVAL,2026-09-02T19:19:00Z
HUB_SBY,PKG-00164,DEPARTURE,2026-09-03T07:16:24Z
HUB_MKS,PKG-00162,ARRIVAL,2026-09-08T10:42:00Z
HUB_DPS,PKG-00045,ARRIVAL,2026-09-12T21:45:00Z
HUB_MKS,PKG-00132,DEPARTURE,2026-09-21T11:32:24Z
HUB_JKT,PKG-00051,DEPARTURE,2026-09-13T12:51:36Z
HUB_MED,PKG-00141,ARRIVAL,2026-09-08T15:21:00Z
HUB_SBY,PKG-00368,DEPARTURE,2026-09-08T02:24:48Z
HUB_SMG,PKG-00182,DEPARTURE,2026-09-01T16:43:24Z
HUB_MED,PKG-00053,DEPARTURE,2026-09-18T09:20:00Z
HUB_SBY,PKG-00340,ARRIVAL,2026-09-01T21:40:00Z
HUB_MKS,PKG-00338,DEPARTURE,2026-09-10T18:32:00Z
HUB_BDG,PKG-00162,ARRIVAL,2026-09-05T16:42:00Z
HUB_SMG,PKG-00131,ARRIVAL,2026-09-02T21:11:00Z
HUB_BDG,PKG-00096,ARRIVAL,2026-09-20T22:36:00Z
HUB_SMG,PKG-00070,ARRIVAL,2026-09-22T16:10:00Z
HUB_SMG,PKG-00190,ARRIVAL,2026-09-09T15:10:00Z
HUB_MKS,PKG-00276,ARRIVAL,2026-09-24T03:36:00Z
HUB_DPS,PKG-00043,ARRIVAL,2026-09-25T18:43:00Z
HUB_SMG,PKG-00119,ARRIVAL,2026-09-04T23:59:00Z
HUB_JKT,PKG-00386,DEPARTURE,2026-09-20T19:20:36Z
HUB_BDG,PKG-00194,ARRIVAL,2026-09-22T04:14:00Z
HUB_MKS,PKG-00050,DEPARTURE,2026-09-14T05:23:36Z
HUB_JKT,PKG-00091,ARRIVAL,2026-09-11T02:31:00Z
HUB_SMG,PKG-00081,DEPARTURE,2026-09-10T04:59:24Z
HUB_JKT,PKG-00149,ARRIVAL,2026-09-22T04:29:00Z
HUB_MKS,PKG-00074,ARRIVAL,2026-09-17T19:14:00Z
HUB_MED,PKG-00145,DEPARTURE,2026-09-06T12:04:00Z
HUB_DPS,PKG-00146,ARRIVAL,2026-09-10T10:26:00Z
HUB_SBY,PKG-00338,ARRIVAL,2026-09-22T09:38:00Z
HUB_SBY,PKG-00014,DEPARTURE,2026-09-06T22:16:24Z
HUB_MKS,PKG-00343,DEPARTURE,2026-09-02T03:39:24Z
HUB_SMG,PKG-00148,ARRIVAL,2026-09-20T03:28:00Z
HUB_SMG,PKG-00181,DEPARTURE,2026-09-16T03:23:48Z
HUB_SBY,PKG-00294,ARRIVAL,2026-09-18T06:54:00Z
HUB_JKT,PKG-00194,ARRIVAL,2026-09-14T09:14:00Z
HUB_SBY,PKG-00054,DEPARTURE,2026-09-06T02:46:12Z
HUB_JKT,PKG-00233,DEPARTURE,2026-09-01T10:29:36Z
HUB_MED,PKG-00178,ARRIVAL,2026-09-04T02:58:00Z
HUB_MKS,PKG-00144,ARRIVAL,2026-09-03T08:24:00Z
HUB_MED,PKG-00068,ARRIVAL,2026-09-24T14:08:00Z
HUB_MKS,PKG-00102,ARRIVAL,2026-09-04T21:42:00Z
HUB_MED,PKG-00109,DEPARTURE,2026-09-22T14:06:24Z
HUB_SBY,PKG-00151,DEPARTURE,2026-09-18T06:52:00Z
HUB_MED,PKG-00059,DEPARTURE,2026-09-13T11:26:36Z
HUB_MKS,PKG-00179,DEPARTURE,2026-09-11T04:10:24Z
HUB_JKT,PKG-00006,DEPARTURE,2026-09-17T13:42:36Z
HUB_SBY,PKG-00144,DEPARTURE,2026-09-19T09:08:24Z
HUB_JKT,PKG-00436,ARRIVAL,2026-09-01T05:16:00Z
HUB_MKS,PKG-00283,ARRIVAL,2026-09-15T18:43:00Z
HUB_MED,PKG-00060,ARRIVAL,2026-09-03T14:00:00Z
HUB_MED,PKG-00010,DEPARTURE,2026-09-08T19:05:48Z
HUB_SBY,PKG-00175,ARRIVAL,2026-09-19T13:55:00Z
HUB_JKT,PKG-00176,DEPARTURE,2026-09-22T23:54:12Z
HUB_BDG,PKG-00075,DEPARTURE,2026-09-07T06:16:48Z
HUB_JKT,PKG-00189,ARRIVAL,2026-09-06T11:09:00Z
HUB_JKT,PKG-00484,ARRIVAL,2026-09-09T07:04:00Z
HUB_SBY,PKG-00346,ARRIVAL,2026-09-16T01:46:00Z
HUB_MED,PKG-00105,DEPARTURE,2026-09-17T13:14:24Z
HUB_MED,PKG-00037,ARRIVAL,2026-09-08T07:37:00Z
HUB_SBY,PKG-00341,ARRIVAL,2026-09-09T15:41:00Z
HUB_JKT,PKG-00249,ARRIVAL,2026-09-24T23:09:00Z
HUB_SBY,PKG-00166,ARRIVAL,2026-09-03T01:46:00Z
HUB_JKT,PKG-00080,ARRIVAL,2026-09-24T10:20:00Z
HUB_MKS,PKG-00212,ARRIVAL,2026-09-07T13:32:00Z
HUB_JKT,PKG-00165,DEPARTURE,2026-09-13T09:07:12Z
HUB_MED,PKG-00092,ARRIVAL,2026-09-21T19:32:00Z
HUB_MKS,PKG-00310,ARRIVAL,2026-09-08T22:10:00Z
HUB_JKT,PKG-00425,DEPARTURE,2026-09-02T19:56:00Z
HUB_BDG,PKG-00266,DEPARTURE,2026-09-22T01:03:48Z
HUB_MKS,PKG-00003,ARRIVAL,2026-09-13T23:03:00Z
HUB_JKT,PKG-00040,DEPARTURE,2026-09-07T12:29:48Z
HUB_JKT,PKG-00287,ARRIVAL,2026-09-07T11:47:00Z
HUB_JKT,PKG-00452,ARRIVAL,2026-09-08T01:32:00Z
HUB_BDG,PKG-00078,ARRIVAL,2026-09-10T06:18:00Z
HUB_SBY,PKG-00160,DEPARTURE,2026-09-10T10:53:48Z
HUB_BDG,REVERSE-0,DEPARTURE,2026-09-01T00:00:00Z
HUB_DPS,PKG-00022,DEPARTURE,2026-09-24T19:37:00Z
HUB_SBY,PKG-00315,DEPARTURE,2026-09-15T20:15:36Z
HUB_DPS,PKG-00021,ARRIVAL,2026-09-09T10:21:00Z
HUB_MED,PKG-00015,ARRIVAL,2026-09-13T05:15:00Z
HUB_BDG,PKG-00112,DEPARTURE,2026-09-03T00:26:12Z
HUB_MED,PKG-00085,DEPARTURE,2026-09-08T17:22:36Z
HUB_MKS,PKG-00206,DEPARTURE,2026-09-15T10:41:36Z
HUB_SMG,PKG-00216,DEPARTURE,2026-09-21T22:32:24Z
HUB_SBY,PKG-00192,ARRIVAL,2026-09-01T04:12:00Z
HUB_MKS,PKG-00329,ARRIVAL,2026-09-19T00:29:00Z
HUB_DPS,PKG-00085,ARRIVAL,2026-09-22T08:25:00Z
HUB_JKT,PKG-00412,DEPARTURE,2026-09-06T04:44:12Z
HUB_DPS,PKG-00123,ARRIVAL,2026-09-25T18:03:00Z
HUB_MED,PKG-00035,ARRIVAL,2026-09-11T15:35:00Z
HUB_MED,PKG-00006,ARRIVAL,2026-09-05T04:06:00Z
HUB_JKT,PKG-00196,ARRIVAL,2026-09-24T08:16:00Z
HUB_MED,PKG-00116,DEPARTURE,2026-09-02T00:12:12Z
HUB_SMG,PKG-00048,ARRIVAL,2026-09-15T05:48:00Z
HUB_JKT,PKG-00255,ARRIVAL,2026-09-11T14:15:00Z
HUB_JKT,PKG-00070,DEPARTURE,2026-09-15T17:29:12Z
HUB_SBY,PKG-00232,DEPARTURE,2026-09-10T04:41:48Z
HUB_SMG,PKG-00047,DEPARTURE,2026-09-11T12:59:36Z
HUB_DPS,AMBIGUOUS,DEPARTURE,2026-09-01T03:00:00Z
HUB_SMG,PKG-00028,DEPARTURE,2026-09-04T11:15:24Z
HUB_BDG,PKG-00144,ARRIVAL,2026-09-22T15:24:00Z
HUB_JKT,PKG-00158,ARRIVAL,2026-09-11T08:38:00Z
HUB_MKS,PKG-00130,DEPARTURE,2026-09-08T05:11:12Z
HUB_MED,PKG-00011,ARRIVAL,2026-09-18T00:11:00Z
HUB_DPS,PKG-00022,ARRIVAL,2026-09-24T12:22:00Z
HUB_MED,PKG-00103,DEPARTURE,2026-09-13T19:27:24Z
HUB_JKT,PKG-00301,ARRIVAL,2026-09-02T23:01:00Z
HUB_JKT,PKG-00327,DEPARTURE,2026-09-06T09:51:36Z
HUB_SBY,PKG-00253,DEPARTURE,2026-09-11T09:53:12Z
HUB_MKS,PKG-00273,ARRIVAL,2026-09-04T00:33:00Z
HUB_JKT,PKG-00006,ARRIVAL,2026-09-17T10:06:00Z
HUB_BDG,PKG-00243,ARRIVAL,2026-09-21T07:03:00Z
HUB_JKT,PKG-00210,DEPARTURE,2026-09-24T01:30:36Z
HUB_BDG,PKG-00182,DEPARTURE,2026-09-19T07:40:24Z
HUB_SMG,PKG-00198,ARRIVAL,2026-09-02T18:18:00Z
HUB_DPS,PKG-00036,DEPARTURE,2026-09-25T21:46:48Z
HUB_SBY,PKG-00232,ARRIVAL,2026-09-10T00:52:00Z
HUB_MKS,PKG-00015,DEPARTURE,2026-09-11T06:16:48Z
HUB_MED,PKG-00056,ARRIVAL,2026-09-09T20:56:00Z
HUB_BDG,PKG-00233,DEPARTURE,2026-09-02T08:53:00Z
HUB_MED,PKG-00165,DEPARTURE,2026-09-11T02:38:24Z
HUB_SMG,PKG-00238,DEPARTURE,2026-09-03T01:48:24Z
HUB_JKT,PKG-00334,ARRIVAL,2026-09-09T07:34:00Z
HUB_SBY,PKG-00012,ARRIVAL,2026-09-25T16:12:00Z
HUB_JKT,PKG-00319,ARRIVAL,2026-09-24T18:19:00Z
HUB_BDG,PKG-00104,DEPARTURE,2026-09-11T18:23:36Z
HUB_MKS,PKG-00033,DEPARTURE,2026-09-22T11:17:24Z
HUB_SMG,PKG-00147,ARRIVAL,2026-09-16T05:27:00Z
HUB_SMG,PKG-00110,DEPARTURE,2026-09-07T04:28:24Z
HUB_BDG,PKG-00170,ARRIVAL,2026-09-15T14:50:00Z
HUB_JKT,PKG-00305,ARRIVAL,2026-09-12T19:05:00Z
HUB_DPS,PKG-00062,DEPARTURE,2026-09-17T02:27:12Z
HUB_BDG,PKG-00112,ARRIVAL,2026-09-02T19:52:00Z
HUB_SMG,PKG-00039,ARRIVAL,2026-09-15T00:39:00Z
HUB_SBY,PKG-00040,ARRIVAL,2026-09-17T22:40:00Z
HUB_MED,PKG-00128,ARRIVAL,2026-09-16T07:08:00Z
HUB_BDG,PKG-00259,DEPARTURE,2026-09-18T02:02:12Z
HUB_MKS,PKG-00007,DEPARTURE,2026-09-13T13:54:24Z
HUB_BDG,PKG-00085,ARRIVAL,2026-09-17T22:25:00Z
HUB_SMG,PKG-00165,ARRIVAL,2026-09-07T23:45:00Z
HUB_MKS,PKG-00240,ARRIVAL,2026-09-22T23:00:00Z
HUB_SBY,PKG-00088,DEPARTURE,2026-09-20T16:53:12Z
HUB_BDG,PKG-00089,DEPARTURE,2026-09-11T19:58:24Z
HUB_MKS,PKG-00008,ARRIVAL,2026-09-18T14:08:00Z
HUB_DPS,PKG-00190,ARRIVAL,2026-09-15T22:10:00Z
HUB_SMG,PKG-00095,ARRIVAL,2026-09-16T19:35:00Z
HUB_REMOTE,PKG-00000,ARRIVAL,2026-09-02T07:00:00Z
HUB_MED,PKG-00067,DEPARTURE,2026-09-09T17:28:00Z
HUB_JKT,PKG-00335,ARRIVAL,2026-09-19T21:35:00Z
HUB_SBY,PKG-00267,ARRIVAL,2026-09-23T08:27:00Z
HUB_JKT,PKG-00445,DEPARTURE,2026-09-09T12:25:00Z
HUB_SMG,PKG-00117,ARRIVAL,2026-09-19T09:57:00Z
HUB_DPS,PKG-00018,DEPARTURE,2026-09-23T09:31:48Z
HUB_BDG,MISS-D-2,ARRIVAL,2026-09-01T00:00:00Z
HUB_SBY,PKG-00286,ARRIVAL,2026-09-05T15:46:00Z
HUB_BDG,PKG-00292,DEPARTURE,2026-09-05T22:05:12Z
HUB_JKT,PKG-00400,ARRIVAL,2026-09-22T14:40:00Z
HUB_JKT,PKG-00152,ARRIVAL,2026-09-02T08:32:00Z
HUB_MKS,PKG-00323,DEPARTURE,2026-09-16T11:57:48Z
HUB_MKS,PKG-00340,ARRIVAL,2026-09-09T04:40:00Z
HUB_BDG,MISS-A-3,DEPARTURE,2026-09-01T03:00:00Z
HUB_JKT,PKG-00042,DEPARTURE,2026-09-16T12:37:48Z
HUB_SMG,PKG-00123,ARRIVAL,2026-09-05T13:03:00Z
HUB_MKS,PKG-00272,ARRIVAL,2026-09-17T04:32:00Z
HUB_SBY,PKG-00314,DEPARTURE,2026-09-19T17:05:00Z
HUB_SBY,PKG-00200,ARRIVAL,2026-09-08T23:20:00Z
HUB_BDG,PKG-00210,DEPARTURE,2026-09-26T01:42:00Z
HUB_JKT,PKG-00019,DEPARTURE,2026-09-18T22:49:36Z
HUB_SMG,PKG-00024,DEPARTURE,2026-09-23T11:32:24Z
HUB_SBY,PKG-00000,ARRIVAL,2026-09-16T22:00:00Z
HUB_SBY,PKG-00172,DEPARTURE,2026-09-13T12:25:00Z
HUB_MED,PKG-00045,DEPARTURE,2026-09-08T02:57:00Z
HUB_SBY,PKG-00122,ARRIVAL,2026-09-19T08:02:00Z
HUB_JKT,PKG-00387,ARRIVAL,2026-09-15T18:27:00Z
HUB_BDG,PKG-00038,ARRIVAL,2026-09-02T02:38:00Z
HUB_SMG,PKG-00076,DEPARTURE,2026-09-05T12:13:00Z
HUB_SBY,PKG-00028,ARRIVAL,2026-09-08T18:28:00Z
HUB_SMG,PKG-00135,DEPARTURE,2026-09-19T05:40:12Z
HUB_MKS,PKG-00241,ARRIVAL,2026-09-16T04:01:00Z
HUB_SBY,PKG-00135,ARRIVAL,2026-09-20T20:15:00Z
HUB_BDG,PKG-00163,DEPARTURE,2026-09-20T18:37:00Z
HUB_SBY,PKG-00387,ARRIVAL,2026-09-12T01:27:00Z
HUB_SBY,PKG-00248,DEPARTURE,2026-09-18T06:17:36Z
HUB_BDG,PKG-00172,ARRIVAL,2026-09-06T17:52:00Z
HUB_BDG,PKG-00006,ARRIVAL,2026-09-08T05:06:00Z
HUB_JKT,PKG-00294,DEPARTURE,2026-09-22T23:30:00Z
HUB_SBY,PKG-00112,DEPARTURE,2026-09-15T13:42:24Z
HUB_SBY,PKG-00126,DEPARTURE,2026-09-08T16:06:00Z
HUB_JKT,PKG-00440,ARRIVAL,2026-09-04T06:20:00Z
HUB_JKT,PKG-00390,ARRIVAL,2026-09-18T09:30:00Z
HUB_SMG,PKG-00041,DEPARTURE,2026-09-09T17:08:36Z
HUB_SMG,PKG-00156,ARRIVAL,2026-09-03T11:36:00Z
HUB_BDG,PKG-00277,ARRIVAL,2026-09-24T17:37:00Z
HUB_MED,PKG-00132,ARRIVAL,2026-09-17T15:12:00Z
HUB_REMOTE,AMBIGUOUS,ARRIVAL,2026-09-01T00:00:00Z
HUB_BDG,PKG-00284,ARRIVAL,2026-09-22T08:44:00Z
HUB_MED,PKG-00022,DEPARTURE,2026-09-11T08:24:24Z
HUB_JKT,PKG-00362,ARRIVAL,2026-09-18T08:02:00Z
HUB_BDG,MISS-A-0,DEPARTURE,2026-09-01T03:00:00Z
HUB_JKT,PKG-00320,DEPARTURE,2026-09-02T12:41:00Z
HUB_DPS,PKG-00193,ARRIVAL,2026-09-22T23:13:00Z
HUB_BDG,PKG-00262,ARRIVAL,2026-09-11T03:22:00Z
HUB_BDG,PKG-00182,ARRIVAL,2026-09-19T04:02:00Z
HUB_JKT,PKG-00057,ARRIVAL,2026-09-18T10:57:00Z
HUB_SMG,PKG-00239,DEPARTURE,2026-09-16T15:14:00Z
HUB_DPS,PKG-00063,ARRIVAL,2026-09-10T13:03:00Z
HUB_BDG,PKG-00125,ARRIVAL,2026-09-10T09:05:00Z
HUB_JKT,PKG-00022,DEPARTURE,2026-09-13T11:19:36Z
HUB_JKT,PKG-00150,DEPARTURE,2026-09-20T04:26:24Z
HUB_SMG,PKG-00103,DEPARTURE,2026-09-01T08:38:48Z
HUB_SBY,PKG-00159,ARRIVAL,2026-09-13T06:39:00Z
HUB_BDG,PKG-00067,ARRIVAL,2026-09-20T01:07:00Z
HUB_SBY,PKG-00267,DEPARTURE,2026-09-23T13:36:36Z
HUB_MKS,PKG-00301,DEPARTURE,2026-09-15T00:41:48Z
HUB_SBY,PKG-00240,ARRIVAL,2026-09-15T15:00:00Z
HUB_JKT,PKG-00496,ARRIVAL,2026-09-12T10:16:00Z
HUB_MKS,PKG-00133,DEPARTURE,2026-09-22T09:11:48Z
HUB_SBY,PKG-00225,DEPARTURE,2026-09-16T10:33:36Z
HUB_JKT,PKG-00190,DEPARTURE,2026-09-13T19:13:36Z
HUB_MKS,PKG-00072,ARRIVAL,2026-09-25T04:12:00Z
HUB_MED,PKG-00023,ARRIVAL,2026-09-22T04:23:00Z
HUB_JKT,PKG-00097,ARRIVAL,2026-09-17T19:37:00Z
HUB_JKT,PKG-00204,ARRIVAL,2026-09-10T15:24:00Z
HUB_SMG,PKG-00164,DEPARTURE,2026-09-20T08:17:36Z
HUB_JKT,PKG-00009,ARRIVAL,2026-09-15T05:09:00Z
HUB_SMG,PKG-00042,ARRIVAL,2026-09-11T18:42:00Z
HUB_BDG,PKG-00293,ARRIVAL,2026-09-14T20:53:00Z
HUB_DPS,MISS-D-1,ARRIVAL,2026-09-01T00:00:00Z
HUB_MKS,PKG-00024,ARRIVAL,2026-09-07T01:24:00Z
HUB_SBY,PKG-00199,ARRIVAL,2026-09-05T11:19:00Z
HUB_SMG,PKG-00196,ARRIVAL,2026-09-25T11:16:00Z
HUB_MKS,PKG-00044,ARRIVAL,2026-09-05T07:44:00Z
HUB_JKT,PKG-00461,ARRIVAL,2026-09-02T05:41:00Z
HUB_SBY,PKG-00069,ARRIVAL,2026-09-19T17:09:00Z
HUB_JKT,PKG-00460,DEPARTURE,2026-09-16T15:58:36Z
HUB_SBY,PKG-00015,DEPARTURE,2026-09-02T00:45:00Z
HUB_BDG,PKG-00124,ARRIVAL,2026-09-04T04:04:00Z
HUB_SBY,PKG-00148,ARRIVAL,2026-09-19T16:28:00Z
HUB_JKT,PKG-00001,DEPARTURE,2026-09-15T17:02:48Z
HUB_JKT,PKG-00450,DEPARTURE,2026-09-06T13:03:00Z
HUB_BDG,PKG-00290,ARRIVAL,2026-09-09T03:50:00Z
HUB_SMG,PKG-00012,DEPARTURE,2026-09-21T14:54:00Z
HUB_DPS,MISS-A-3,DEPARTURE,2026-09-01T03:00:00Z
HUB_BDG,PKG-00065,DEPARTURE,2026-09-24T05:05:36Z
HUB_MKS,PKG-00199,ARRIVAL,2026-09-24T16:19:00Z
HUB_MKS,PKG-00092,ARRIVAL,2026-09-10T19:32:00Z
HUB_SMG,PKG-00111,DEPARTURE,2026-09-05T19:57:36Z
HUB_SMG,PKG-00101,ARRIVAL,2026-09-02T01:41:00Z
HUB_SMG,PKG-00022,ARRIVAL,2026-09-07T22:22:00Z
HUB_SMG,PKG-00213,DEPARTURE,2026-09-07T08:06:00Z
HUB_MKS,PKG-00190,DEPARTURE,2026-09-16T09:43:00Z
HUB_MED,PKG-00066,DEPARTURE,2026-09-20T08:11:24Z
HUB_MED,PKG-00082,ARRIVAL,2026-09-13T23:22:00Z
HUB_SBY,PKG-00021,ARRIVAL,2026-09-05T05:21:00Z
HUB_MKS,BAD-TS-0,ARRIVAL,not-a-date
HUB_JKT,PKG-00471,DEPARTURE,2026-09-17T00:49:12Z
HUB_MKS,PKG-00161,ARRIVAL,2026-09-20T18:41:00Z
HUB_MKS,PKG-00245,DEPARTURE,2026-09-19T22:05:36Z
HUB_JKT,PKG-00373,DEPARTURE,2026-09-18T03:50:48Z
HUB_SBY,PKG-00336,DEPARTURE,2026-09-21T13:12:36Z
HUB_BDG,PKG-00169,DEPARTURE,2026-09-10T08:31:00Z
HUB_MKS,PKG-00146,ARRIVAL,2026-09-04T11:26:00Z
HUB_SMG,PKG-00050,DEPARTURE,2026-09-06T13:27:12Z
HUB_JKT,PKG-00271,ARRIVAL,2026-09-09T20:31:00Z
HUB_SMG,PKG-00208,ARRIVAL,2026-09-13T14:28:00Z
HUB_MKS,PKG-00071,DEPARTURE,2026-09-23T17:25:24Z
HUB_SBY,PKG-00351,ARRIVAL,2026-09-17T21:51:00Z
HUB_MED,PKG-00052,ARRIVAL,2026-09-08T20:52:00Z
HUB_SMG,PKG-00008,DEPARTURE,2026-09-25T08:15:48Z
HUB_MKS,PKG-00299,DEPARTURE,2026-09-15T02:37:24Z
HUB_MED,PKG-00156,ARRIVAL,2026-09-17T10:36:00Z
HUB_JKT,PKG-00316,ARRIVAL,2026-09-17T00:16:00Z
HUB_DPS,PKG-00164,DEPARTURE,2026-09-13T04:38:36Z
HUB_SBY,PKG-00130,DEPARTURE,2026-09-23T11:15:24Z
HUB_SMG,PKG-00018,ARRIVAL,2026-09-05T10:18:00Z
HUB_JKT,PKG-00306,DEPARTURE,2026-09-01T09:45:00Z
HUB_MKS,PKG-00119,ARRIVAL,2026-09-12T21:59:00Z
HUB_SMG,PKG-00108,DEPARTURE,2026-09-17T12:58:12Z
HUB_JKT,PKG-00074,ARRIVAL,2026-09-25T13:14:00Z
HUB_BDG,PKG-00013,DEPARTURE,2026-09-17T17:29:12Z
HUB_MKS,PKG-00218,ARRIVAL,2026-09-25T10:38:00Z
HUB_DPS,PKG-00119,ARRIVAL,2026-09-16T04:59:00Z
HUB_JKT,PKG-00215,ARRIVAL,2026-09-19T08:35:00Z
HUB_MED,PKG-00108,ARRIVAL,2026-09-21T18:48:00Z
HUB_SBY,PKG-00009,DEPARTURE,2026-09-10T15:17:24Z
HUB_DPS,PKG-00048,DEPARTURE,2026-09-25T06:17:24Z
HUB_MED,PKG-00149,ARRIVAL,2026-09-18T13:29:00Z
HUB_JKT,PKG-00092,ARRIVAL,2026-09-07T21:32:00Z
HUB_SMG,PKG-00219,ARRIVAL,2026-09-08T06:39:00Z
HUB_JKT,PKG-00325,DEPARTURE,2026-09-21T17:53:48Z
HUB_DPS,PKG-00068,DEPARTURE,2026-09-22T08:00:12Z
HUB_BDG,PKG-00118,ARRIVAL,2026-09-17T17:58:00Z
HUB_BDG,PKG-00101,DEPARTURE,2026-09-20T02:42:48Z
HUB_DPS,PKG-00056,DEPARTURE,2026-09-14T22:53:36Z
HUB_JKT,PKG-00049,DEPARTURE,2026-09-09T13:22:00Z
HUB_SBY,PKG-00093,DEPARTURE,2026-09-10T00:41:24Z
HUB_BDG,PKG-00005,ARRIVAL,2026-09-20T09:05:00Z
HUB_SBY,PKG-00181,DEPARTURE,2026-09-06T19:01:36Z
HUB_SBY,MISS-A-3,DEPARTURE,2026-09-01T03:00:00Z
HUB_DPS,PKG-00170,ARRIVAL,2026-09-22T16:50:00Z
HUB_JKT,PKG-00263,ARRIVAL,2026-09-03T12:23:00Z
HUB_JKT,PKG-00257,ARRIVAL,2026-09-11T21:17:00Z
HUB_JKT,PKG-00113,ARRIVAL,2026-09-13T21:53:00Z
HUB_JKT,PKG-00405,ARRIVAL,2026-09-24T03:45:00Z
HUB_BDG,PKG-00190,DEPARTURE,2026-09-05T04:26:48Z
HUB_BDG,PKG-00120,ARRIVAL,2026-09-09T02:00:00Z
HUB_SBY,PKG-00331,DEPARTURE,2026-09-12T14:50:48Z
HUB_JKT,PKG-00085,DEPARTURE,2026-09-17T05:15:24Z
HUB_BDG,PKG-00240,ARRIVAL,2026-09-21T18:00:00Z
HUB_SMG,PKG-00084,DEPARTURE,2026-09-15T10:22:12Z
HUB_JKT,PKG-00315,ARRIVAL,2026-09-22T20:15:00Z
HUB_BDG,PKG-00139,DEPARTURE,2026-09-03T21:00:24Z
HUB_MED,PKG-00094,ARRIVAL,2026-09-13T13:34:00Z
HUB_BDG,PKG-00266,ARRIVAL,2026-09-21T20:26:00Z
HUB_JKT,PKG-00261,DEPARTURE,2026-09-24T14:28:12Z
HUB_BDG,PKG-00288,DEPARTURE,2026-09-02T12:14:24Z
HUB_SBY,PKG-00146,DEPARTURE,2026-09-14T00:01:24Z
HUB_DPS,PKG-00189,ARRIVAL,2026-09-02T05:09:00Z
HUB_MED,PKG-00138,DEPARTURE,2026-09-20T17:22:12Z
HUB_SBY,PKG-00105,DEPARTURE,2026-09-20T03:45:36Z
HUB_JKT,PKG-00163,ARRIVAL,2026-09-08T00:43:00Z
HUB_JKT,PKG-00372,DEPARTURE,2026-09-11T02:48:36Z
HUB_BDG,PKG-00039,DEPARTURE,2026-09-15T22:54:36Z
HUB_SBY,PKG-00052,ARRIVAL,2026-09-21T11:52:00Z
HUB_JKT,PKG-00359,ARRIVAL,2026-09-22T16:59:00Z
HUB_SMG,PKG-00124,ARRIVAL,2026-09-14T16:04:00Z
HUB_JKT,PKG-00243,ARRIVAL,2026-09-24T18:03:00Z
HUB_SBY,PKG-00204,ARRIVAL,2026-09-10T14:24:00Z
HUB_MKS,PKG-00252,ARRIVAL,2026-09-10T01:12:00Z
HUB_BDG,PKG-00256,ARRIVAL,2026-09-21T16:16:00Z
HUB_MED,PKG-00175,DEPARTURE,2026-09-22T00:40:36Z
HUB_SBY,PKG-00288,DEPARTURE,2026-09-14T06:18:36Z
HUB_SBY,PKG-00271,ARRIVAL,2026-09-17T10:31:00Z
HUB_BDG,PKG-00242,DEPARTURE,2026-09-07T20:47:00Z
HUB_JKT,PKG-00330,ARRIVAL,2026-09-14T02:30:00Z
HUB_JKT,PKG-00429,DEPARTURE,2026-09-08T22:50:24Z
HUB_JKT,PKG-00112,ARRIVAL,2026-09-11T03:52:00Z
HUB_MED,PKG-00166,DEPARTURE,2026-09-16T09:23:48Z
HUB_MED,PKG-00167,DEPARTURE,2026-09-19T01:42:12Z
HUB_SBY,PKG-00354,ARRIVAL,2026-09-14T12:54:00Z
HUB_MKS,PKG-00030,DEPARTURE,2026-09-10T10:40:12Z
HUB_SBY,PKG-00187,DEPARTURE,2026-09-13T23:11:48Z
HUB_MED,PKG-00126,DEPARTURE,2026-09-13T00:27:00Z
HUB_SBY,PKG-00278,DEPARTURE,2026-09-24T17:51:48Z
HUB_SBY,PKG-00168,DEPARTURE,2026-09-19T20:01:12Z
HUB_MED,PKG-00058,DEPARTURE,2026-09-08T01:14:48Z
HUB_SBY,PKG-00367,DEPARTURE,2026-09-14T04:07:36Z
HUB_SMG,PKG-00204,ARRIVAL,2026-09-06T17:24:00Z
HUB_SBY,PKG-00234,ARRIVAL,2026-09-21T21:54:00Z
HUB_JKT,PKG-00291,ARRIVAL,2026-09-18T04:51:00Z
HUB_JKT,PKG-00146,ARRIVAL,2026-09-13T00:26:00Z
HUB_BDG,PKG-00208,DEPARTURE,2026-09-20T04:43:36Z
HUB_SBY,PKG-00328,ARRIVAL,2026-09-25T06:28:00Z
HUB_MED,PKG-00174,DEPARTURE,2026-09-12T01:06:00Z
HUB_BDG,PKG-00196,ARRIVAL,2026-09-10T05:16:00Z
HUB_MKS,AMBIGUOUS,ARRIVAL,2026-09-01T01:00:00Z
HUB_MKS,PKG-00222,DEPARTURE,2026-09-14T00:43:12Z
HUB_SBY,PKG-00031,DEPARTURE,2026-09-14T10:08:12Z
HUB_REMOTE,PKG-00001,DEPARTURE,2026-09-08T15:01:00Z
HUB_BDG,PKG-00006,DEPARTURE,2026-09-08T08:34:12Z
HUB_BDG,PKG-00137,ARRIVAL,2026-09-19T14:17:00Z
HUB_SMG,PKG-00044,ARRIVAL,2026-09-18T13:44:00Z
HUB_JKT,PKG-00101,ARRIVAL,2026-09-09T13:41:00Z
HUB_MED,PKG-00179,DEPARTURE,2026-09-07T02:35:00Z
HUB_DPS,PKG-00116,DEPARTURE,2026-09-10T21:05:36Z
HUB_MKS,PKG-00236,DEPARTURE,2026-09-13T18:35:00Z
HUB_SMG,PKG-00021,ARRIVAL,2026-09-13T16:21:00Z
HUB_MKS,PKG-00227,ARRIVAL,2026-09-19T17:47:00Z
HUB_DPS,PKG-00127,ARRIVAL,2026-09-18T13:07:00Z
HUB_BDG,PKG-00111,DEPARTURE,2026-09-23T08:26:24Z
HUB_JKT,PKG-00030,DEPARTURE,2026-09-20T14:40:12Z
HUB_SBY,PKG-00357,ARRIVAL,2026-09-25T14:57:00Z
HUB_MKS,PKG-00148,DEPARTURE,2026-09-02T01:19:36Z
HUB_SBY,PKG-00284,DEPARTURE,2026-09-03T03:15:48Z
HUB_MED,PKG-00162,ARRIVAL,2026-09-18T21:42:00Z
HUB_JKT,PKG-00019,ARRIVAL,2026-09-18T19:19:00Z
HUB_MED,PKG-00004,ARRIVAL,2026-09-13T03:04:00Z
HUB_JKT,PKG-00269,ARRIVAL,2026-09-03T17:29:00Z
HUB_SBY,PKG-00233,DEPARTURE,2026-09-05T20:59:00Z
HUB_SMG,PKG-00088,DEPARTURE,2026-09-15T18:20:12Z
HUB_SBY,PKG-00001,ARRIVAL,2026-09-18T16:01:00Z
HUB_SMG,PKG-00131,DEPARTURE,2026-09-03T03:31:24Z
HUB_BDG,PKG-00299,ARRIVAL,2026-09-22T10:59:00Z
HUB_MKS,PKG-00018,ARRIVAL,2026-09-04T20:18:00Z
HUB_SMG,PKG-00193,DEPARTURE,2026-09-11T03:07:36Z
HUB_MED,PKG-00069,ARRIVAL,2026-09-05T19:09:00Z
HUB_DPS,PKG-00151,DEPARTURE,2026-09-10T04:53:48Z
HUB_SBY,PKG-00317,ARRIVAL,2026-09-01T12:17:00Z
HUB_JKT,PKG-00129,DEPARTURE,2026-09-18T16:46:48Z
HUB_BDG,PKG-00258,DEPARTURE,2026-09-06T16:45:36Z
HUB_BDG,PKG-00160,ARRIVAL,2026-09-25T05:40:00Z
HUB_SMG,PKG-00249,DEPARTURE,2026-09-19T06:28:12Z
HUB_JKT,PKG-00063,ARRIVAL,2026-09-11T12:03:00Z
HUB_JKT,PKG-00292,DEPARTURE,2026-09-21T17:17:12Z
HUB_SBY,PKG-00282,ARRIVAL,2026-09-23T14:42:00Z
HUB_JKT,PKG-00104,DEPARTURE,2026-09-14T23:07:24Z
HUB_JKT,PKG-00016,ARRIVAL,2026-09-02T14:16:00Z
HUB_SBY,PKG-00035,DEPARTURE,2026-09-07T19:47:00Z
HUB_SMG,PKG-00146,ARRIVAL,2026-09-05T23:26:00Z
HUB_SBY,PKG-00157,DEPARTURE,2026-09-11T07:04:36Z
HUB_MKS,PKG-00235,DEPARTURE,2026-09-23T12:02:48Z
HUB_DPS,PKG-00134,DEPARTURE,2026-09-01T23:00:12Z
HUB_SMG,PKG-00049,ARRIVAL,2026-09-01T21:49:00Z
HUB_JKT,PKG-00115,ARRIVAL,2026-09-18T11:55:00Z
HUB_REMOTE,MISS-A-1,DEPARTURE,2026-09-01T03:00:00Z
HUB_SBY,PKG-00397,DEPARTURE,2026-09-15T18:38:12Z
HUB_JKT,PKG-00096,DEPARTURE,2026-09-08T22:25:12Z
HUB_JKT,MISS-D-2,ARRIVAL,2026-09-01T00:00:00Z
HUB_JKT,PKG-00215,DEPARTURE,2026-09-19T12:11:36Z
HUB_REMOTE,REVERSE-0,ARRIVAL,2026-09-01T03:00:00Z
HUB_JKT,PKG-00208,ARRIVAL,2026-09-03T11:28:00Z
HUB_DPS,PKG-00160,ARRIVAL,2026-09-06T12:40:00Z
HUB_MED,PKG-00152,ARRIVAL,2026-09-07T00:32:00Z
HUB_SBY,PKG-00104,DEPARTURE,2026-09-20T09:06:48Z
HUB_JKT,PKG-00431,DEPARTURE,2026-09-01T10:46:24Z
HUB_BDG,PKG-00095,DEPARTURE,2026-09-15T03:11:36Z
HUB_SBY,PKG-00000,ARRIVAL,2026-09-16T22:00:00Z
HUB_SBY,BAD-TS-1,DEPARTURE,2026-09-01T03:00:00Z
HUB_SMG,PKG-00000,ARRIVAL,2026-09-20T17:00:00Z
HUB_MKS,PKG-00336,ARRIVAL,2026-09-22T09:36:00Z
HUB_SMG,PKG-00096,DEPARTURE,2026-09-20T15:21:36Z
HUB_SBY,PKG-00254,ARRIVAL,2026-09-19T22:14:00Z
HUB_MKS,PKG-00073,DEPARTURE,2026-09-07T13:08:48Z
HUB_JKT,PKG-00264,ARRIVAL,2026-09-14T10:24:00Z
HUB_JKT,PKG-00106,ARRIVAL,2026-09-17T07:46:00Z
HUB_SBY,PKG-00026,ARRIVAL,2026-09-04T20:26:00Z
HUB_JKT,PKG-00277,DEPARTURE,2026-09-14T19:34:36Z
HUB_JKT,PKG-00020,ARRIVAL,2026-09-04T20:20:00Z
HUB_SMG,BAD-TS-0,DEPARTURE,2026-09-01T03:00:00Z
HUB_BDG,PKG-00248,DEPARTURE,2026-09-14T02:33:12Z
HUB_BDG,PKG-00115,ARRIVAL,2026-09-05T08:55:00Z
HUB_MKS,PKG-00317,ARRIVAL,2026-09-23T21:17:00Z
HUB_JKT,PKG-00348,ARRIVAL,2026-09-07T01:48:00Z
HUB_BDG,PKG-00261,DEPARTURE,2026-09-13T02:25:48Z
HUB_BDG,PKG-00241,DEPARTURE,2026-09-12T02:58:36Z
HUB_JKT,PKG-00045,DEPARTURE,2026-09-21T02:38:24Z
HUB_BDG,PKG-00077,ARRIVAL,2026-09-16T15:17:00Z
HUB_SBY,PKG-00015,ARRIVAL,2026-09-01T20:15:00Z
HUB_SBY,PKG-00028,DEPARTURE,2026-09-08T21:35:12Z
HUB_MED,PKG-00141,DEPARTURE,2026-09-08T22:18:00Z
HUB_BDG,PKG-00020,ARRIVAL,2026-09-13T17:20:00Z
HUB_DPS,PKG-00101,ARRIVAL,2026-09-08T07:41:00Z
HUB_MKS,PKG-00131,ARRIVAL,2026-09-17T07:11:00Z
HUB_JKT,PKG-00256,DEPARTURE,2026-09-26T00:34:36Z
HUB_SBY,PKG-00108,ARRIVAL,2026-09-08T15:48:00Z
HUB_BDG,PKG-00228,DEPARTURE,2026-09-07T08:04:48Z
HUB_BDG,PKG-00060,DEPARTURE,2026-09-11T15:49:48Z
HUB_JKT,PKG-00131,ARRIVAL,2026-09-24T02:11:00Z
HUB_MED,PKG-00090,DEPARTURE,2026-09-23T16:04:48Z
HUB_SBY,PKG-00247,ARRIVAL,2026-09-08T04:07:00Z
HUB_SBY,PKG-00107,DEPARTURE,2026-09-16T08:24:48Z
HUB_JKT,PKG-00031,ARRIVAL,2026-09-06T16:31:00Z
HUB_MED,PKG-00092,DEPARTURE,2026-09-22T01:08:36Z
HUB_BDG,PKG-00245,ARRIVAL,2026-09-19T22:05:00Z
HUB_DPS,PKG-00087,ARRIVAL,2026-09-24T16:27:00Z
HUB_JKT,PKG-00033,DEPARTURE,2026-09-21T21:24:36Z
HUB_SMG,PKG-00220,DEPARTURE,2026-09-19T00:25:00Z
HUB_SBY,PKG-00390,ARRIVAL,2026-09-22T20:30:00Z
HUB_SMG,PKG-00069,ARRIVAL,2026-09-19T21:09:00Z
HUB_SMG,PKG-00038,ARRIVAL,2026-09-03T21:38:00Z
HUB_MKS,PKG-00242,DEPARTURE,2026-09-21T22:08:36Z
HUB_DPS,PKG-00155,DEPARTURE,2026-09-20T23:20:36Z
HUB_REMOTE,MISS-D-4,ARRIVAL,2026-09-01T00:00:00Z
HUB_BDG,PKG-00079,DEPARTURE,2026-09-12T10:31:00Z
HUB_JKT,PKG-00143,DEPARTURE,2026-09-20T07:59:36Z
HUB_MKS,PKG-00308,ARRIVAL,2026-09-08T16:08:00Z
HUB_DPS,REVERSE-0,ARRIVAL,2026-09-01T03:00:00Z
HUB_BDG,PKG-00267,ARRIVAL,2026-09-07T22:27:00Z
HUB_MED,PKG-00071,ARRIVAL,2026-09-23T15:11:00Z
HUB_MED,PKG-00176,DEPARTURE,2026-09-14T21:09:12Z
HUB_MED,PKG-00091,ARRIVAL,2026-09-16T07:31:00Z
HUB_SBY,PKG-00144,ARRIVAL,2026-09-19T05:24:00Z
HUB_JKT,PKG-00345,ARRIVAL,2026-09-22T06:45:00Z
HUB_SMG,PKG-00151,DEPARTURE,2026-09-03T03:59:48Z
HUB_BDG,PKG-00250,DEPARTURE,2026-09-08T20:01:00Z
HUB_MED,PKG-00072,ARRIVAL,2026-09-04T19:12:00Z
HUB_BDG,PKG-00079,ARRIVAL,2026-09-12T06:19:00Z
HUB_BDG,PKG-00046,DEPARTURE,2026-09-07T15:10:00Z
HUB_SMG,PKG-00035,ARRIVAL,2026-09-17T12:35:00Z
HUB_MKS,PKG-00053,DEPARTURE,2026-09-13T01:26:00Z
HUB_DPS,PKG-00103,DEPARTURE,2026-09-19T00:40:00Z
HUB_JKT,PKG-00378,ARRIVAL,2026-09-21T19:18:00Z
HUB_SBY,PKG-00378,ARRIVAL,2026-09-02T01:18:00Z
HUB_MED,PKG-00083,DEPARTURE,2026-09-21T14:08:00Z
HUB_MKS,PKG-00264,DEPARTURE,2026-09-07T19:37:12Z
HUB_SBY,PKG-00031,ARRIVAL,2026-09-14T03:31:00Z
HUB_BDG,PKG-00081,ARRIVAL,2026-09-09T05:21:00Z
HUB_SBY,PKG-00198,DEPARTURE,2026-09-01T19:24:36Z
HUB_DPS,PKG-00121,ARRIVAL,2026-09-24T21:01:00Z
HUB_MKS,MISS-A-2,DEPARTURE,2026-09-01T03:00:00Z
HUB_MKS,PKG-00271,ARRIVAL,2026-09-20T18:31:00Z
HUB_SBY,PKG-00001,DEPARTURE,2026-09-18T19:23:12Z
HUB_MKS,PKG-00262,ARRIVAL,2026-09-10T08:22:00Z
HUB_MED,PKG-00070,DEPARTURE,2026-09-01T09:31:36Z
HUB_SMG,PKG-00230,ARRIVAL,2026-09-16T13:50:00Z
HUB_JKT,PKG-00028,ARRIVAL,2026-09-09T15:28:00Z
HUB_MED,PKG-00155,DEPARTURE,2026-09-17T15:30:48Z
HUB_BDG,PKG-00072,DEPARTURE,2026-09-24T02:22:48Z
HUB_MKS,PKG-00070,DEPARTURE,2026-09-19T23:23:12Z
HUB_MED,PKG-00019,DEPARTURE,2026-09-25T18:10:00Z
HUB_JKT,PKG-00423,ARRIVAL,2026-09-23T03:03:00Z
HUB_SBY,PKG-00347,ARRIVAL,2026-09-04T11:47:00Z
HUB_SBY,PKG-00275,ARRIVAL,2026-09-22T22:35:00Z
HUB_SMG,PKG-00085,DEPARTURE,2026-09-03T18:29:12Z
HUB_SBY,PKG-00169,ARRIVAL,2026-09-03T17:49:00Z
HUB_MKS,PKG-00206,ARRIVAL,2026-09-14T22:26:00Z
HUB_SBY,PKG-00291,DEPARTURE,2026-09-23T18:04:12Z
HUB_MKS,PKG-00046,ARRIVAL,2026-09-12T14:46:00Z
HUB_JKT,PKG-00432,ARRIVAL,2026-09-14T09:12:00Z
HUB_SMG,PKG-00026,ARRIVAL,2026-09-08T14:26:00Z
HUB_SBY,PKG-00186,DEPARTURE,2026-09-08T01:03:36Z
HUB_DPS,PKG-00177,DEPARTURE,2026-09-21T18:33:00Z
HUB_SMG,PKG-00186,ARRIVAL,2026-09-24T02:06:00Z
HUB_SBY,PKG-00209,DEPARTURE,2026-09-13T05:08:36Z
HUB_MED,PKG-00131,DEPARTURE,2026-09-06T14:16:24Z
HUB_MKS,PKG-00301,ARRIVAL,2026-09-14T14:01:00Z
HUB_SMG,PKG-00083,DEPARTURE,2026-09-09T15:26:00Z
HUB_JKT,PKG-00276,ARRIVAL,2026-09-20T22:36:00Z
HUB_JKT,PKG-00329,DEPARTURE,2026-09-09T12:32:00Z
HUB_BDG,PKG-00252,DEPARTURE,2026-09-15T01:31:48Z
HUB_SMG,PKG-00042,DEPARTURE,2026-09-12T01:51:00Z
HUB_DPS,PKG-00005,DEPARTURE,2026-09-14T04:25:24Z
HUB_MKS,PKG-00215,ARRIVAL,2026-09-14T23:35:00Z
HUB_SMG,PKG-00005,ARRIVAL,2026-09-25T00:05:00Z
HUB_MKS,PKG-00250,DEPARTURE,2026-09-08T14:55:36Z
HUB_DPS,PKG-00113,DEPARTURE,2026-09-06T14:10:24Z
HUB_JKT,PKG-00332,ARRIVAL,2026-09-25T06:32:00Z
HUB_JKT,PKG-00254,DEPARTURE,2026-09-06T01:08:00Z
HUB_JKT,PKG-00310,DEPARTURE,2026-09-15T08:13:00Z
HUB_MKS,PKG-00245,ARRIVAL,2026-09-19T10:05:00Z
HUB_SBY,PKG-00317,DEPARTURE,2026-09-01T18:41:00Z
HUB_DPS,UNKNOWN,ARRIVAL,2026-09-01T00:00:00Z
HUB_SBY,PKG-00161,DEPARTURE,2026-09-18T14:45:12Z
HUB_BDG,PKG-00031,ARRIVAL,2026-09-10T01:31:00Z
HUB_MED,PKG-00094,DEPARTURE,2026-09-13T19:25:00Z
HUB_DPS,PKG-00014,ARRIVAL,2026-09-20T10:14:00Z
HUB_MKS,PKG-00121,ARRIVAL,2026-09-11T16:01:00Z
HUB_SMG,PKG-00062,ARRIVAL,2026-09-25T00:02:00Z
HUB_SBY,PKG-00092,DEPARTURE,2026-09-20T23:11:00Z
HUB_BDG,PKG-00171,DEPARTURE,2026-09-18T10:02:24Z
HUB_SBY,PKG-00047,DEPARTURE,2026-09-21T04:31:24Z
HUB_SBY,PKG-00383,DEPARTURE,2026-09-09T13:51:12Z
HUB_JKT,PKG-00452,DEPARTURE,2026-09-08T04:42:48Z
HUB_BDG,PKG-00094,ARRIVAL,2026-09-12T04:34:00Z
HUB_BDG,PKG-00032,ARRIVAL,2026-09-21T03:32:00Z
HUB_SMG,PKG-00080,ARRIVAL,2026-09-18T17:20:00Z
HUB_SMG,PKG-00242,ARRIVAL,2026-09-07T05:02:00Z
HUB_SBY,PKG-00055,ARRIVAL,2026-09-05T08:55:00Z
HUB_JKT,PKG-00227,ARRIVAL,2026-09-24T01:47:00Z
HUB_SBY,PKG-00164,ARRIVAL,2026-09-03T03:44:00Z
HUB_MED,PKG-00034,ARRIVAL,2026-09-02T22:34:00Z
HUB_JKT,PKG-00137,DEPARTURE,2026-09-04T11:09:12Z
HUB_DPS,PKG-00041,ARRIVAL,2026-09-11T22:41:00Z
HUB_BDG,PKG-00289,DEPARTURE,2026-09-22T22:45:24Z
HUB_SBY,PKG-00394,DEPARTURE,2026-09-16T08:17:48Z
HUB_MKS,PKG-00080,DEPARTURE,2026-09-17T18:56:00Z
HUB_BDG,PKG-00213,ARRIVAL,2026-09-25T02:33:00Z
HUB_SBY,PKG-00163,ARRIVAL,2026-09-06T14:43:00Z
HUB_SBY,PKG-00009,ARRIVAL,2026-09-10T09:09:00Z
HUB_DPS,PKG-00170,DEPARTURE,2026-09-23T00:08:00Z
HUB_JKT,PKG-00137,ARRIVAL,2026-09-04T08:17:00Z
HUB_SMG,PKG-00082,DEPARTURE,2026-09-03T16:34:36Z
HUB_JKT,PKG-00492,DEPARTURE,2026-09-14T07:07:48Z
HUB_JKT,PKG-00201,ARRIVAL,2026-09-18T00:21:00Z
HUB_JKT,PKG-00095,ARRIVAL,2026-09-22T02:35:00Z
HUB_JKT,AMBIGUOUS,ARRIVAL,2026-09-01T01:00:00Z
HUB_BDG,PKG-00183,DEPARTURE,2026-09-02T17:19:48Z
HUB_MKS,PKG-00197,DEPARTURE,2026-09-04T16:07:24Z
HUB_SBY,PKG-00175,DEPARTURE,2026-09-19T18:43:36Z
HUB_DPS,PKG-00111,DEPARTURE,2026-09-01T11:10:12Z
HUB_MED,PKG-00038,DEPARTURE,2026-09-20T12:14:36Z
HUB_JKT,PKG-00333,DEPARTURE,2026-09-08T23:22:12Z
HUB_SBY,PKG-00320,ARRIVAL,2026-09-18T17:20:00Z
HUB_JKT,PKG-00240,DEPARTURE,2026-09-06T10:17:24Z
HUB_SBY,PKG-00250,ARRIVAL,2026-09-09T19:10:00Z
HUB_DPS,PKG-00051,DEPARTURE,2026-09-22T16:10:48Z
HUB_SBY,PKG-00037,ARRIVAL,2026-09-09T10:37:00Z
HUB_MKS,PKG-00004,DEPARTURE,2026-09-26T06:10:00Z
HUB_JKT,PKG-00476,ARRIVAL,2026-09-13T08:56:00Z
HUB_MKS,PKG-00163,DEPARTURE,2026-09-15T08:39:24Z
HUB_DPS,PKG-00105,DEPARTURE,2026-09-12T06:13:48Z
HUB_MED,PKG-00030,DEPARTURE,2026-09-18T08:27:36Z
HUB_SMG,PKG-00244,DEPARTURE,2026-09-11T20:39:24Z
HUB_SBY,MISS-A-1,DEPARTURE,2026-09-01T03:00:00Z
HUB_MED,PKG-00130,ARRIVAL,2026-09-17T15:10:00Z
HUB_SBY,PKG-00249,DEPARTURE,2026-09-13T14:34:48Z
HUB_SBY,PKG-00138,DEPARTURE,2026-09-03T18:20:24Z
HUB_JKT,PKG-00000,ARRIVAL,2026-09-08T00:00:00Z
HUB_DPS,PKG-00182,ARRIVAL,2026-09-15T17:02:00Z
HUB_MED,PKG-00057,ARRIVAL,2026-09-11T06:57:00Z
HUB_JKT,PKG-00141,ARRIVAL,2026-09-01T16:21:00Z
HUB_MKS,PKG-00256,ARRIVAL,2026-09-21T08:16:00Z
HUB_SBY,PKG-00370,DEPARTURE,2026-09-03T18:26:12Z
HUB_SBY,PKG-00048,ARRIVAL,2026-09-09T10:48:00Z
HUB_BDG,PKG-00188,ARRIVAL,2026-09-15T05:08:00Z
HUB_BDG,PKG-00036,DEPARTURE,2026-09-22T12:55:48Z
HUB_BDG,PKG-00053,ARRIVAL,2026-09-18T02:53:00Z
HUB_SBY,PKG-00080,DEPARTURE,2026-09-13T04:37:24Z
HUB_BDG,PKG-00001,ARRIVAL,2026-09-21T07:01:00Z
HUB_SBY,PKG-00247,DEPARTURE,2026-09-08T08:13:36Z
HUB_SBY,PKG-00077,ARRIVAL,2026-09-25T17:17:00Z
HUB_SBY,PKG-00187,ARRIVAL,2026-09-13T20:07:00Z
HUB_JKT,PKG-00011,DEPARTURE,2026-09-23T01:31:24Z
HUB_DPS,PKG-00093,DEPARTURE,2026-09-18T13:53:24Z
HUB_JKT,PKG-00449,DEPARTURE,2026-09-04T12:13:24Z
HUB_MED,PKG-00083,ARRIVAL,2026-09-21T07:23:00Z
HUB_MED,PKG-00063,ARRIVAL,2026-09-02T20:03:00Z
HUB_SBY,PKG-00359,ARRIVAL,2026-09-22T03:59:00Z
HUB_MKS,PKG-00177,ARRIVAL,2026-09-10T05:57:00Z
HUB_SBY,PKG-00236,ARRIVAL,2026-09-17T04:56:00Z
HUB_MED,PKG-00164,DEPARTURE,2026-09-22T11:36:48Z
HUB_MKS,PKG-00284,ARRIVAL,2026-09-15T00:44:00Z
HUB_BDG,PKG-00151,DEPARTURE,2026-09-10T04:41:12Z
HUB_SMG,PKG-00217,ARRIVAL,2026-09-04T18:37:00Z
HUB_DPS,PKG-00106,DEPARTURE,2026-09-21T21:30:24Z
HUB_JKT,PKG-00487,ARRIVAL,2026-09-19T13:07:00Z
HUB_JKT,PKG-00473,DEPARTURE,2026-09-14T21:02:00Z
HUB_SMG,PKG-00030,DEPARTURE,2026-09-19T17:38:24Z
HUB_JKT,PKG-00000,ARRIVAL,2026-09-08T00:00:00Z
HUB_SMG,PKG-00229,DEPARTURE,2026-09-23T07:32:48Z
HUB_BDG,PKG-00277,DEPARTURE,2026-09-24T22:08:12Z
HUB_DPS,PKG-00053,DEPARTURE,2026-09-21T09:48:12Z
HUB_JKT,PKG-00312,ARRIVAL,2026-09-15T15:12:00Z
HUB_DPS,PKG-00024,ARRIVAL,2026-09-24T09:24:00Z
HUB_JKT,PKG-00259,ARRIVAL,2026-09-05T10:19:00Z
HUB_DPS,PKG-00104,ARRIVAL,2026-09-03T16:44:00Z
HUB_SBY,PKG-00064,ARRIVAL,2026-09-11T00:04:00Z
HUB_BDG,PKG-00214,DEPARTURE,2026-09-25T10:46:00Z
HUB_MKS,PKG-00048,ARRIVAL,2026-09-01T02:48:00Z
HUB_DPS,PKG-00118,ARRIVAL,2026-09-05T23:58:00Z
HUB_MED,PKG-00137,ARRIVAL,2026-09-25T19:17:00Z
HUB_JKT,PKG-00027,DEPARTURE,2026-09-15T12:25:48Z
HUB_MKS,PKG-00249,DEPARTURE,2026-09-23T04:48:36Z
HUB_SBY,PKG-00346,DEPARTURE,2026-09-16T06:01:36Z
HUB_DPS,PKG-00152,ARRIVAL,2026-09-14T12:32:00Z
HUB_DPS,PKG-00012,ARRIVAL,2026-09-16T19:12:00Z
HUB_MKS,PKG-00186,ARRIVAL,2026-09-05T21:06:00Z
HUB_SMG,PKG-00102,DEPARTURE,2026-09-17T04:30:00Z
HUB_SMG,AMBIGUOUS,DEPARTURE,2026-09-01T03:00:00Z
HUB_SBY,PKG-00258,ARRIVAL,2026-09-04T04:18:00Z
HUB_JKT,PKG-00403,DEPARTURE,2026-09-10T12:33:24Z
HUB_SBY,PKG-00205,ARRIVAL,2026-09-14T19:25:00Z
HUB_BDG,PKG-00286,ARRIVAL,2026-09-23T08:46:00Z
HUB_BDG,PKG-00187,ARRIVAL,2026-09-21T23:07:00Z
HUB_JKT,PKG-00045,ARRIVAL,2026-09-20T23:45:00Z
HUB_SBY,PKG-00160,ARRIVAL,2026-09-10T05:40:00Z
HUB_BDG,PKG-00199,ARRIVAL,2026-09-03T22:19:00Z
HUB_REMOTE,MISS-D-1,ARRIVAL,2026-09-01T00:00:00Z
HUB_MED,PKG-00163,DEPARTURE,2026-09-01T19:40:00Z
HUB_JKT,PKG-00415,DEPARTURE,2026-09-10T08:44:48Z
HUB_MKS,PKG-00332,ARRIVAL,2026-09-10T20:32:00Z
HUB_SBY,PKG-00089,ARRIVAL,2026-09-05T07:29:00Z
HUB_JKT,PKG-00250,DEPARTURE,2026-09-08T02:17:12Z
HUB_JKT,PKG-00326,DEPARTURE,2026-09-20T18:41:00Z
HUB_DPS,PKG-00009,DEPARTURE,2026-09-03T16:42:00Z
HUB_SBY,PKG-00019,DEPARTURE,2026-09-14T10:22:36Z
HUB_MED,PKG-00075,DEPARTURE,2026-09-17T08:42:00Z
HUB_BDG,PKG-00279,DEPARTURE,2026-09-22T02:24:36Z
HUB_MED,PKG-00040,ARRIVAL,2026-09-18T21:40:00Z
HUB_SMG,PKG-00172,DEPARTURE,2026-09-23T04:59:48Z
HUB_SBY,PKG-00034,DEPARTURE,2026-09-03T11:01:36Z
HUB_SMG,PKG-00168,DEPARTURE,2026-09-21T03:49:48Z
HUB_DPS,MISS-A-2,DEPARTURE,2026-09-01T03:00:00Z
HUB_JKT,PKG-00132,ARRIVAL,2026-09-23T02:12:00Z
HUB_JKT,PKG-00497,ARRIVAL,2026-09-14T17:17:00Z
HUB_JKT,PKG-00361,DEPARTURE,2026-09-07T21:33:24Z
HUB_MKS,PKG-00080,ARRIVAL,2026-09-17T06:20:00Z
HUB_BDG,PKG-00187,DEPARTURE,2026-09-22T02:10:00Z
HUB_MKS,PKG-00210,DEPARTURE,2026-09-19T14:21:00Z
HUB_SMG,PKG-00129,ARRIVAL,2026-09-03T21:09:00Z
HUB_JKT,PKG-00123,DEPARTURE,2026-09-11T01:07:48Z
HUB_JKT,PKG-00395,ARRIVAL,2026-09-07T05:35:00Z
HUB_SMG,PKG-00009,DEPARTURE,2026-09-09T18:43:48Z
HUB_SBY,PKG-00256,ARRIVAL,2026-09-09T11:16:00Z
HUB_SBY,PKG-00035,ARRIVAL,2026-09-07T16:35:00Z
HUB_MED,PKG-00072,DEPARTURE,2026-09-05T01:43:48Z
HUB_MED,PKG-00005,DEPARTURE,2026-09-09T13:20:36Z
HUB_SMG,PKG-00189,DEPARTURE,2026-09-15T17:54:36Z
HUB_SMG,PKG-00063,ARRIVAL,2026-09-24T17:03:00Z
HUB_SBY,PKG-00004,ARRIVAL,2026-09-17T21:04:00Z
HUB_MED,PKG-00036,ARRIVAL,2026-09-16T01:36:00Z
HUB_MKS,PKG-00233,ARRIVAL,2026-09-02T23:53:00Z
HUB_SBY,PKG-00329,ARRIVAL,2026-09-10T15:29:00Z
HUB_BDG,PKG-00028,DEPARTURE,2026-09-03T16:13:36Z
HUB_SMG,PKG-00249,ARRIVAL,2026-09-18T23:09:00Z
HUB_SBY,PKG-00319,DEPARTURE,2026-09-21T18:11:48Z
HUB_SBY,PKG-00171,ARRIVAL,2026-09-12T11:51:00Z
HUB_SMG,PKG-00000,ARRIVAL,2026-09-20T17:00:00Z
HUB_MKS,PKG-00256,DEPARTURE,2026-09-21T17:22:36Z
HUB_SMG,PKG-00243,ARRIVAL,2026-09-24T20:03:00Z
HUB_BDG,PKG-00026,ARRIVAL,2026-09-24T02:26:00Z
HUB_BDG,BAD-TS-2,DEPARTURE,2026-09-01T03:00:00Z
HUB_MED,PKG-00121,DEPARTURE,2026-09-13T19:08:48Z
HUB_SBY,PKG-00364,ARRIVAL,2026-09-01T01:04:00Z
HUB_JKT,PKG-00050,DEPARTURE,2026-09-09T00:47:36Z
HUB_MKS,PKG-00326,DEPARTURE,2026-09-09T00:48:12Z
HUB_DPS,PKG-00157,DEPARTURE,2026-09-02T11:56:12Z
HUB_SMG,PKG-00183,ARRIVAL,2026-09-25T09:03:00Z
HUB_SMG,REVERSE-1,ARRIVAL,2026-09-01T03:00:00Z
HUB_JKT,PKG-00159,DEPARTURE,2026-09-21T00:41:24Z
HUB_JKT,PKG-00424,ARRIVAL,2026-09-08T20:04:00Z
HUB_MED,PKG-00070,ARRIVAL,2026-09-01T03:10:00Z
HUB_BDG,PKG-00141,DEPARTURE,2026-09-19T07:03:00Z
HUB_DPS,PKG-00071,DEPARTURE,2026-09-08T15:03:48Z
HUB_SBY,PKG-00209,ARRIVAL,2026-09-13T00:29:00Z
HUB_MED,PKG-00060,DEPARTURE,2026-09-03T21:52:48Z
HUB_JKT,PKG-00402,ARRIVAL,2026-09-19T07:42:00Z
HUB_SMG,PKG-00236,ARRIVAL,2026-09-09T15:56:00Z
HUB_SBY,PKG-00265,DEPARTURE,2026-09-24T05:13:36Z
HUB_BDG,PKG-00164,ARRIVAL,2026-09-02T13:44:00Z
HUB_JKT,PKG-00260,DEPARTURE,2026-09-12T21:14:36Z
HUB_BDG,PKG-00100,ARRIVAL,2026-09-13T08:40:00Z
HUB_JKT,PKG-00357,ARRIVAL,2026-09-17T22:57:00Z
HUB_DPS,PKG-00175,ARRIVAL,2026-09-03T16:55:00Z
HUB_MKS,PKG-00230,DEPARTURE,2026-09-08T22:57:12Z
HUB_SBY,PKG-00003,ARRIVAL,2026-09-08T07:03:00Z
HUB_JKT,PKG-00281,ARRIVAL,2026-09-08T07:41:00Z
HUB_REMOTE,PKG-00000,ARRIVAL,2026-09-02T07:00:00Z
HUB_SBY,PKG-00016,ARRIVAL,2026-09-22T17:16:00Z
HUB_DPS,PKG-00074,DEPARTURE,2026-09-04T06:22:24Z
HUB_MKS,PKG-00268,ARRIVAL,2026-09-11T21:28:00Z
HUB_SBY,PKG-00173,DEPARTURE,2026-09-05T04:01:24Z
HUB_MKS,PKG-00071,ARRIVAL,2026-09-23T06:11:00Z
HUB_JKT,PKG-00192,ARRIVAL,2026-09-21T14:12:00Z
HUB_MKS,PKG-00281,ARRIVAL,2026-09-09T15:41:00Z
HUB_DPS,PKG-00107,ARRIVAL,2026-09-03T20:47:00Z
HUB_SMG,PKG-00221,ARRIVAL,2026-09-23T13:41:00Z
HUB_SBY,PKG-00126,ARRIVAL,2026-09-08T11:06:00Z
HUB_JKT,PKG-00325,ARRIVAL,2026-09-21T15:25:00Z
HUB_MKS,PKG-00168,DEPARTURE,2026-09-02T11:25:48Z
HUB_JKT,PKG-00332,DEPARTURE,2026-09-25T08:33:12Z
HUB_SMG,PKG-00052,ARRIVAL,2026-09-10T23:52:00Z
HUB_SMG,PKG-00067,DEPARTURE,2026-09-02T22:11:48Z
HUB_SBY,PKG-00330,DEPARTURE,2026-09-07T01:54:00Z
HUB_DPS,PKG-00063,DEPARTURE,2026-09-10T23:06:36Z
HUB_MKS,PKG-00134,ARRIVAL,2026-09-19T02:14:00Z
HUB_SMG,PKG-00180,ARRIVAL,2026-09-24T18:00:00Z
HUB_MKS,PKG-00340,DEPARTURE,2026-09-09T15:24:24Z
HUB_DPS,PKG-00110,DEPARTURE,2026-09-21T16:02:36Z
HUB_MED,PKG-00005,ARRIVAL,2026-09-09T06:05:00Z
HUB_SMG,PKG-00097,DEPARTURE,2026-09-26T00:16:00Z
HUB_BDG,PKG-00048,ARRIVAL,2026-09-03T00:48:00Z
HUB_BDG,PKG-00154,ARRIVAL,2026-09-04T07:34:00Z
HUB_MED,PKG-00126,ARRIVAL,2026-09-12T18:06:00Z
HUB_BDG,PKG-00157,ARRIVAL,2026-09-21T14:37:00Z
HUB_JKT,PKG-00344,DEPARTURE,2026-09-20T15:39:48Z
HUB_JKT,PKG-00107,ARRIVAL,2026-09-18T09:47:00Z
HUB_SMG,PKG-00133,DEPARTURE,2026-09-19T03:07:00Z
HUB_SBY,PKG-00304,DEPARTURE,2026-09-24T18:30:24Z
HUB_SMG,PKG-00071,DEPARTURE,2026-09-12T22:42:48Z
HUB_JKT,PKG-00274,ARRIVAL,2026-09-07T18:34:00Z
HUB_MKS,PKG-00338,ARRIVAL,2026-09-10T05:38:00Z
HUB_JKT,PKG-00337,ARRIVAL,2026-09-02T04:37:00Z
HUB_SBY,PKG-00348,DEPARTURE,2026-09-18T22:45:36Z
HUB_SBY,PKG-00131,ARRIVAL,2026-09-19T08:11:00Z
HUB_SBY,PKG-00198,ARRIVAL,2026-09-01T13:18:00Z
HUB_MKS,PKG-00121,DEPARTURE,2026-09-12T01:10:36Z
HUB_MKS,PKG-00109,DEPARTURE,2026-09-17T04:18:24Z
HUB_BDG,PKG-00089,ARRIVAL,2026-09-11T16:29:00Z
HUB_DPS,PKG-00041,DEPARTURE,2026-09-12T05:54:48Z
HUB_BDG,PKG-00013,ARRIVAL,2026-09-17T13:13:00Z
HUB_JKT,PKG-00138,ARRIVAL,2026-09-23T01:18:00Z
HUB_JKT,PKG-00125,DEPARTURE,2026-09-12T13:50:00Z
HUB_MKS,BAD-TS-1,ARRIVAL,not-a-date
HUB_DPS,PKG-00029,ARRIVAL,2026-09-20T16:29:00Z
HUB_MKS,PKG-00103,ARRIVAL,2026-09-11T15:43:00Z
HUB_MED,PKG-00033,DEPARTURE,2026-09-03T07:10:48Z
HUB_JKT,PKG-00302,ARRIVAL,2026-09-10T22:02:00Z
HUB_JKT,PKG-00157,DEPARTURE,2026-09-18T09:11:48Z
HUB_BDG,PKG-00016,DEPARTURE,2026-09-18T12:37:36Z
HUB_BDG,PKG-00022,ARRIVAL,2026-09-09T08:22:00Z
HUB_BDG,PKG-00049,DEPARTURE,2026-09-26T02:00:24Z
HUB_SMG,PKG-00128,ARRIVAL,2026-09-25T04:08:00Z
HUB_BDG,PKG-00025,ARRIVAL,2026-09-24T07:25:00Z
HUB_JKT,PKG-00390,DEPARTURE,2026-09-18T13:10:48Z
HUB_SBY,PKG-00059,DEPARTURE,2026-09-21T13:46:24Z
HUB_DPS,PKG-00044,ARRIVAL,2026-09-17T14:44:00Z
HUB_JKT,PKG-00018,DEPARTURE,2026-09-12T16:42:36Z
HUB_BDG,PKG-00253,ARRIVAL,2026-09-25T13:13:00Z
HUB_JKT,PKG-00450,ARRIVAL,2026-09-06T09:30:00Z
HUB_DPS,MISS-A-0,DEPARTURE,2026-09-01T03:00:00Z
HUB_JKT,PKG-00490,DEPARTURE,2026-09-12T05:01:36Z
HUB_JKT,PKG-00314,ARRIVAL,2026-09-20T16:14:00Z
HUB_JKT,PKG-00454,ARRIVAL,2026-09-19T08:34:00Z
HUB_JKT,PKG-00091,DEPARTURE,2026-09-11T05:08:48Z
HUB_JKT,PKG-00331,DEPARTURE,2026-09-01T07:58:36Z
HUB_MKS,PKG-00313,ARRIVAL,2026-09-05T22:13:00Z
HUB_JKT,PKG-00490,ARRIVAL,2026-09-12T02:10:00Z
HUB_BDG,PKG-00239,DEPARTURE,2026-09-02T01:15:48Z
HUB_BDG,PKG-00091,DEPARTURE,2026-09-21T03:48:24Z
HUB_MKS,PKG-00348,ARRIVAL,2026-09-07T12:48:00Z
HUB_MKS,PKG-00271,DEPARTURE,2026-09-21T07:16:36Z
HUB_SMG,PKG-00100,DEPARTURE,2026-09-17T10:23:48Z
HUB_SBY,PKG-00155,DEPARTURE,2026-09-07T10:39:12Z
HUB_BDG,PKG-00275,DEPARTURE,2026-09-02T13:36:48Z
HUB_MKS,PKG-00174,ARRIVAL,2026-09-24T20:54:00Z
HUB_JKT,PKG-00020,DEPARTURE,2026-09-04T22:32:00Z
HUB_SBY,PKG-00293,ARRIVAL,2026-09-06T17:53:00Z
HUB_MKS,PKG-00257,ARRIVAL,2026-09-17T14:17:00Z
HUB_MKS,PKG-00166,ARRIVAL,2026-09-13T11:46:00Z
HUB_DPS,PKG-00117,DEPARTURE,2026-09-17T13:32:24Z
HUB_MKS,PKG-00094,ARRIVAL,2026-09-06T16:34:00Z
HUB_SBY,PKG-00134,DEPARTURE,2026-09-12T02:09:12Z
HUB_DPS,PKG-00003,ARRIVAL,2026-09-24T09:03:00Z
HUB_DPS,PKG-00010,ARRIVAL,2026-09-16T15:10:00Z
HUB_JKT,PKG-00100,DEPARTURE,2026-09-08T03:26:48Z
HUB_MKS,PKG-00268,DEPARTURE,2026-09-12T08:50:48Z
HUB_MKS,PKG-00169,ARRIVAL,2026-09-17T22:49:00Z
HUB_DPS,PKG-00122,DEPARTURE,2026-09-06T03:33:48Z
HUB_MED,PKG-00084,ARRIVAL,2026-09-13T17:24:00Z
HUB_MKS,PKG-00327,DEPARTURE,2026-09-16T06:43:48Z
HUB_MED,PKG-00154,ARRIVAL,2026-09-23T09:34:00Z
HUB_JKT,MISS-A-1,DEPARTURE,2026-09-01T03:00:00Z
HUB_BDG,PKG-00191,DEPARTURE,2026-09-08T21:26:36Z
HUB_MKS,PKG-00189,DEPARTURE,2026-09-13T19:23:24Z
HUB_MKS,PKG-00147,DEPARTURE,2026-09-13T10:13:12Z
HUB_MED,PKG-00078,ARRIVAL,2026-09-06T17:18:00Z
HUB_DPS,PKG-00166,ARRIVAL,2026-09-20T21:46:00Z
HUB_SBY,AMBIGUOUS,DEPARTURE,2026-09-01T03:00:00Z
HUB_BDG,PKG-00154,DEPARTURE,2026-09-04T10:59:12Z
HUB_MKS,PKG-00129,ARRIVAL,2026-09-07T03:09:00Z
HUB_JKT,PKG-00477,ARRIVAL,2026-09-23T17:57:00Z
HUB_DPS,PKG-00064,ARRIVAL,2026-09-02T09:04:00Z
HUB_SBY,PKG-00250,DEPARTURE,2026-09-09T23:10:00Z
HUB_DPS,PKG-00057,ARRIVAL,2026-09-07T02:57:00Z
HUB_JKT,PKG-00050,ARRIVAL,2026-09-08T20:50:00Z
HUB_MKS,PKG-00304,ARRIVAL,2026-09-19T08:04:00Z
HUB_BDG,PKG-00184,ARRIVAL,2026-09-17T11:04:00Z
HUB_MKS,PKG-00133,ARRIVAL,2026-09-21T20:13:00Z
HUB_SMG,PKG-00140,ARRIVAL,2026-09-03T23:20:00Z
HUB_SMG,PKG-00189,ARRIVAL,2026-09-15T12:09:00Z
HUB_MKS,PKG-00306,DEPARTURE,2026-09-25T04:53:24Z
HUB_MKS,PKG-00112,DEPARTURE,2026-09-02T01:35:12Z
HUB_MED,PKG-00120,ARRIVAL,2026-09-04T23:00:00Z
HUB_DPS,PKG-00179,DEPARTURE,2026-09-06T07:51:12Z
HUB_SMG,PKG-00235,ARRIVAL,2026-09-11T12:55:00Z
HUB_JKT,PKG-00372,ARRIVAL,2026-09-11T00:12:00Z
HUB_JKT,PKG-00269,DEPARTURE,2026-09-03T20:08:00Z
HUB_SBY,PKG-00363,DEPARTURE,2026-09-06T23:28:48Z
HUB_SBY,PKG-00097,ARRIVAL,2026-09-10T07:37:00Z
HUB_MED,PKG-00119,DEPARTURE,2026-09-06T17:42:48Z
HUB_JKT,PKG-00115,DEPARTURE,2026-09-18T15:31:36Z
HUB_BDG,PKG-00103,DEPARTURE,2026-09-17T20:40:36Z
HUB_SBY,PKG-00353,ARRIVAL,2026-09-08T09:53:00Z
HUB_SMG,PKG-00160,ARRIVAL,2026-09-19T00:40:00Z
HUB_MKS,PKG-00315,DEPARTURE,2026-09-17T17:28:48Z
HUB_DPS,PKG-00077,ARRIVAL,2026-09-13T18:17:00Z
HUB_JKT,PKG-00460,ARRIVAL,2026-09-16T13:40:00Z
HUB_SMG,PKG-00006,ARRIVAL,2026-09-10T04:06:00Z
HUB_DPS,PKG-00199,ARRIVAL,2026-09-13T18:19:00Z
HUB_JKT,PKG-00004,ARRIVAL,2026-09-23T01:04:00Z
HUB_MED,PKG-00158,DEPARTURE,2026-09-07T21:15:12Z
HUB_SBY,PKG-00347,DEPARTURE,2026-09-04T17:00:48Z
HUB_SBY,PKG-00260,ARRIVAL,2026-09-20T20:20:00Z
HUB_JKT,PKG-00439,ARRIVAL,2026-09-19T17:19:00Z
HUB_MKS,PKG-00011,ARRIVAL,2026-09-13T21:11:00Z
HUB_JKT,PKG-00127,ARRIVAL,2026-09-15T00:07:00Z
HUB_MKS,PKG-00298,ARRIVAL,2026-09-12T00:58:00Z
HUB_BDG,PKG-00007,DEPARTURE,2026-09-18T13:48:24Z
HUB_SBY,PKG-00059,ARRIVAL,2026-09-21T09:59:00Z
HUB_MED,REVERSE-1,ARRIVAL,2026-09-01T03:00:00Z
HUB_SBY,PKG-00327,ARRIVAL,2026-09-20T00:27:00Z
HUB_BDG,PKG-00051,ARRIVAL,2026-09-02T10:51:00Z
HUB_BDG,BAD-TS-1,ARRIVAL,not-a-date
HUB_SBY,PKG-00360,ARRIVAL,2026-09-24T06:00:00Z
HUB_DPS,PKG-00000,ARRIVAL,2026-09-09T15:00:00Z
HUB_BDG,PKG-00138,DEPARTURE,2026-09-01T14:24:00Z
HUB_MKS,PKG-00132,ARRIVAL,2026-09-21T01:12:00Z
HUB_MKS,PKG-00230,ARRIVAL,2026-09-08T13:50:00Z
HUB_JKT,PKG-00140,DEPARTURE,2026-09-04T17:25:24Z
HUB_JKT,PKG-00273,DEPARTURE,2026-09-03T07:34:48Z
HUB_SBY,PKG-00079,ARRIVAL,2026-09-17T15:19:00Z
HUB_JKT,PKG-00381,DEPARTURE,2026-09-08T20:17:24Z
HUB_SBY,PKG-00261,DEPARTURE,2026-09-03T00:32:24Z
HUB_SBY,PKG-00181,ARRIVAL,2026-09-06T16:01:00Z
HUB_SMG,PKG-00114,DEPARTURE,2026-09-18T20:28:12Z
HUB_MKS,PKG-00273,DEPARTURE,2026-09-04T12:27:36Z
HUB_JKT,PKG-00165,ARRIVAL,2026-09-13T06:45:00Z
HUB_SBY,PKG-00182,DEPARTURE,2026-09-23T23:41:00Z
HUB_SBY,PKG-00142,DEPARTURE,2026-09-20T12:11:12Z
HUB_BDG,PKG-00069,DEPARTURE,2026-09-03T03:55:12Z
HUB_DPS,PKG-00145,ARRIVAL,2026-09-17T00:25:00Z
HUB_BDG,PKG-00280,DEPARTURE,2026-09-05T16:34:36Z
HUB_BDG,PKG-00162,DEPARTURE,2026-09-05T20:51:36Z
HUB_JKT,PKG-00058,DEPARTURE,2026-09-08T22:53:48Z
HUB_SBY,PKG-00143,ARRIVAL,2026-09-12T16:23:00Z
HUB_MED,REVERSE-1,DEPARTURE,2026-09-01T00:00:00Z
HUB_BDG,MISS-D-0,ARRIVAL,2026-09-01T00:00:00Z
HUB_MKS,PKG-00319,DEPARTURE,2026-09-04T16:30:24Z
HUB_MED,PKG-00139,DEPARTURE,2026-09-12T08:02:48Z
HUB_JKT,PKG-00301,DEPARTURE,2026-09-03T01:20:48Z
HUB_SBY,PKG-00396,ARRIVAL,2026-09-19T18:36:00Z
HUB_MKS,PKG-00217,DEPARTURE,2026-09-18T21:28:00Z
HUB_JKT,PKG-00118,ARRIVAL,2026-09-07T19:58:00Z
HUB_SMG,PKG-00100,ARRIVAL,2026-09-17T03:40:00Z
HUB_SMG,PKG-00043,DEPARTURE,2026-09-24T08:19:36Z
HUB_JKT,PKG-00499,DEPARTURE,2026-09-18T18:34:36Z
HUB_JKT,PKG-00438,ARRIVAL,2026-09-08T21:18:00Z
HUB_MKS,PKG-00161,DEPARTURE,2026-09-21T04:26:00Z
HUB_MKS,PKG-00231,ARRIVAL,2026-09-08T00:51:00Z
HUB_SBY,PKG-00281,ARRIVAL,2026-09-25T06:41:00Z
HUB_JKT,PKG-00014,ARRIVAL,2026-09-16T05:14:00Z
HUB_SBY,PKG-00373,DEPARTURE,2026-09-01T06:28:00Z
HUB_JKT,PKG-00210,ARRIVAL,2026-09-23T22:30:00Z
HUB_JKT,PKG-00371,ARRIVAL,2026-09-14T13:11:00Z
HUB_JKT,PKG-00479,DEPARTURE,2026-09-05T17:34:24Z
HUB_BDG,PKG-00062,DEPARTURE,2026-09-09T12:14:36Z
HUB_JKT,BAD-TS-1,ARRIVAL,not-a-date
HUB_JKT,PKG-00000,DEPARTURE,2026-09-08T03:33:36Z
HUB_SBY,PKG-00309,ARRIVAL,2026-09-06T02:09:00Z
HUB_JKT,PKG-00067,ARRIVAL,2026-09-18T16:07:00Z
HUB_SBY,PKG-00177,ARRIVAL,2026-09-15T03:57:00Z
HUB_SMG,PKG-00207,DEPARTURE,2026-09-07T19:49:48Z
HUB_JKT,PKG-00374,DEPARTURE,2026-09-03T03:07:24Z
HUB_MKS,UNKNOWN,ARRIVAL,2026-09-01T00:00:00Z
HUB_JKT,PKG-00251,ARRIVAL,2026-09-24T01:11:00Z
HUB_MKS,PKG-00114,DEPARTURE,2026-09-17T01:42:36Z
HUB_SBY,PKG-00230,ARRIVAL,2026-09-21T09:50:00Z
HUB_SBY,PKG-00078,DEPARTURE,2026-09-25T23:44:24Z
HUB_SBY,PKG-00286,DEPARTURE,2026-09-05T21:32:12Z
HUB_JKT,PKG-00299,DEPARTURE,2026-09-11T12:17:00Z
HUB_BDG,PKG-00177,ARRIVAL,2026-09-23T07:57:00Z
HUB_MED,PKG-00101,ARRIVAL,2026-09-15T16:41:00Z
HUB_JKT,PKG-00384,DEPARTURE,2026-09-09T15:38:24Z
HUB_SBY,PKG-00000,ARRIVAL,2026-09-16T22:00:00Z
HUB_SMG,PKG-00046,DEPARTURE,2026-09-22T23:04:36Z
HUB_JKT,PKG-00430,DEPARTURE,2026-09-11T23:40:36Z
HUB_MKS,PKG-00021,DEPARTURE,2026-09-20T13:53:24Z
HUB_SBY,PKG-00140,DEPARTURE,2026-09-22T09:00:48Z
HUB_SBY,PKG-00376,DEPARTURE,2026-09-10T01:17:12Z
HUB_JKT,PKG-00367,ARRIVAL,2026-09-23T16:07:00Z
HUB_JKT,PKG-00267,DEPARTURE,2026-09-25T23:04:12Z
HUB_SMG,PKG-00171,ARRIVAL,2026-09-19T15:51:00Z
HUB_SBY,PKG-00089,DEPARTURE,2026-09-05T12:17:36Z
HUB_MKS,PKG-00052,ARRIVAL,2026-09-11T00:52:00Z
HUB_JKT,PKG-00002,DEPARTURE,2026-09-09T17:20:36Z
HUB_MKS,PKG-00342,DEPARTURE,2026-09-22T15:29:24Z
HUB_MKS,PKG-00140,DEPARTURE,2026-09-08T19:32:36Z
HUB_JKT,PKG-00181,DEPARTURE,2026-09-14T14:13:36Z
HUB_MKS,PKG-00289,DEPARTURE,2026-09-11T23:15:24Z
HUB_BDG,PKG-00084,ARRIVAL,2026-09-20T17:24:00Z
HUB_REMOTE,BAD-TS-2,ARRIVAL,not-a-date
HUB_SMG,PKG-00142,ARRIVAL,2026-09-08T02:22:00Z
HUB_MKS,PKG-00081,ARRIVAL,2026-09-05T18:21:00Z
HUB_MKS,PKG-00293,ARRIVAL,2026-09-10T21:53:00Z
HUB_MED,PKG-00170,DEPARTURE,2026-09-24T11:46:24Z
HUB_MKS,PKG-00216,DEPARTURE,2026-09-25T11:26:24Z
HUB_MKS,PKG-00067,DEPARTURE,2026-09-04T08:14:48Z
HUB_SBY,PKG-00190,ARRIVAL,2026-09-25T19:10:00Z
HUB_SBY,PKG-00065,ARRIVAL,2026-09-19T07:05:00Z
HUB_MED,PKG-00165,ARRIVAL,2026-09-10T19:45:00Z
HUB_BDG,PKG-00208,ARRIVAL,2026-09-20T01:28:00Z
HUB_SBY,PKG-00295,DEPARTURE,2026-09-26T03:59:48Z
HUB_MKS,PKG-00266,ARRIVAL,2026-09-22T01:26:00Z
HUB_MKS,PKG-00296,DEPARTURE,2026-09-03T01:39:48Z
HUB_SMG,PKG-00205,DEPARTURE,2026-09-09T04:31:00Z
HUB_SMG,PKG-00051,DEPARTURE,2026-09-14T20:21:00Z
HUB_SMG,PKG-00148,DEPARTURE,2026-09-20T09:22:36Z
HUB_SMG,PKG-00187,ARRIVAL,2026-09-15T13:07:00Z
HUB_JKT,PKG-00313,ARRIVAL,2026-09-01T16:13:00Z
HUB_JKT,PKG-00191,DEPARTURE,2026-09-04T01:26:00Z
HUB_DPS,PKG-00082,ARRIVAL,2026-09-05T04:22:00Z
HUB_MKS,PKG-00188,ARRIVAL,2026-09-19T00:08:00Z
HUB_SMG,PKG-00077,DEPARTURE,2026-09-14T22:47:00Z
HUB_BDG,PKG-00246,DEPARTURE,2026-09-06T07:57:36Z
HUB_SBY,PKG-00121,ARRIVAL,2026-09-10T07:01:00Z
HUB_DPS,PKG-00013,ARRIVAL,2026-09-19T00:13:00Z
HUB_SBY,PKG-00356,ARRIVAL,2026-09-07T11:56:00Z
HUB_SBY,PKG-00326,ARRIVAL,2026-09-05T20:26:00Z
HUB_DPS,PKG-00001,DEPARTURE,2026-09-17T15:47:48Z
HUB_MKS,PKG-00263,DEPARTURE,2026-09-25T17:06:48Z
HUB_SBY,PKG-00142,ARRIVAL,2026-09-20T05:22:00Z
HUB_JKT,PKG-00174,DEPARTURE,2026-09-15T22:54:36Z
HUB_BDG,PKG-00115,DEPARTURE,2026-09-05T13:31:36Z
HUB_MKS,PKG-00154,DEPARTURE,2026-09-24T01:34:36Z
HUB_BDG,PKG-00030,DEPARTURE,2026-09-19T17:58:12Z
HUB_BDG,PKG-00030,ARRIVAL,2026-09-19T13:30:00Z
HUB_SBY,PKG-00269,ARRIVAL,2026-09-09T23:29:00Z
HUB_JKT,PKG-00480,DEPARTURE,2026-09-19T08:42:00Z
HUB_DPS,PKG-00066,ARRIVAL,2026-09-23T16:06:00Z
HUB_JKT,PKG-00017,ARRIVAL,2026-09-12T13:17:00Z
HUB_JKT,PKG-00012,ARRIVAL,2026-09-04T20:12:00Z
HUB_SBY,PKG-00279,DEPARTURE,2026-09-13T10:11:24Z
HUB_SBY,PKG-00245,ARRIVAL,2026-09-14T07:05:00Z
HUB_JKT,PKG-00021,DEPARTURE,2026-09-02T09:43:12Z
HUB_BDG,PKG-00041,DEPARTURE,2026-09-18T13:17:00Z
HUB_JKT,PKG-00446,DEPARTURE,2026-09-14T09:55:24Z
HUB_JKT,PKG-00369,ARRIVAL,2026-09-04T04:09:00Z
HUB_BDG,PKG-00057,ARRIVAL,2026-09-18T02:57:00Z
HUB_BDG,PKG-00005,DEPARTURE,2026-09-20T12:33:48Z
HUB_JKT,PKG-00060,DEPARTURE,2026-09-20T11:25:12Z
HUB_SMG,PKG-00036,DEPARTURE,2026-09-14T09:02:24Z
HUB_JKT,PKG-00056,ARRIVAL,2026-09-15T12:56:00Z
HUB_SMG,PKG-00105,ARRIVAL,2026-09-21T17:45:00Z
HUB_JKT,PKG-00083,DEPARTURE,2026-09-02T15:18:48Z
HUB_MED,PKG-00073,ARRIVAL,2026-09-01T04:13:00Z
HUB_MKS,PKG-00093,DEPARTURE,2026-09-08T08:10:48Z
HUB_JKT,PKG-00351,DEPARTURE,2026-09-08T01:37:12Z
HUB_MED,PKG-00065,ARRIVAL,2026-09-12T02:05:00Z
HUB_SBY,PKG-00265,ARRIVAL,2026-09-24T01:25:00Z
HUB_JKT,REVERSE-1,ARRIVAL,2026-09-01T03:00:00Z
HUB_JKT,PKG-00130,DEPARTURE,2026-09-06T23:34:36Z
HUB_SMG,PKG-00067,ARRIVAL,2026-09-02T17:07:00Z
HUB_MKS,PKG-00332,DEPARTURE,2026-09-11T07:56:36Z
HUB_SMG,PKG-00038,DEPARTURE,2026-09-04T03:53:36Z
HUB_SBY,PKG-00098,ARRIVAL,2026-09-13T18:38:00Z
HUB_SBY,PKG-00070,ARRIVAL,2026-09-22T17:10:00Z
HUB_SMG,PKG-00239,ARRIVAL,2026-09-16T06:59:00Z
HUB_MKS,BAD-TS-0,DEPARTURE,2026-09-01T03:00:00Z
HUB_BDG,PKG-00028,ARRIVAL,2026-09-03T12:28:00Z
HUB_SBY,PKG-00042,ARRIVAL,2026-09-16T14:42:00Z
HUB_DPS,PKG-00137,ARRIVAL,2026-09-20T03:17:00Z
HUB_SBY,PKG-00036,ARRIVAL,2026-09-07T02:36:00Z
HUB_JKT,PKG-00244,DEPARTURE,2026-09-14T23:32:12Z
HUB_JKT,PKG-00254,ARRIVAL,2026-09-05T21:14:00Z
HUB_SBY,PKG-00086,DEPARTURE,2026-09-10T12:21:12Z
HUB_SMG,MISS-D-1,ARRIVAL,2026-09-01T00:00:00Z
HUB_SMG,PKG-00092,DEPARTURE,2026-09-20T20:21:12Z
HUB_BDG,PKG-00093,ARRIVAL,2026-09-16T17:33:00Z
HUB_MKS,PKG-00172,DEPARTURE,2026-09-04T15:28:00Z
HUB_SBY,PKG-00213,ARRIVAL,2026-09-07T13:33:00Z
HUB_JKT,PKG-00171,DEPARTURE,2026-09-11T22:30:00Z
HUB_JKT,PKG-00144,DEPARTURE,2026-09-21T06:24:00Z
HUB_SBY,PKG-00337,ARRIVAL,2026-09-11T18:37:00Z
HUB_SBY,PKG-00287,DEPARTURE,2026-09-08T14:33:48Z
HUB_JKT,PKG-00069,DEPARTURE,2026-09-08T08:41:24Z
HUB_DPS,PKG-00097,DEPARTURE,2026-09-26T02:31:00Z
HUB_DPS,PKG-00153,DEPARTURE,2026-09-09T15:57:36Z
HUB_MKS,PKG-00050,ARRIVAL,2026-09-13T18:50:00Z
HUB_SMG,PKG-00124,DEPARTURE,2026-09-14T23:59:12Z
HUB_SMG,PKG-00059,ARRIVAL,2026-09-13T18:59:00Z
HUB_BDG,PKG-00192,ARRIVAL,2026-09-20T06:12:00Z
HUB_DPS,PKG-00119,DEPARTURE,2026-09-16T14:24:12Z
HUB_DPS,PKG-00019,ARRIVAL,2026-09-16T14:19:00Z
HUB_JKT,PKG-00172,DEPARTURE,2026-09-12T13:37:36Z
HUB_MED,BAD-TS-1,DEPARTURE,2026-09-01T03:00:00Z
HUB_MKS,PKG-00120,ARRIVAL,2026-09-22T00:00:00Z
HUB_JKT,PKG-00373,ARRIVAL,2026-09-18T00:13:00Z
HUB_SBY,PKG-00041,ARRIVAL,2026-09-21T23:41:00Z
HUB_JKT,PKG-00217,ARRIVAL,2026-09-14T20:37:00Z
HUB_BDG,PKG-00232,ARRIVAL,2026-09-20T14:52:00Z
HUB_BDG,PKG-00128,DEPARTURE,2026-09-05T17:08:00Z
HUB_DPS,PKG-00108,ARRIVAL,2026-09-03T17:48:00Z
HUB_MKS,PKG-00181,ARRIVAL,2026-09-16T01:01:00Z
HUB_JKT,PKG-00194,DEPARTURE,2026-09-14T12:41:00Z
HUB_BDG,PKG-00248,ARRIVAL,2026-09-13T23:08:00Z
HUB_JKT,PKG-00375,ARRIVAL,2026-09-22T03:15:00Z
HUB_DPS,PKG-00006,DEPARTURE,2026-09-05T09:59:24Z
HUB_SBY,PKG-00332,DEPARTURE,2026-09-02T18:48:48Z
HUB_BDG,PKG-00289,ARRIVAL,2026-09-22T18:49:00Z
HUB_SMG,PKG-00070,DEPARTURE,2026-09-22T22:11:12Z
HUB_JKT,PKG-00451,DEPARTURE,2026-09-23T06:54:24Z
HUB_MED,PKG-00014,DEPARTURE,2026-09-24T15:42:12Z
HUB_MKS,PKG-00307,DEPARTURE,2026-09-18T15:55:00Z
HUB_DPS,PKG-00140,ARRIVAL,2026-09-08T22:20:00Z
HUB_MKS,PKG-00020,DEPARTURE,2026-09-06T00:55:24Z
HUB_JKT,PKG-00016,DEPARTURE,2026-09-02T16:35:12Z
HUB_JKT,PKG-00434,ARRIVAL,2026-09-13T06:14:00Z
HUB_BDG,PKG-00035,ARRIVAL,2026-09-14T02:35:00Z
HUB_SBY,PKG-00146,ARRIVAL,2026-09-13T17:26:00Z
HUB_SBY,PKG-00095,ARRIVAL,2026-09-25T02:35:00Z
HUB_BDG,PKG-00299,DEPARTURE,2026-09-22T15:21:12Z
HUB_MKS,PKG-00031,ARRIVAL,2026-09-12T00:31:00Z
HUB_SBY,PKG-00100,ARRIVAL,2026-09-06T08:40:00Z
HUB_SBY,PKG-00183,ARRIVAL,2026-09-11T02:03:00Z
HUB_SBY,PKG-00275,DEPARTURE,2026-09-23T03:51:12Z
HUB_SBY,PKG-00056,ARRIVAL,2026-09-18T13:56:00Z
HUB_SMG,PKG-00235,DEPARTURE,2026-09-11T20:10:36Z
HUB_JKT,PKG-00348,DEPARTURE,2026-09-07T04:36:00Z
HUB_JKT,PKG-00363,ARRIVAL,2026-09-05T09:03:00Z
HUB_SMG,PKG-00066,DEPARTURE,2026-09-01T22:11:24Z
HUB_DPS,PKG-00033,ARRIVAL,2026-09-16T14:33:00Z
HUB_SMG,PKG-00118,ARRIVAL,2026-09-10T06:58:00Z
HUB_BDG,PKG-00149,ARRIVAL,2026-09-05T00:29:00Z
HUB_BDG,PKG-00163,ARRIVAL,2026-09-20T13:43:00Z
HUB_BDG,PKG-00024,DEPARTURE,2026-09-24T15:42:36Z
HUB_SMG,PKG-00173,DEPARTURE,2026-09-23T11:53:00Z
HUB_DPS,PKG-00075,DEPARTURE,2026-09-03T11:58:48Z
HUB_MKS,PKG-00242,ARRIVAL,2026-09-21T13:02:00Z
HUB_JKT,PKG-00349,DEPARTURE,2026-09-20T05:31:00Z
HUB_JKT,PKG-00109,ARRIVAL,2026-09-02T15:49:00Z
HUB_JKT,PKG-00377,DEPARTURE,2026-09-20T21:33:12Z
HUB_SMG,PKG-00014,DEPARTURE,2026-09-03T13:17:00Z
HUB_SBY,PKG-00360,DEPARTURE,2026-09-24T10:01:48Z
HUB_SBY,PKG-00237,DEPARTURE,2026-09-13T14:09:36Z
HUB_SMG,PKG-00062,DEPARTURE,2026-09-25T08:54:12Z
HUB_JKT,PKG-00142,ARRIVAL,2026-09-09T02:22:00Z
HUB_JKT,PKG-00465,DEPARTURE,2026-09-22T03:41:24Z
HUB_MED,PKG-00001,DEPARTURE,2026-09-15T09:53:48Z
HUB_MED,PKG-00168,DEPARTURE,2026-09-09T21:27:00Z
HUB_JKT,PKG-00270,ARRIVAL,2026-09-07T23:30:00Z
HUB_JKT,PKG-00449,ARRIVAL,2026-09-04T09:29:00Z
HUB_JKT,PKG-00290,DEPARTURE,2026-09-25T17:00:48Z
HUB_SMG,PKG-00145,DEPARTURE,2026-09-03T05:07:36Z
HUB_JKT,PKG-00106,DEPARTURE,2026-09-17T10:44:12Z
HUB_JKT,PKG-00055,DEPARTURE,2026-09-01T07:46:36Z
HUB_MKS,PKG-00023,DEPARTURE,2026-09-06T19:46:24Z
HUB_JKT,PKG-00178,ARRIVAL,2026-09-25T08:58:00Z
HUB_JKT,PKG-00007,ARRIVAL,2026-09-21T15:07:00Z
HUB_SMG,PKG-00162,ARRIVAL,2026-09-07T10:42:00Z
HUB_DPS,PKG-00179,ARRIVAL,2026-09-05T20:59:00Z
HUB_SMG,PKG-00085,ARRIVAL,2026-09-03T11:25:00Z
HUB_SMG,PKG-00130,ARRIVAL,2026-09-08T21:10:00Z
HUB_MKS,PKG-00299,ARRIVAL,2026-09-14T15:59:00Z
HUB_SMG,PKG-00206,DEPARTURE,2026-09-10T22:17:00Z
HUB_MKS,PKG-00069,DEPARTURE,2026-09-09T03:14:24Z
HUB_JKT,PKG-00486,ARRIVAL,2026-09-25T06:06:00Z
HUB_SBY,PKG-00358,DEPARTURE,2026-09-02T04:20:12Z
HUB_JKT,PKG-00356,ARRIVAL,2026-09-14T03:56:00Z
HUB_BDG,PKG-00012,DEPARTURE,2026-09-02T19:28:12Z
HUB_SBY,PKG-00170,DEPARTURE,2026-09-11T14:48:48Z
HUB_MKS,REVERSE-1,DEPARTURE,2026-09-01T00:00:00Z
HUB_SBY,PKG-00369,ARRIVAL,2026-09-14T20:09:00Z
HUB_JKT,PKG-00286,DEPARTURE,2026-09-24T14:55:36Z
HUB_BDG,PKG-00077,DEPARTURE,2026-09-16T19:44:00Z
HUB_MKS,PKG-00335,ARRIVAL,2026-09-10T18:35:00Z
HUB_SBY,PKG-00115,DEPARTURE,2026-09-22T11:02:12Z
HUB_SMG,PKG-00200,ARRIVAL,2026-09-08T20:20:00Z
HUB_MKS,PKG-00259,ARRIVAL,2026-09-10T06:19:00Z
HUB_JKT,PKG-00485,ARRIVAL,2026-09-01T17:05:00Z
HUB_MKS,PKG-00226,ARRIVAL,2026-09-08T20:46:00Z
HUB_MKS,PKG-00010,DEPARTURE,2026-09-13T12:26:12Z
HUB_JKT,PKG-00457,ARRIVAL,2026-09-11T14:37:00Z
HUB_DPS,PKG-00097,ARRIVAL,2026-09-25T16:37:00Z
HUB_MKS,PKG-00139,DEPARTURE,2026-09-04T08:41:12Z
HUB_SBY,PKG-00268,DEPARTURE,2026-09-08T04:32:48Z
HUB_DPS,PKG-00102,DEPARTURE,2026-09-02T07:22:48Z
HUB_DPS,PKG-00156,DEPARTURE,2026-09-02T15:15:36Z
HUB_JKT,PKG-00218,ARRIVAL,2026-09-07T00:38:00Z
HUB_JKT,PKG-00236,DEPARTURE,2026-09-08T21:36:12Z
HUB_MKS,PKG-00030,ARRIVAL,2026-09-10T00:30:00Z
HUB_MKS,PKG-00077,ARRIVAL,2026-09-13T13:17:00Z
HUB_BDG,PKG-00241,ARRIVAL,2026-09-11T23:01:00Z
HUB_BDG,PKG-00024,ARRIVAL,2026-09-24T11:24:00Z
HUB_JKT,PKG-00435,DEPARTURE,2026-09-01T19:22:48Z
HUB_MED,PKG-00063,DEPARTURE,2026-09-03T01:09:36Z
HUB_JKT,PKG-00419,ARRIVAL,2026-09-11T21:59:00Z
HUB_JKT,MISS-A-3,DEPARTURE,2026-09-01T03:00:00Z
HUB_BDG,PKG-00133,ARRIVAL,2026-09-13T14:13:00Z
HUB_SMG,PKG-00073,DEPARTURE,2026-09-25T15:56:12Z
HUB_JKT,PKG-00278,ARRIVAL,2026-09-09T05:38:00Z
HUB_MKS,PKG-00048,DEPARTURE,2026-09-01T13:14:24Z
HUB_BDG,PKG-00234,ARRIVAL,2026-09-24T08:54:00Z
HUB_MED,PKG-00089,DEPARTURE,2026-09-19T04:33:48Z
HUB_BDG,PKG-00246,ARRIVAL,2026-09-06T03:06:00Z
HUB_MKS,PKG-00252,DEPARTURE,2026-09-10T11:34:48Z
HUB_MKS,PKG-00148,ARRIVAL,2026-09-01T15:28:00Z
HUB_JKT,PKG-00261,ARRIVAL,2026-09-24T12:21:00Z
HUB_BDG,PKG-00123,ARRIVAL,2026-09-15T08:03:00Z
HUB_JKT,PKG-00108,ARRIVAL,2026-09-08T15:48:00Z
HUB_JKT,PKG-00285,DEPARTURE,2026-09-19T22:45:00Z
HUB_DPS,PKG-00039,ARRIVAL,2026-09-16T08:39:00Z
HUB_SBY,PKG-00334,DEPARTURE,2026-09-20T06:02:12Z
HUB_SBY,PKG-00150,ARRIVAL,2026-09-09T20:30:00Z
HUB_MKS,PKG-00040,ARRIVAL,2026-09-13T01:40:00Z
HUB_JKT,PKG-00404,DEPARTURE,2026-09-01T18:30:48Z
HUB_JKT,PKG-00173,DEPARTURE,2026-09-18T05:24:48Z
HUB_MKS,PKG-00295,ARRIVAL,2026-09-02T09:55:00Z
HUB_SMG,PKG-00206,ARRIVAL,2026-09-10T14:26:00Z
HUB_JKT,PKG-00393,DEPARTURE,2026-09-19T02:13:12Z
HUB_JKT,PKG-00408,ARRIVAL,2026-09-14T23:48:00Z
HUB_SBY,PKG-00052,DEPARTURE,2026-09-21T18:44:48Z
HUB_MKS,PKG-00345,ARRIVAL,2026-09-21T14:45:00Z
HUB_JKT,PKG-00239,ARRIVAL,2026-09-03T10:59:00Z
HUB_BDG,PKG-00134,DEPARTURE,2026-09-11T05:27:48Z
HUB_SBY,PKG-00141,ARRIVAL,2026-09-08T21:21:00Z
HUB_BDG,PKG-00207,DEPARTURE,2026-09-13T17:46:12Z
HUB_SMG,PKG-00017,DEPARTURE,2026-09-24T05:32:00Z
HUB_JKT,PKG-00160,ARRIVAL,2026-09-17T22:40:00Z
HUB_MED,PKG-00110,ARRIVAL,2026-09-19T06:50:00Z
HUB_JKT,PKG-00052,DEPARTURE,2026-09-21T17:49:00Z
HUB_MKS,PKG-00041,DEPARTURE,2026-09-15T01:53:00Z
HUB_JKT,PKG-00287,DEPARTURE,2026-09-07T14:00:48Z
HUB_DPS,PKG-00059,ARRIVAL,2026-09-16T23:59:00Z
HUB_MKS,PKG-00246,ARRIVAL,2026-09-03T19:06:00Z
HUB_JKT,MISS-A-2,DEPARTURE,2026-09-01T03:00:00Z
HUB_SMG,PKG-00047,ARRIVAL,2026-09-11T07:47:00Z
HUB_SMG,PKG-00068,DEPARTURE,2026-09-25T01:23:36Z
HUB_MKS,PKG-00345,DEPARTURE,2026-09-22T00:51:00Z
HUB_DPS,PKG-00028,ARRIVAL,2026-09-23T18:28:00Z
HUB_SBY,PKG-00030,DEPARTURE,2026-09-06T05:23:24Z
HUB_BDG,PKG-00086,DEPARTURE,2026-09-01T21:25:24Z
HUB_MKS,PKG-00167,DEPARTURE,2026-09-12T18:44:36Z
HUB_MED,BAD-TS-1,ARRIVAL,not-a-date
HUB_JKT,PKG-00087,DEPARTURE,2026-09-17T04:40:12Z
HUB_JKT,PKG-00110,DEPARTURE,2026-09-06T20:59:00Z
HUB_MKS,PKG-00237,ARRIVAL,2026-09-13T01:57:00Z
HUB_JKT,PKG-00076,ARRIVAL,2026-09-05T21:16:00Z
HUB_JKT,PKG-00247,DEPARTURE,2026-09-02T13:50:48Z
HUB_JKT,PKG-00333,ARRIVAL,2026-09-08T20:33:00Z
HUB_JKT,PKG-00167,ARRIVAL,2026-09-13T04:47:00Z
HUB_SBY,PKG-00193,ARRIVAL,2026-09-19T15:13:00Z
HUB_MKS,PKG-00152,DEPARTURE,2026-09-13T19:36:12Z
HUB_BDG,PKG-00070,ARRIVAL,2026-09-01T17:10:00Z
HUB_JKT,PKG-00441,DEPARTURE,2026-09-11T22:03:00Z
HUB_SBY,PKG-00053,DEPARTURE,2026-09-09T21:11:00Z
HUB_DPS,PKG-00181,ARRIVAL,2026-09-01T06:01:00Z
HUB_DPS,PKG-00186,DEPARTURE,2026-09-12T00:02:24Z
HUB_MKS,PKG-00063,ARRIVAL,2026-09-22T22:03:00Z
HUB_BDG,PKG-00132,DEPARTURE,2026-09-21T09:51:36Z
HUB_BDG,PKG-00186,DEPARTURE,2026-09-08T09:03:00Z
HUB_BDG,PKG-00276,DEPARTURE,2026-09-25T10:03:36Z
HUB_JKT,PKG-00148,DEPARTURE,2026-09-02T02:49:36Z
HUB_BDG,PKG-00083,DEPARTURE,2026-09-03T07:48:48Z
HUB_SBY,BAD-TS-2,ARRIVAL,not-a-date
HUB_DPS,PKG-00037,DEPARTURE,2026-09-09T08:55:36Z
HUB_BDG,PKG-00011,ARRIVAL,2026-09-16T04:11:00Z
HUB_SBY,PKG-00280,ARRIVAL,2026-09-06T15:40:00Z
HUB_MED,PKG-00152,DEPARTURE,2026-09-07T05:23:36Z
HUB_DPS,PKG-00010,DEPARTURE,2026-09-17T02:06:24Z
HUB_SMG,PKG-00232,ARRIVAL,2026-09-10T14:52:00Z
HUB_BDG,PKG-00230,DEPARTURE,2026-09-20T18:48:12Z
HUB_MKS,PKG-00092,DEPARTURE,2026-09-11T04:52:24Z
HUB_JKT,MISS-D-3,ARRIVAL,2026-09-01T00:00:00Z
HUB_MED,PKG-00125,DEPARTURE,2026-09-10T16:15:48Z
HUB_MKS,PKG-00063,DEPARTURE,2026-09-23T07:36:36Z
HUB_MED,PKG-00155,ARRIVAL,2026-09-17T10:35:00Z
HUB_MED,PKG-00166,ARRIVAL,2026-09-16T01:46:00Z
HUB_SMG,BAD-TS-2,ARRIVAL,not-a-date
HUB_BDG,PKG-00027,ARRIVAL,2026-09-06T18:27:00Z
HUB_SMG,PKG-00227,DEPARTURE,2026-09-19T08:38:36Z
HUB_JKT,PKG-00183,ARRIVAL,2026-09-13T02:03:00Z
HUB_MKS,PKG-00160,ARRIVAL,2026-09-08T05:40:00Z
HUB_SBY,PKG-00383,ARRIVAL,2026-09-09T07:23:00Z
HUB_SMG,PKG-00191,ARRIVAL,2026-09-19T13:11:00Z
HUB_BDG,PKG-00080,ARRIVAL,2026-09-14T19:20:00Z
HUB_MED,PKG-00112,DEPARTURE,2026-09-23T21:34:00Z
HUB_REMOTE,PKG-00000,DEPARTURE,2026-09-03T13:00:00Z
HUB_DPS,PKG-00183,ARRIVAL,2026-09-21T12:03:00Z
HUB_DPS,PKG-00131,ARRIVAL,2026-09-17T10:11:00Z
HUB_MKS,PKG-00023,ARRIVAL,2026-09-06T08:23:00Z
HUB_BDG,PKG-00123,DEPARTURE,2026-09-15T12:53:24Z
HUB_BDG,PKG-00036,ARRIVAL,2026-09-22T09:36:00Z
HUB_JKT,PKG-00305,DEPARTURE,2026-09-12T21:41:00Z
HUB_SBY,PKG-00120,DEPARTURE,2026-09-18T15:57:36Z
HUB_SBY,PKG-00340,DEPARTURE,2026-09-02T00:52:36Z
HUB_SBY,PKG-00381,ARRIVAL,2026-09-18T22:21:00Z
HUB_JKT,PKG-00456,DEPARTURE,2026-09-12T06:43:48Z
HUB_MED,PKG-00061,ARRIVAL,2026-09-24T21:01:00Z
HUB_SMG,PKG-00007,ARRIVAL,2026-09-08T18:07:00Z
HUB_MKS,MISS-D-4,ARRIVAL,2026-09-01T00:00:00Z
HUB_JKT,PKG-00483,DEPARTURE,2026-09-23T12:36:00Z
HUB_JKT,PKG-00071,DEPARTURE,2026-09-08T09:07:24Z
HUB_SBY,PKG-00335,ARRIVAL,2026-09-13T08:35:00Z
HUB_MKS,PKG-00107,ARRIVAL,2026-09-14T04:47:00Z
HUB_SBY,PKG-00017,ARRIVAL,2026-09-25T07:17:00Z
HUB_JKT,PKG-00082,DEPARTURE,2026-09-12T12:08:12Z
HUB_BDG,PKG-00049,ARRIVAL,2026-09-25T21:49:00Z
